course_id,category_id,original_name,suggested_display_name,display_status,suggested_course_family,family_status,family_confidence,overall_status,data_quality_status,recommended_action,quality_reason,suggestion_source,note
1606,176," Database System Implementation","Database System Implementation",approved,,none,,approved_display,valid_candidate,keep,"No obvious demo, test, placeholder, or restoration marker.",safe_formatting,"Normalized outer, repeated, or non-breaking whitespace."
1170,95," T1MSB-S1-T1MSBIT-Supervise application of basic computer software such as Ms Office and e-mail","T1MSB-S1-T1MSBIT-Supervise application of basic computer software such as Ms Office and e-mail",approved,"Supervise application of basic computer software such as Ms Office and e-mail",review,low,review_family,valid_candidate,keep,"No obvious demo, test, placeholder, or restoration marker.",conservative_pattern,"Normalized outer, repeated, or non-breaking whitespace. Automatically extracted from course-code, year, cohort, teacher, or duplicate-instance text; review before import."
1317,90,"2023-24-I2TC-S1-DTCI21DSP Data Structure and Programming I","2023-24-I2TC-S1-DTCI21DSP Data Structure and Programming I",unchanged,"Data Structure and Programming",review,medium,review_family,valid_candidate,keep,"No obvious demo, test, placeholder, or restoration marker.",provided_cleanup_csv,"Use as an analytics family; preserve level, exam, semester, teacher, or cohort details in the display name."
1553,90,"2023-24-I2TC-S2-DTCI22DSP Data Structure and Programming II","2023-24-I2TC-S2-DTCI22DSP Data Structure and Programming II",unchanged,"Data Structure and Programming",review,medium,review_family,valid_candidate,keep,"No obvious demo, test, placeholder, or restoration marker.",provided_cleanup_csv,"Use as an analytics family; preserve level, exam, semester, teacher, or cohort details in the display name."
1696,90,"2024-25-I2TC-S1-DTCI21DSP Data Structure and Programming I-ccun","2024-25-I2TC-S1-DTCI21DSP Data Structure and Programming I-ccun",unchanged,"Data Structure and Programming",review,medium,review_family,valid_candidate,keep,"No obvious demo, test, placeholder, or restoration marker.",provided_cleanup_csv,"Use as an analytics family; preserve level, exam, semester, teacher, or cohort details in the display name."
1802,90,"2024-25-I2TC-S2-DTCI22DSP Data Structure and Programming II-ccun","2024-25-I2TC-S2-DTCI22DSP Data Structure and Programming II-ccun",unchanged,"Data Structure and Programming",review,medium,review_family,valid_candidate,keep,"No obvious demo, test, placeholder, or restoration marker.",provided_cleanup_csv,"Use as an analytics family; preserve level, exam, semester, teacher, or cohort details in the display name."
28,15,"A Versatile Machine","A Versatile Machine",unchanged,,none,,unchanged,valid_candidate,keep,"No obvious demo, test, placeholder, or restoration marker.",none,
1583,191,"ACC101 Principles of Accounting & Practice","ACC101 Principles of Accounting & Practice",unchanged,"Principles of Accounting & Practice",review,low,review_family,valid_candidate,keep,"No obvious demo, test, placeholder, or restoration marker.",conservative_pattern,"Automatically extracted from course-code, year, cohort, teacher, or duplicate-instance text; review before import."
1579,182,"Advance Java Programming","Advance Java Programming",unchanged,,none,,unchanged,valid_candidate,keep,"No obvious demo, test, placeholder, or restoration marker.",none,
1633,381,"Advanced Object Programming Language","Advanced Object Programming Language",unchanged,,none,,unchanged,valid_candidate,keep,"No obvious demo, test, placeholder, or restoration marker.",none,
1628,384,"Advanced Programming Language (C++)","Advanced Programming Language (C++)",unchanged,,none,,unchanged,valid_candidate,keep,"No obvious demo, test, placeholder, or restoration marker.",none,
25,13,"Agrarian System Analysis And Diagnosis","Agrarian System Analysis And Diagnosis",unchanged,,none,,unchanged,valid_candidate,keep,"No obvious demo, test, placeholder, or restoration marker.",none,
23,13,"Agrarian Transition And Opportunity Windows For Agroecological Innovation","Agrarian Transition And Opportunity Windows For Agroecological Innovation",unchanged,,none,,unchanged,valid_candidate,keep,"No obvious demo, test, placeholder, or restoration marker.",none,
179,31,"Agri-Food Supply Chain","Agri-Food Supply Chain",unchanged,,none,,unchanged,valid_candidate,keep,"No obvious demo, test, placeholder, or restoration marker.",none,
1662,197,"Agricultural Economics","Agricultural Economics",unchanged,,none,,unchanged,valid_candidate,keep,"No obvious demo, test, placeholder, or restoration marker.",none,
1596,208,"Agricultural Extension","Agricultural Extension",unchanged,,none,,unchanged,valid_candidate,keep,"No obvious demo, test, placeholder, or restoration marker.",none,
56,22,"Algorithm and programming","Algorithm and Programming",approved,"Algorithm and Programming",approved,high,approved_display,valid_candidate,keep,"No obvious demo, test, placeholder, or restoration marker.",provided_cleanup_csv,"Provided cleanup is a formatting, capitalization, or punctuation correction."
79,6,"Algorithm and Programming I & II","Algorithm and Programming I & II",unchanged,"Algorithm and Programming",review,medium,review_family,valid_candidate,keep,"No obvious demo, test, placeholder, or restoration marker.",provided_cleanup_csv,"Use as an analytics family; preserve level, exam, semester, teacher, or cohort details in the display name."
1750,357,"Analog Electronics","Analog Electronics",unchanged,,none,,unchanged,valid_candidate,keep,"No obvious demo, test, placeholder, or restoration marker.",none,
205,6,"Articulate rise tutorials","Articulate rise tutorials",unchanged,,none,,unchanged,valid_candidate,keep,"No obvious demo, test, placeholder, or restoration marker.",none,
124,35,"AUF BasicMoodleTraining T1","AUF BasicMoodleTraining T1",unchanged,"AUF BasicMoodleTraining",review,medium,review_family,valid_candidate,keep,"No obvious demo, test, placeholder, or restoration marker.",provided_cleanup_csv,"Use as an analytics family; preserve level, exam, semester, teacher, or cohort details in the display name."
126,35,"AUF BasicMoodleTraining T3","AUF BasicMoodleTraining T3",unchanged,"AUF BasicMoodleTraining",review,medium,review_family,valid_candidate,keep,"No obvious demo, test, placeholder, or restoration marker.",provided_cleanup_csv,"Use as an analytics family; preserve level, exam, semester, teacher, or cohort details in the display name."
127,35,"AUF BasicMoodleTraining T4","AUF BasicMoodleTraining T4",unchanged,"AUF BasicMoodleTraining",review,medium,review_family,valid_candidate,keep,"No obvious demo, test, placeholder, or restoration marker.",provided_cleanup_csv,"Use as an analytics family; preserve level, exam, semester, teacher, or cohort details in the display name."
128,35,"AUF BasicMoodleTraining T5","AUF BasicMoodleTraining T5",unchanged,"AUF BasicMoodleTraining",review,medium,review_family,valid_candidate,keep,"No obvious demo, test, placeholder, or restoration marker.",provided_cleanup_csv,"Use as an analytics family; preserve level, exam, semester, teacher, or cohort details in the display name."
130,35,"AUF BasicMoodleTraining T6","AUF BasicMoodleTraining T6",unchanged,"AUF BasicMoodleTraining",review,medium,review_family,valid_candidate,keep,"No obvious demo, test, placeholder, or restoration marker.",provided_cleanup_csv,"Use as an analytics family; preserve level, exam, semester, teacher, or cohort details in the display name."
131,35,"AUF BasicMoodleTraining T7","AUF BasicMoodleTraining T7",unchanged,"AUF BasicMoodleTraining",review,medium,review_family,valid_candidate,keep,"No obvious demo, test, placeholder, or restoration marker.",provided_cleanup_csv,"Use as an analytics family; preserve level, exam, semester, teacher, or cohort details in the display name."
132,35,"AUF BasicMoodleTraining T8","AUF BasicMoodleTraining T8",unchanged,"AUF BasicMoodleTraining",review,medium,review_family,valid_candidate,keep,"No obvious demo, test, placeholder, or restoration marker.",provided_cleanup_csv,"Use as an analytics family; preserve level, exam, semester, teacher, or cohort details in the display name."
133,35,"AUF BasicMoodleTraining T9","AUF BasicMoodleTraining T9",unchanged,"AUF BasicMoodleTraining",review,medium,review_family,valid_candidate,keep,"No obvious demo, test, placeholder, or restoration marker.",provided_cleanup_csv,"Use as an analytics family; preserve level, exam, semester, teacher, or cohort details in the display name."
98,33,"AUF-UHS (Prof. HENG Solida)","AUF-UHS (Prof. HENG Solida)",unchanged,AUF-USH,review,medium,review_family,valid_candidate,keep,"No obvious demo, test, placeholder, or restoration marker.",provided_cleanup_csv,"Use as an analytics family; preserve level, exam, semester, teacher, or cohort details in the display name."
100,33,"AUF-UHS (Prof. Neang Mom)","AUF-UHS (Prof. Neang Mom)",unchanged,AUF-USH,review,medium,review_family,valid_candidate,keep,"No obvious demo, test, placeholder, or restoration marker.",provided_cleanup_csv,"Use as an analytics family; preserve level, exam, semester, teacher, or cohort details in the display name."
99,33,"AUF-UHS (Prof. Tep Rainsy)","AUF-UHS (Prof. Tep Rainsy)",unchanged,AUF-USH,review,medium,review_family,valid_candidate,keep,"No obvious demo, test, placeholder, or restoration marker.",provided_cleanup_csv,"Use as an analytics family; preserve level, exam, semester, teacher, or cohort details in the display name."
135,36,"AUF-UHS Advance Trainig (G1)","AUF-UHS Advance Trainig (G1)",unchanged,AUF-USH,review,medium,review_family,valid_candidate,keep,"No obvious demo, test, placeholder, or restoration marker.",provided_cleanup_csv,"Use as an analytics family; preserve level, exam, semester, teacher, or cohort details in the display name."
136,36,"AUF-UHS Advance Trainig (G2)","AUF-UHS Advance Trainig (G2)",unchanged,AUF-USH,review,medium,review_family,valid_candidate,keep,"No obvious demo, test, placeholder, or restoration marker.",provided_cleanup_csv,"Use as an analytics family; preserve level, exam, semester, teacher, or cohort details in the display name."
137,36,"AUF-UHS Advance Trainig (G3)","AUF-UHS Advance Trainig (G3)",unchanged,AUF-USH,review,medium,review_family,valid_candidate,keep,"No obvious demo, test, placeholder, or restoration marker.",provided_cleanup_csv,"Use as an analytics family; preserve level, exam, semester, teacher, or cohort details in the display name."
138,36,"AUF-UHS Advance Trainig (G4)","AUF-UHS Advance Trainig (G4)",unchanged,AUF-USH,review,medium,review_family,valid_candidate,keep,"No obvious demo, test, placeholder, or restoration marker.",provided_cleanup_csv,"Use as an analytics family; preserve level, exam, semester, teacher, or cohort details in the display name."
139,36,"AUF-UHS Advance Trainig (G5)","AUF-UHS Advance Trainig (G5)",unchanged,AUF-USH,review,medium,review_family,valid_candidate,keep,"No obvious demo, test, placeholder, or restoration marker.",provided_cleanup_csv,"Use as an analytics family; preserve level, exam, semester, teacher, or cohort details in the display name."
140,36,"AUF-UHS Advance Trainig (G6)","AUF-UHS Advance Trainig (G6)",unchanged,AUF-USH,review,medium,review_family,valid_candidate,keep,"No obvious demo, test, placeholder, or restoration marker.",provided_cleanup_csv,"Use as an analytics family; preserve level, exam, semester, teacher, or cohort details in the display name."
141,36,"AUF-UHS Advance Trainig (G7)","AUF-UHS Advance Trainig (G7)",unchanged,AUF-USH,review,medium,review_family,valid_candidate,keep,"No obvious demo, test, placeholder, or restoration marker.",provided_cleanup_csv,"Use as an analytics family; preserve level, exam, semester, teacher, or cohort details in the display name."
91,33,"AUF-UHS Training (G1)","AUF-UHS Training (G1)",unchanged,AUF-USH,review,medium,review_family,valid_candidate,keep,"No obvious demo, test, placeholder, or restoration marker.",provided_cleanup_csv,"Use as an analytics family; preserve level, exam, semester, teacher, or cohort details in the display name."
92,33,"AUF-UHS Training (G2)","AUF-UHS Training (G2)",unchanged,AUF-USH,review,medium,review_family,valid_candidate,keep,"No obvious demo, test, placeholder, or restoration marker.",provided_cleanup_csv,"Use as an analytics family; preserve level, exam, semester, teacher, or cohort details in the display name."
93,33,"AUF-UHS Training (G3)","AUF-UHS Training (G3)",unchanged,AUF-USH,review,medium,review_family,valid_candidate,keep,"No obvious demo, test, placeholder, or restoration marker.",provided_cleanup_csv,"Use as an analytics family; preserve level, exam, semester, teacher, or cohort details in the display name."
94,33,"AUF-UHS Training (G4)","AUF-UHS Training (G4)",unchanged,AUF-USH,review,medium,review_family,valid_candidate,keep,"No obvious demo, test, placeholder, or restoration marker.",provided_cleanup_csv,"Use as an analytics family; preserve level, exam, semester, teacher, or cohort details in the display name."
95,33,"AUF-UHS Training (G5)","AUF-UHS Training (G5)",unchanged,AUF-USH,review,medium,review_family,valid_candidate,keep,"No obvious demo, test, placeholder, or restoration marker.",provided_cleanup_csv,"Use as an analytics family; preserve level, exam, semester, teacher, or cohort details in the display name."
96,33,"AUF-UHS Training (G6)","AUF-UHS Training (G6)",unchanged,AUF-USH,review,medium,review_family,valid_candidate,keep,"No obvious demo, test, placeholder, or restoration marker.",provided_cleanup_csv,"Use as an analytics family; preserve level, exam, semester, teacher, or cohort details in the display name."
66,25,AutoCAD,AutoCAD,unchanged,,none,,unchanged,valid_candidate,keep,"No obvious demo, test, placeholder, or restoration marker.",none,
1644,384,BAC_NUM,BAC-NUM,approved,BAC-NUM,approved,high,approved_display,valid_candidate,keep,"No obvious demo, test, placeholder, or restoration marker.",provided_cleanup_csv,"Provided cleanup is a formatting, capitalization, or punctuation correction."
1643,384,BAC-NUM,BAC-NUM,approved,BAC-NUM,approved,high,approved_display,valid_candidate,keep,"No obvious demo, test, placeholder, or restoration marker.",provided_cleanup_csv,"Provided cleanup is a formatting, capitalization, or punctuation correction."
1578,182,"Basic Java Programming","Basic Java Programming",approved,"Basic Java Programming",approved,high,approved_display,valid_candidate,keep,"No obvious demo, test, placeholder, or restoration marker.",provided_cleanup_csv,"Provided cleanup is a formatting, capitalization, or punctuation correction."
1581,379,"Basic Java Programming Language","Basic Java Programming Language",unchanged,"Basic Java Programming",review,medium,review_family,valid_candidate,keep,"No obvious demo, test, placeholder, or restoration marker.",provided_cleanup_csv,"Use as an analytics family; preserve level, exam, semester, teacher, or cohort details in the display name."
87,6,"Basic Programming 101","Basic Programming 101",unchanged,"Basic Programming",review,medium,review_family,valid_candidate,keep,"No obvious demo, test, placeholder, or restoration marker.",provided_cleanup_csv,"Use as an analytics family; preserve level, exam, semester, teacher, or cohort details in the display name."
1730,371,"Basic Programming Language (C++I)","Basic Programming Language (C++I)",unchanged,"Basic Programming",review,medium,review_family,valid_candidate,keep,"No obvious demo, test, placeholder, or restoration marker.",provided_cleanup_csv,"Use as an analytics family; preserve level, exam, semester, teacher, or cohort details in the display name."
2106,207,Biochemistry,Biochemistry,unchanged,,none,,unchanged,valid_candidate,keep,"No obvious demo, test, placeholder, or restoration marker.",none,
1637,207,Biology,Biology,unchanged,,none,,unchanged,valid_candidate,keep,"No obvious demo, test, placeholder, or restoration marker.",none,
1585,365,"Body Structure and Function I","Body Structure and Function I",unchanged,"Body Structure and Function",review,medium,review_family,valid_candidate,keep,"No obvious demo, test, placeholder, or restoration marker.",provided_cleanup_csv,"Use as an analytics family; preserve level, exam, semester, teacher, or cohort details in the display name."
1586,365,"Body Structure and Function II","Body Structure and Function II",unchanged,"Body Structure and Function",review,medium,review_family,valid_candidate,keep,"No obvious demo, test, placeholder, or restoration marker.",provided_cleanup_csv,"Use as an analytics family; preserve level, exam, semester, teacher, or cohort details in the display name."
97,33,"BRESTFEEDING COUNSELING","BRESTFEEDING COUNSELING",unchanged,,none,,unchanged,valid_candidate,keep,"No obvious demo, test, placeholder, or restoration marker.",none,
29,12,"Building A Healthy Soil","Building A Healthy Soil",unchanged,,none,,unchanged,valid_candidate,keep,"No obvious demo, test, placeholder, or restoration marker.",none,
44,52,"Building Sanitary and Plumbing Design ","Building Sanitary and Plumbing Design",approved,,none,,approved_display,valid_candidate,keep,"No obvious demo, test, placeholder, or restoration marker.",safe_formatting,"Normalized outer, repeated, or non-breaking whitespace."
1703,270,"C++ Programming","C++ Programming",unchanged,,none,,unchanged,valid_candidate,keep,"No obvious demo, test, placeholder, or restoration marker.",none,
71,23,Calculus,Calculus,approved,Calculus,approved,high,approved_display,valid_candidate,keep,"No obvious demo, test, placeholder, or restoration marker.",provided_cleanup_csv,"Provided cleanup is a formatting, capitalization, or punctuation correction."
1784,362,"Calculus (BUN Chantha)","Calculus (BUN Chantha)",unchanged,Calculus,review,medium,review_family,valid_candidate,keep,"No obvious demo, test, placeholder, or restoration marker.",provided_cleanup_csv,"Use as an analytics family; preserve level, exam, semester, teacher, or cohort details in the display name."
1789,362,"Calculus (CHAP Sopheap)","Calculus (CHAP Sopheap)",unchanged,Calculus,review,medium,review_family,valid_candidate,keep,"No obvious demo, test, placeholder, or restoration marker.",provided_cleanup_csv,"Use as an analytics family; preserve level, exam, semester, teacher, or cohort details in the display name."
1794,362,"Calculus (IM Champong)","Calculus (IM Champong)",unchanged,Calculus,review,medium,review_family,valid_candidate,keep,"No obvious demo, test, placeholder, or restoration marker.",provided_cleanup_csv,"Use as an analytics family; preserve level, exam, semester, teacher, or cohort details in the display name."
1791,362,"Calculus (PHOUNG Sokchan)","Calculus (PHOUNG Sokchan)",unchanged,Calculus,review,medium,review_family,valid_candidate,keep,"No obvious demo, test, placeholder, or restoration marker.",provided_cleanup_csv,"Use as an analytics family; preserve level, exam, semester, teacher, or cohort details in the display name."
1792,362,"Calculus (SEANG Sokly)","Calculus (SEANG Sokly)",unchanged,Calculus,review,medium,review_family,valid_candidate,keep,"No obvious demo, test, placeholder, or restoration marker.",provided_cleanup_csv,"Use as an analytics family; preserve level, exam, semester, teacher, or cohort details in the display name."
1793,362,"Calculus (SO Chandara)","Calculus (SO Chandara)",unchanged,Calculus,review,medium,review_family,valid_candidate,keep,"No obvious demo, test, placeholder, or restoration marker.",provided_cleanup_csv,"Use as an analytics family; preserve level, exam, semester, teacher, or cohort details in the display name."
1790,362,"Calculus (Thap Kylean)","Calculus (Thap Kylean)",unchanged,Calculus,review,medium,review_family,valid_candidate,keep,"No obvious demo, test, placeholder, or restoration marker.",provided_cleanup_csv,"Use as an analytics family; preserve level, exam, semester, teacher, or cohort details in the display name."
163,10,"Calculus I Exam","Calculus I Exam",unchanged,Calculus,review,medium,review_family,valid_candidate,keep,"No obvious demo, test, placeholder, or restoration marker.",provided_cleanup_csv,"Use as an analytics family; preserve level, exam, semester, teacher, or cohort details in the display name."
160,10,"Calculus II Exam","Calculus II Exam",unchanged,Calculus,review,medium,review_family,valid_candidate,keep,"No obvious demo, test, placeholder, or restoration marker.",provided_cleanup_csv,"Use as an analytics family; preserve level, exam, semester, teacher, or cohort details in the display name."
159,10,"Calculus III Exam","Calculus III Exam",unchanged,Calculus,review,medium,review_family,valid_candidate,keep,"No obvious demo, test, placeholder, or restoration marker.",provided_cleanup_csv,"Use as an analytics family; preserve level, exam, semester, teacher, or cohort details in the display name."
65,25,"CAO Dimension","CAO Dimension",unchanged,,none,,unchanged,valid_candidate,keep,"No obvious demo, test, placeholder, or restoration marker.",none,
170,162,"CEHETLI Resources","CEHETLI Resources",approved,"CEHETLI Resources",approved,high,approved_display,valid_candidate,keep,"No obvious demo, test, placeholder, or restoration marker.",provided_cleanup_csv,"Provided cleanup is a formatting, capitalization, or punctuation correction."
1321,6,"CEHETLI Resources 04-01-24","CEHETLI Resources 04-01-24",unchanged,"CEHETLI Resources",review,medium,review_family,valid_candidate,keep,"No obvious demo, test, placeholder, or restoration marker.",provided_cleanup_csv,"Use as an analytics family; preserve level, exam, semester, teacher, or cohort details in the display name."
2060,375,"Cisco ITE1","Cisco ITE1",unchanged,"Cisco ITE",review,medium,review_family,valid_candidate,keep,"No obvious demo, test, placeholder, or restoration marker.",provided_cleanup_csv,"Use as an analytics family; preserve level, exam, semester, teacher, or cohort details in the display name."
2064,376,"Cisco ITE2","Cisco ITE2",unchanged,"Cisco ITE",review,medium,review_family,valid_candidate,keep,"No obvious demo, test, placeholder, or restoration marker.",provided_cleanup_csv,"Use as an analytics family; preserve level, exam, semester, teacher, or cohort details in the display name."
2101,383,"Cisco Network Course 2-B","Cisco Network Course 2-B",unchanged,"Cisco Network Courses",review,medium,review_family,valid_candidate,keep,"No obvious demo, test, placeholder, or restoration marker.",provided_cleanup_csv,"Use as an analytics family; preserve level, exam, semester, teacher, or cohort details in the display name."
2076,378,"Cisco Networking Course  1-B","Cisco Networking Course 1-B",approved,,none,,approved_display,valid_candidate,keep,"No obvious demo, test, placeholder, or restoration marker.",safe_formatting,"Normalized outer, repeated, or non-breaking whitespace."
2087,381,"Cisco Networking Course  2-B","Cisco Networking Course 2-B",approved,,none,,approved_display,valid_candidate,keep,"No obvious demo, test, placeholder, or restoration marker.",safe_formatting,"Normalized outer, repeated, or non-breaking whitespace."
2094,383,"Cisco Networking Course  3-B","Cisco Networking Course 3-B",approved,,none,,approved_display,valid_candidate,keep,"No obvious demo, test, placeholder, or restoration marker.",safe_formatting,"Normalized outer, repeated, or non-breaking whitespace."
2071,377,"Cisco Networking Course 1-A","Cisco Networking Course 1-A",unchanged,,none,,unchanged,valid_candidate,keep,"No obvious demo, test, placeholder, or restoration marker.",none,
2242,378,"Cisco Networking Course 1-B (Bamnang)","Cisco Networking Course 1-B (Bamnang)",unchanged,,none,,unchanged,valid_candidate,keep,"No obvious demo, test, placeholder, or restoration marker.",none,
2084,379,"Cisco Networking Course 2-A","Cisco Networking Course 2-A",unchanged,,none,,unchanged,valid_candidate,keep,"No obvious demo, test, placeholder, or restoration marker.",none,
2088,382,"Cisco Networking Course 3-A","Cisco Networking Course 3-A",unchanged,,none,,unchanged,valid_candidate,keep,"No obvious demo, test, placeholder, or restoration marker.",none,
1119,99,"Co-S1- DOCM11GS1 Graduate Seminar I","Co-S1- DOCM11GS1 Graduate Seminar I",unchanged,"DOCM11GS1 Graduate Seminar I",review,low,review_family,valid_candidate,keep,"No obvious demo, test, placeholder, or restoration marker.",conservative_pattern,"Automatically extracted from course-code, year, cohort, teacher, or duplicate-instance text; review before import."
1093,99,"Co-S1-DOCD11AST Applied Statistics","Co-S1-DOCD11AST Applied Statistics",unchanged,"Applied Statistics",review,low,review_family,valid_candidate,keep,"No obvious demo, test, placeholder, or restoration marker.",conservative_pattern,"Automatically extracted from course-code, year, cohort, teacher, or duplicate-instance text; review before import."
1314,99,"Co-S1-DOCD11ENT Entrepreneurship ","Co-S1-DOCD11ENT Entrepreneurship",approved,Entrepreneurship,review,low,review_family,valid_candidate,keep,"No obvious demo, test, placeholder, or restoration marker.",conservative_pattern,"Normalized outer, repeated, or non-breaking whitespace. Automatically extracted from course-code, year, cohort, teacher, or duplicate-instance text; review before import."
1118,99,"Co-S1-DOCD11PMR Project Management for Researchers","Co-S1-DOCD11PMR Project Management for Researchers",unchanged,"Project Management for Researchers",review,low,review_family,valid_candidate,keep,"No obvious demo, test, placeholder, or restoration marker.",conservative_pattern,"Automatically extracted from course-code, year, cohort, teacher, or duplicate-instance text; review before import."
1313,99,"Co-S1-DOCD11RES Research Methodology","Co-S1-DOCD11RES Research Methodology",unchanged,"Research Methodology",review,low,review_family,valid_candidate,keep,"No obvious demo, test, placeholder, or restoration marker.",conservative_pattern,"Automatically extracted from course-code, year, cohort, teacher, or duplicate-instance text; review before import."
1312,99,"Co-S1-DOCD11SCO Scientific Communication","Co-S1-DOCD11SCO Scientific Communication",unchanged,"Scientific Communication",review,low,review_family,valid_candidate,keep,"No obvious demo, test, placeholder, or restoration marker.",conservative_pattern,"Automatically extracted from course-code, year, cohort, teacher, or duplicate-instance text; review before import."
1142,99,"Co-S2-DOCM21GS2 Graduate Seminar II","Co-S2-DOCM21GS2 Graduate Seminar II",unchanged,"Graduate Seminar II",review,low,review_family,valid_candidate,keep,"No obvious demo, test, placeholder, or restoration marker.",conservative_pattern,"Automatically extracted from course-code, year, cohort, teacher, or duplicate-instance text; review before import."
1130,99,"Co-S2-DOCM22GS3 Graduate Seminar III","Co-S2-DOCM22GS3 Graduate Seminar III",unchanged,"Graduate Seminar III",review,low,review_family,valid_candidate,keep,"No obvious demo, test, placeholder, or restoration marker.",conservative_pattern,"Automatically extracted from course-code, year, cohort, teacher, or duplicate-instance text; review before import."
1617,337,"Computer Aided Design","Computer Aided Design",unchanged,,none,,unchanged,valid_candidate,keep,"No obvious demo, test, placeholder, or restoration marker.",none,
1649,337,"Computer Aided Design(2024)","Computer Aided Design(2024)",unchanged,,none,,unchanged,valid_candidate,keep,"No obvious demo, test, placeholder, or restoration marker.",none,
2055,337,"Computer Aided Design(2025)","Computer Aided Design(2025)",unchanged,,none,,unchanged,valid_candidate,keep,"No obvious demo, test, placeholder, or restoration marker.",none,
167,10,"Computer architecture","Computer architecture",unchanged,,none,,unchanged,valid_candidate,keep,"No obvious demo, test, placeholder, or restoration marker.",none,
1681,279,"Computer for Office S1001_AU","Computer for Office S1001_AU",unchanged,,none,,unchanged,valid_candidate,keep,"No obvious demo, test, placeholder, or restoration marker.",none,
1708,176,"Computer Network  I M1 Year 3","Computer Network I M1 Year 3",approved,,none,,approved_display,valid_candidate,keep,"No obvious demo, test, placeholder, or restoration marker.",safe_formatting,"Normalized outer, repeated, or non-breaking whitespace."
1714,176,"Computer Network I A3","Computer Network I A3",unchanged,,none,,unchanged,valid_candidate,keep,"No obvious demo, test, placeholder, or restoration marker.",none,
1729,176,"Computer Network I A4 Y3 2024","Computer Network I A4 Y3 2024",unchanged,"Computer Network I A4 Y3",review,low,review_family,valid_candidate,keep,"No obvious demo, test, placeholder, or restoration marker.",conservative_pattern,"Automatically extracted from course-code, year, cohort, teacher, or duplicate-instance text; review before import."
1724,176,"Computer Network I A5 Year 3","Computer Network I A5 Year 3",unchanged,,none,,unchanged,valid_candidate,keep,"No obvious demo, test, placeholder, or restoration marker.",none,
1726,176,"Computer Network I E1 Year 3","Computer Network I E1 Year 3",unchanged,,none,,unchanged,valid_candidate,keep,"No obvious demo, test, placeholder, or restoration marker.",none,
1727,176,"Computer Network I E2 Y3 2024","Computer Network I E2 Y3 2024",unchanged,"Computer Network I E2 Y3",review,low,review_family,valid_candidate,keep,"No obvious demo, test, placeholder, or restoration marker.",conservative_pattern,"Automatically extracted from course-code, year, cohort, teacher, or duplicate-instance text; review before import."
1723,176,"Computer Network I E3 Year 3","Computer Network I E3 Year 3",unchanged,,none,,unchanged,valid_candidate,keep,"No obvious demo, test, placeholder, or restoration marker.",none,
1709,176,"Computer Network I E4 Year 3","Computer Network I E4 Year 3",unchanged,,none,,unchanged,valid_candidate,keep,"No obvious demo, test, placeholder, or restoration marker.",none,
1722,176,"Computer Network I E5 Year 3","Computer Network I E5 Year 3",unchanged,,none,,unchanged,valid_candidate,keep,"No obvious demo, test, placeholder, or restoration marker.",none,
1728,176,"Computer Network I E7 Y3 2024","Computer Network I E7 Y3 2024",unchanged,"Computer Network I E7 Y3",review,low,review_family,valid_candidate,keep,"No obvious demo, test, placeholder, or restoration marker.",conservative_pattern,"Automatically extracted from course-code, year, cohort, teacher, or duplicate-instance text; review before import."
1725,176,"Computer Network I M2 Year 3","Computer Network I M2 Year 3",unchanged,,none,,unchanged,valid_candidate,keep,"No obvious demo, test, placeholder, or restoration marker.",none,
1648,176,"Computer Networks I M5 Year 3","Computer Networks I M5 Year 3",unchanged,,none,,unchanged,valid_candidate,keep,"No obvious demo, test, placeholder, or restoration marker.",none,
1711,176,"Computer Networks I M7 Year 3","Computer Networks I M7 Year 3",unchanged,,none,,unchanged,valid_candidate,keep,"No obvious demo, test, placeholder, or restoration marker.",none,
2068,377,"Computer Organization and Architecture 1","Computer Organization and Architecture 1",unchanged,,none,,unchanged,valid_candidate,keep,"No obvious demo, test, placeholder, or restoration marker.",none,
2073,378,"Computer Organization and Architecture 2","Computer Organization and Architecture 2",unchanged,,none,,unchanged,valid_candidate,keep,"No obvious demo, test, placeholder, or restoration marker.",none,
2078,379,"Computer Statistic ","Computer Statistic",approved,,none,,approved_display,valid_candidate,keep,"No obvious demo, test, placeholder, or restoration marker.",safe_formatting,"Normalized outer, repeated, or non-breaking whitespace."
129,6,"Computer Visions","Computer Visions",unchanged,,none,,unchanged,valid_candidate,keep,"No obvious demo, test, placeholder, or restoration marker.",none,
22,12,"Conservation Agriculture And Direct Mulch Based Cropping Systems","Conservation Agriculture And Direct Mulch Based Cropping Systems",unchanged,,none,,unchanged,valid_candidate,keep,"No obvious demo, test, placeholder, or restoration marker.",none,
1672,262,"Constitutional Law S1-CourseCode-2024-UME","Constitutional Law S1-CourseCode-2024-UME",unchanged,,none,,unchanged,valid_candidate,keep,"No obvious demo, test, placeholder, or restoration marker.",none,
84,17,"Construction en Bois","Construction en Bois",unchanged,,none,,unchanged,valid_candidate,keep,"No obvious demo, test, placeholder, or restoration marker.",none,
165,17,"Construction Métallique I","Construction Métallique I",unchanged,,none,,unchanged,valid_candidate,keep,"No obvious demo, test, placeholder, or restoration marker.",none,
105,6,"Content test","Content test",unchanged,,none,,unchanged,non_production,exclude_from_analytics,"Content test/testing placeholder.",none,
34,6,"Content Testing","Content Testing",unchanged,,none,,unchanged,non_production,exclude_from_analytics,"Content test/testing placeholder.",none,
1695,176,"Core Java Programming","Core Java Programming",unchanged,,none,,unchanged,valid_candidate,keep,"No obvious demo, test, placeholder, or restoration marker.",none,
81,80,"Cours de Français I1","Cours de Français I1",unchanged,,none,,unchanged,valid_candidate,keep,"No obvious demo, test, placeholder, or restoration marker.",none,
1318,6,"Course restoration in progress","Course restoration in progress",unchanged,,none,,unchanged,non_production,exclude_from_analytics,"Temporary course-restoration artifact.",none,
1319,6,"Course restoration in progress copy 1","Course restoration in progress copy 1",unchanged,"Course restoration in progress",review,low,review_family,non_production,exclude_from_analytics,"Temporary course-restoration artifact.",conservative_pattern,"Automatically extracted from course-code, year, cohort, teacher, or duplicate-instance text; review before import."
90,33,"Course structure","Course structure",unchanged,,none,,unchanged,valid_candidate,keep,"No obvious demo, test, placeholder, or restoration marker.",none,
1655,384,"Course Test restore UHST","Course Test restore UHST",unchanged,,none,,unchanged,non_production,exclude_from_analytics,"Name explicitly indicates a test course.",none,
1159,214,"Course Training ITC","Course Training ITC",unchanged,,none,,unchanged,valid_candidate,keep,"No obvious demo, test, placeholder, or restoration marker.",none,
180,214,CourseByCreatorRole,CourseByCreatorRole,unchanged,,none,,unchanged,non_production,exclude_from_analytics,"Role/permission behavior test course with negligible usage.",none,
1157,214,CourseTestLMS,CourseTestLMS,unchanged,,none,,unchanged,non_production,exclude_from_analytics,"Name explicitly indicates an LMS test course.",none,
30,12,"Cover Crop","Cover Crop",unchanged,,none,,unchanged,valid_candidate,keep,"No obvious demo, test, placeholder, or restoration marker.",none,
1574,178,"Critical Thinking 302","Critical Thinking 302",unchanged,,none,,unchanged,valid_candidate,keep,"No obvious demo, test, placeholder, or restoration marker.",none,
1801,178,"Critical Thinking 302","Critical Thinking 302",unchanged,,none,,unchanged,valid_candidate,keep,"No obvious demo, test, placeholder, or restoration marker.",none,
1551,112,"D1-S2-GSCD12DOE Design of Experiments","D1-S2-GSCD12DOE Design of Experiments",unchanged,"Design of Experiments",review,low,review_family,valid_candidate,keep,"No obvious demo, test, placeholder, or restoration marker.",conservative_pattern,"Automatically extracted from course-code, year, cohort, teacher, or duplicate-instance text; review before import."
1552,112,"D1-S2-GSCD12MOI Management of Information","D1-S2-GSCD12MOI Management of Information",unchanged,"Management of Information",review,low,review_family,valid_candidate,keep,"No obvious demo, test, placeholder, or restoration marker.",conservative_pattern,"Automatically extracted from course-code, year, cohort, teacher, or duplicate-instance text; review before import."
1550,112,"D1-S2-GSCD12SRI Sustainable Research and Innovation","D1-S2-GSCD12SRI Sustainable Research and Innovation",unchanged,"Sustainable Research and Innovation",review,low,review_family,valid_candidate,keep,"No obvious demo, test, placeholder, or restoration marker.",conservative_pattern,"Automatically extracted from course-code, year, cohort, teacher, or duplicate-instance text; review before import."
2074,378,"Data Structure and Algorithms ","Data Structure and Algorithms",approved,,none,,approved_display,valid_candidate,keep,"No obvious demo, test, placeholder, or restoration marker.",safe_formatting,"Normalized outer, repeated, or non-breaking whitespace."
108,10,"Data structure and Programming (I2 AMS-GTR-GIC)","Data structure and Programming (I2 AMS-GTR-GIC)",unchanged,,none,,unchanged,valid_candidate,keep,"No obvious demo, test, placeholder, or restoration marker.",none,
1621,90,"Data structure and programming-DSP1","Data structure and programming-DSP1",unchanged,,none,,unchanged,valid_candidate,keep,"No obvious demo, test, placeholder, or restoration marker.",none,
77,22,Database,Database,unchanged,,none,,unchanged,valid_candidate,keep,"No obvious demo, test, placeholder, or restoration marker.",none,
1580,182,Database,Database,unchanged,,none,,unchanged,valid_candidate,keep,"No obvious demo, test, placeholder, or restoration marker.",none,
21,6,"Database Analysis and Design","Database Analysis and Design",unchanged,,none,,unchanged,valid_candidate,keep,"No obvious demo, test, placeholder, or restoration marker.",none,
1631,384,"Database Application","Database Application",unchanged,,none,,unchanged,valid_candidate,keep,"No obvious demo, test, placeholder, or restoration marker.",none,
2063,376,"Database Application 1","Database Application 1",unchanged,,none,,unchanged,valid_candidate,keep,"No obvious demo, test, placeholder, or restoration marker.",none,
1632,377,"Database Application 2 (SQL Server)","Database Application 2 (SQL Server)",unchanged,"Database Application 2",review,low,review_family,valid_candidate,keep,"No obvious demo, test, placeholder, or restoration marker.",conservative_pattern,"Automatically extracted from course-code, year, cohort, teacher, or duplicate-instance text; review before import."
1674,263,"Database Management System-Y2S1-2024","Database Management System-Y2S1-2024",unchanged,,none,,unchanged,valid_candidate,keep,"No obvious demo, test, placeholder, or restoration marker.",none,
1573,176,"Database System Design","Database System Design",unchanged,,none,,unchanged,valid_candidate,keep,"No obvious demo, test, placeholder, or restoration marker.",none,
1610,176,"Database System Design","Database System Design",unchanged,,none,,unchanged,valid_candidate,keep,"No obvious demo, test, placeholder, or restoration marker.",none,
1611,176,"Database System Design","Database System Design",unchanged,,none,,unchanged,valid_candidate,keep,"No obvious demo, test, placeholder, or restoration marker.",none,
1751,176,"Database System Design","Database System Design",unchanged,,none,,unchanged,valid_candidate,keep,"No obvious demo, test, placeholder, or restoration marker.",none,
1752,176,"Database System Design","Database System Design",unchanged,,none,,unchanged,valid_candidate,keep,"No obvious demo, test, placeholder, or restoration marker.",none,
1753,176,"Database System Design","Database System Design",unchanged,,none,,unchanged,valid_candidate,keep,"No obvious demo, test, placeholder, or restoration marker.",none,
1766,176,"Database System Design","Database System Design",unchanged,,none,,unchanged,valid_candidate,keep,"No obvious demo, test, placeholder, or restoration marker.",none,
1780,176,"Database System Design","Database System Design",unchanged,,none,,unchanged,valid_candidate,keep,"No obvious demo, test, placeholder, or restoration marker.",none,
1782,176,"Database System Design","Database System Design",unchanged,,none,,unchanged,valid_candidate,keep,"No obvious demo, test, placeholder, or restoration marker.",none,
1572,176,"Database System Implementation","Database System Implementation",unchanged,,none,,unchanged,valid_candidate,keep,"No obvious demo, test, placeholder, or restoration marker.",none,
1613,176,"Database System Implementation","Database System Implementation",unchanged,,none,,unchanged,valid_candidate,keep,"No obvious demo, test, placeholder, or restoration marker.",none,
1556,166,"Database Systems Design","Database Systems Design",unchanged,,none,,unchanged,valid_candidate,keep,"No obvious demo, test, placeholder, or restoration marker.",none,
1785,176,"Database Systems Design","Database Systems Design",unchanged,,none,,unchanged,valid_candidate,keep,"No obvious demo, test, placeholder, or restoration marker.",none,
1786,176,"Database Systems Design","Database Systems Design",unchanged,,none,,unchanged,valid_candidate,keep,"No obvious demo, test, placeholder, or restoration marker.",none,
1787,176,"Database Systems Design","Database Systems Design",unchanged,,none,,unchanged,valid_candidate,keep,"No obvious demo, test, placeholder, or restoration marker.",none,
39,22,Demo,Demo,unchanged,,none,,unchanged,non_production,exclude_from_analytics,"Name explicitly indicates a demo/prototype course.",none,
185,41,"Demo Prototype","Demo Prototype",unchanged,,none,,unchanged,non_production,exclude_from_analytics,"Name explicitly indicates a demo/prototype course.",none,
1686,207,"Design Y1","Design Y1",unchanged,,none,,unchanged,valid_candidate,keep,"No obvious demo, test, placeholder, or restoration marker.",none,
162,10,"Differential Equations Exam","Differential Equations Exam",unchanged,,none,,unchanged,valid_candidate,keep,"No obvious demo, test, placeholder, or restoration marker.",none,
85,10,"Differential Equations-I2","Differential Equations-I2",unchanged,,none,,unchanged,valid_candidate,keep,"No obvious demo, test, placeholder, or restoration marker.",none,
2042,361,"Digital Literacy S2 (Chan Sreypich)","Digital Literacy S2 (Chan Sreypich)",unchanged,"Digital Literacy S2",review,low,review_family,valid_candidate,keep,"No obvious demo, test, placeholder, or restoration marker.",conservative_pattern,"Automatically extracted from course-code, year, cohort, teacher, or duplicate-instance text; review before import."
2046,361,"Digital Literacy S2 (Chhoem Sothy)","Digital Literacy S2 (Chhoem Sothy)",unchanged,"Digital Literacy S2",review,low,review_family,valid_candidate,keep,"No obvious demo, test, placeholder, or restoration marker.",conservative_pattern,"Automatically extracted from course-code, year, cohort, teacher, or duplicate-instance text; review before import."
2049,361,"Digital Literacy S2 (Chou Manith)","Digital Literacy S2 (Chou Manith)",unchanged,"Digital Literacy S2",review,low,review_family,valid_candidate,keep,"No obvious demo, test, placeholder, or restoration marker.",conservative_pattern,"Automatically extracted from course-code, year, cohort, teacher, or duplicate-instance text; review before import."
2044,361,"Digital Literacy S2 (Hok Chanborin)","Digital Literacy S2 (Hok Chanborin)",unchanged,"Digital Literacy S2",review,low,review_family,valid_candidate,keep,"No obvious demo, test, placeholder, or restoration marker.",conservative_pattern,"Automatically extracted from course-code, year, cohort, teacher, or duplicate-instance text; review before import."
2045,361,"Digital Literacy S2 (Khva Samnang)","Digital Literacy S2 (Khva Samnang)",unchanged,"Digital Literacy S2",review,low,review_family,valid_candidate,keep,"No obvious demo, test, placeholder, or restoration marker.",conservative_pattern,"Automatically extracted from course-code, year, cohort, teacher, or duplicate-instance text; review before import."
2043,361,"Digital Literacy S2 (Oeurn Mertey)","Digital Literacy S2 (Oeurn Mertey)",unchanged,"Digital Literacy S2",review,low,review_family,valid_candidate,keep,"No obvious demo, test, placeholder, or restoration marker.",conservative_pattern,"Automatically extracted from course-code, year, cohort, teacher, or duplicate-instance text; review before import."
2047,361,"Digital Literacy S2 (Pak Sokkhantithia)","Digital Literacy S2 (Pak Sokkhantithia)",unchanged,"Digital Literacy S2",review,low,review_family,valid_candidate,keep,"No obvious demo, test, placeholder, or restoration marker.",conservative_pattern,"Automatically extracted from course-code, year, cohort, teacher, or duplicate-instance text; review before import."
2041,361,"Digital Literacy S2 (Ung Pich)","Digital Literacy S2 (Ung Pich)",unchanged,"Digital Literacy S2",review,low,review_family,valid_candidate,keep,"No obvious demo, test, placeholder, or restoration marker.",conservative_pattern,"Automatically extracted from course-code, year, cohort, teacher, or duplicate-instance text; review before import."
1795,361,"Digital Literacy( CHHOEM Sothy )","Digital Literacy( CHHOEM Sothy )",unchanged,"Digital Literacy",review,low,review_family,valid_candidate,keep,"No obvious demo, test, placeholder, or restoration marker.",conservative_pattern,"Automatically extracted from course-code, year, cohort, teacher, or duplicate-instance text; review before import."
1759,361,"Digital Literacy(CHAN Sreypich)","Digital Literacy(CHAN Sreypich)",unchanged,"Digital Literacy",review,low,review_family,valid_candidate,keep,"No obvious demo, test, placeholder, or restoration marker.",conservative_pattern,"Automatically extracted from course-code, year, cohort, teacher, or duplicate-instance text; review before import."
1788,361,"Digital Literacy(CHOU Manith)","Digital Literacy(CHOU Manith)",unchanged,"Digital Literacy",review,low,review_family,valid_candidate,keep,"No obvious demo, test, placeholder, or restoration marker.",conservative_pattern,"Automatically extracted from course-code, year, cohort, teacher, or duplicate-instance text; review before import."
1757,361,"Digital Literacy(DAN Vournpheng)","Digital Literacy(DAN Vournpheng)",unchanged,"Digital Literacy",review,low,review_family,valid_candidate,keep,"No obvious demo, test, placeholder, or restoration marker.",conservative_pattern,"Automatically extracted from course-code, year, cohort, teacher, or duplicate-instance text; review before import."
1758,361,"Digital Literacy(HOK Chanborin)","Digital Literacy(HOK Chanborin)",unchanged,"Digital Literacy",review,low,review_family,valid_candidate,keep,"No obvious demo, test, placeholder, or restoration marker.",conservative_pattern,"Automatically extracted from course-code, year, cohort, teacher, or duplicate-instance text; review before import."
1756,361,"Digital Literacy(KHVA Samnang)","Digital Literacy(KHVA Samnang)",unchanged,"Digital Literacy",review,low,review_family,valid_candidate,keep,"No obvious demo, test, placeholder, or restoration marker.",conservative_pattern,"Automatically extracted from course-code, year, cohort, teacher, or duplicate-instance text; review before import."
1796,361,"Digital Literacy(MEN Chanchealy)","Digital Literacy(MEN Chanchealy)",unchanged,"Digital Literacy",review,low,review_family,valid_candidate,keep,"No obvious demo, test, placeholder, or restoration marker.",conservative_pattern,"Automatically extracted from course-code, year, cohort, teacher, or duplicate-instance text; review before import."
1760,361,"Digital Literacy(OEUN Mertey)","Digital Literacy(OEUN Mertey)",unchanged,"Digital Literacy",review,low,review_family,valid_candidate,keep,"No obvious demo, test, placeholder, or restoration marker.",conservative_pattern,"Automatically extracted from course-code, year, cohort, teacher, or duplicate-instance text; review before import."
1754,361,"Digital Literacy(ONG Pich)","Digital Literacy(ONG Pich)",unchanged,"Digital Literacy",review,low,review_family,valid_candidate,keep,"No obvious demo, test, placeholder, or restoration marker.",conservative_pattern,"Automatically extracted from course-code, year, cohort, teacher, or duplicate-instance text; review before import."
1755,361,"Digital Literacy(PAK Sokkhanntithia)","Digital Literacy(PAK Sokkhanntithia)",unchanged,"Digital Literacy",review,low,review_family,valid_candidate,keep,"No obvious demo, test, placeholder, or restoration marker.",conservative_pattern,"Automatically extracted from course-code, year, cohort, teacher, or duplicate-instance text; review before import."
1797,361,"Digital Literacy(THOK Piseth)","Digital Literacy(THOK Piseth)",unchanged,"Digital Literacy",review,low,review_family,valid_candidate,keep,"No obvious demo, test, placeholder, or restoration marker.",conservative_pattern,"Automatically extracted from course-code, year, cohort, teacher, or duplicate-instance text; review before import."
1661,197,"Digital Marketing in Agriculture","Digital Marketing in Agriculture",unchanged,,none,,unchanged,valid_candidate,keep,"No obvious demo, test, placeholder, or restoration marker.",none,
38,15,"Direct seeders","Direct seeders",unchanged,,none,,unchanged,valid_candidate,keep,"No obvious demo, test, placeholder, or restoration marker.",none,
2075,378,"dot Net Programing 2","dot Net Programing 2",unchanged,,none,,unchanged,valid_candidate,keep,"No obvious demo, test, placeholder, or restoration marker.",none,
2070,377,"dot Net Programing I","dot Net Programing I",unchanged,,none,,unchanged,valid_candidate,keep,"No obvious demo, test, placeholder, or restoration marker.",none,
2083,379,E-Commerce,E-Commerce,unchanged,,none,,unchanged,valid_candidate,keep,"No obvious demo, test, placeholder, or restoration marker.",none,
2100,384,"E-Commerce II (old)","E-Commerce II (old)",unchanged,,none,,unchanged,historical_course,keep,"Legacy E-Commerce course with real enrollments; retain for historical analytics.",none,
2111,383,E-Commerce2,E-Commerce2,unchanged,,none,,unchanged,valid_candidate,keep,"No obvious demo, test, placeholder, or restoration marker.",none,
1,0,"e-Learning System CCUN","e-Learning System CCUN",unchanged,"e-Learning System",review,low,review_family,system_course,exclude_from_analytics,"Moodle site course, not a teaching course.",conservative_pattern,"Automatically extracted from course-code, year, cohort, teacher, or duplicate-instance text; review before import."
75,30,"Earthing System","Earthing System",unchanged,,none,,unchanged,valid_candidate,keep,"No obvious demo, test, placeholder, or restoration marker.",none,
1595,208,Economics,Economics,unchanged,,none,,unchanged,valid_candidate,keep,"No obvious demo, test, placeholder, or restoration marker.",none,
69,26,"Electricité du Bâtiment (GCI I3) ","Electricité du Bâtiment (GCI I3)",approved,,none,,approved_display,valid_candidate,keep,"No obvious demo, test, placeholder, or restoration marker.",safe_formatting,"Normalized outer, repeated, or non-breaking whitespace."
1531,214,"Elevate your teaching : Harnessing technology for effective learning","Elevate your teaching : Harnessing technology for effective learning",unchanged,,none,,unchanged,valid_candidate,keep,"No obvious demo, test, placeholder, or restoration marker.",none,
1744,353,"Engineering Project Management","Engineering Project Management",unchanged,,none,,unchanged,valid_candidate,keep,"No obvious demo, test, placeholder, or restoration marker.",none,
1016,91,"English A2 S1 2023-2024","English A2 S1 2023-2024",unchanged,"English A2 S1",review,low,review_family,valid_candidate,keep,"No obvious demo, test, placeholder, or restoration marker.",conservative_pattern,"Automatically extracted from course-code, year, cohort, teacher, or duplicate-instance text; review before import."
1018,92,"English B1 S1 2023-24","English B1 S1 2023-24",unchanged,"English B1 S1",review,low,review_family,valid_candidate,keep,"No obvious demo, test, placeholder, or restoration marker.",conservative_pattern,"Automatically extracted from course-code, year, cohort, teacher, or duplicate-instance text; review before import."
1022,94,"English B2 S1 2023-24","English B2 S1 2023-24",unchanged,"English B2 S1",review,low,review_family,valid_candidate,keep,"No obvious demo, test, placeholder, or restoration marker.",conservative_pattern,"Automatically extracted from course-code, year, cohort, teacher, or duplicate-instance text; review before import."
53,91,"English Course(I2-A2)","English Course(I2-A2)",unchanged,,none,,unchanged,valid_candidate,keep,"No obvious demo, test, placeholder, or restoration marker.",none,
149,20,"English Exam I2-A2","English Exam I2-A2",unchanged,,none,,unchanged,valid_candidate,keep,"No obvious demo, test, placeholder, or restoration marker.",none,
144,20,"English Exam I2-B1","English Exam I2-B1",unchanged,,none,,unchanged,valid_candidate,keep,"No obvious demo, test, placeholder, or restoration marker.",none,
143,20,"English Exam I3-A2","English Exam I3-A2",unchanged,,none,,unchanged,valid_candidate,keep,"No obvious demo, test, placeholder, or restoration marker.",none,
145,20,"English Exam I3-B1","English Exam I3-B1",unchanged,,none,,unchanged,valid_candidate,keep,"No obvious demo, test, placeholder, or restoration marker.",none,
146,20,"English Exam I3-B2","English Exam I3-B2",unchanged,,none,,unchanged,valid_candidate,keep,"No obvious demo, test, placeholder, or restoration marker.",none,
147,20,"English Exam I4-B1","English Exam I4-B1",unchanged,,none,,unchanged,valid_candidate,keep,"No obvious demo, test, placeholder, or restoration marker.",none,
148,20,"English Exam I4-B2","English Exam I4-B2",unchanged,,none,,unchanged,valid_candidate,keep,"No obvious demo, test, placeholder, or restoration marker.",none,
54,20,"English Exam(I5)","English Exam(I5)",unchanged,,none,,unchanged,valid_candidate,keep,"No obvious demo, test, placeholder, or restoration marker.",none,
1020,93,"English S1 I5 2023-24","English S1 I5 2023-24",unchanged,"English S1 I5",review,low,review_family,valid_candidate,keep,"No obvious demo, test, placeholder, or restoration marker.",conservative_pattern,"Automatically extracted from course-code, year, cohort, teacher, or duplicate-instance text; review before import."
63,27,English-I2,English-I2,unchanged,,none,,unchanged,valid_candidate,keep,"No obvious demo, test, placeholder, or restoration marker.",none,
64,27,English-I3,English-I3,unchanged,,none,,unchanged,valid_candidate,keep,"No obvious demo, test, placeholder, or restoration marker.",none,
1520,162,"Enhance your teaching with Moodle","Enhance your teaching with Moodle",unchanged,,none,,unchanged,valid_candidate,keep,"No obvious demo, test, placeholder, or restoration marker.",none,
178,31,Entrepreneurship,Entrepreneurship,unchanged,,none,,unchanged,valid_candidate,keep,"No obvious demo, test, placeholder, or restoration marker.",none,
142,19,"Exam I5 French","Exam I5 French",unchanged,,none,,unchanged,valid_candidate,keep,"No obvious demo, test, placeholder, or restoration marker.",none,
1663,197,"Farm Management","Farm Management",unchanged,,none,,unchanged,valid_candidate,keep,"No obvious demo, test, placeholder, or restoration marker.",none,
1591,204,"Food Chemistry","Food Chemistry",unchanged,,none,,unchanged,valid_candidate,keep,"No obvious demo, test, placeholder, or restoration marker.",none,
202,31,"Food industrial design","Food industrial design",unchanged,,none,,unchanged,valid_candidate,keep,"No obvious demo, test, placeholder, or restoration marker.",none,
201,31,"Food legislation","Food legislation",unchanged,,none,,unchanged,valid_candidate,keep,"No obvious demo, test, placeholder, or restoration marker.",none,
177,31,"Food market","Food market",unchanged,,none,,unchanged,valid_candidate,keep,"No obvious demo, test, placeholder, or restoration marker.",none,
203,31,"Food safety","Food safety",unchanged,,none,,unchanged,valid_candidate,keep,"No obvious demo, test, placeholder, or restoration marker.",none,
1593,205,"Food science","Food science",unchanged,,none,,unchanged,valid_candidate,keep,"No obvious demo, test, placeholder, or restoration marker.",none,
204,31,"Food storage and stabilization","Food storage and stabilization",unchanged,,none,,unchanged,valid_candidate,keep,"No obvious demo, test, placeholder, or restoration marker.",none,
122,82,"French Course (I3-A1)","French Course (I3-A1)",unchanged,,none,,unchanged,valid_candidate,keep,"No obvious demo, test, placeholder, or restoration marker.",none,
123,82,"French Course (I3-A2)","French Course (I3-A2)",unchanged,,none,,unchanged,valid_candidate,keep,"No obvious demo, test, placeholder, or restoration marker.",none,
82,82,"French Course (I3-B1)","French Course (I3-B1)",unchanged,,none,,unchanged,valid_candidate,keep,"No obvious demo, test, placeholder, or restoration marker.",none,
121,85,"French Course (I4-A2)","French Course (I4-A2)",unchanged,,none,,unchanged,valid_candidate,keep,"No obvious demo, test, placeholder, or restoration marker.",none,
120,85,"French Course (I4-B1)","French Course (I4-B1)",unchanged,,none,,unchanged,valid_candidate,keep,"No obvious demo, test, placeholder, or restoration marker.",none,
119,81,"French Course(I2)","French Course(I2)",unchanged,,none,,unchanged,valid_candidate,keep,"No obvious demo, test, placeholder, or restoration marker.",none,
150,19,"French Exam-I1","French Exam-I1",unchanged,,none,,unchanged,valid_candidate,keep,"No obvious demo, test, placeholder, or restoration marker.",none,
156,19,"French Exam-I2","French Exam-I2",unchanged,,none,,unchanged,valid_candidate,keep,"No obvious demo, test, placeholder, or restoration marker.",none,
154,19,"French Exam(I3-A1)","French Exam(I3-A1)",unchanged,,none,,unchanged,valid_candidate,keep,"No obvious demo, test, placeholder, or restoration marker.",none,
155,19,"French Exam(I3-A2)","French Exam(I3-A2)",unchanged,,none,,unchanged,valid_candidate,keep,"No obvious demo, test, placeholder, or restoration marker.",none,
153,19,"French Exam(I3-B1)","French Exam(I3-B1)",unchanged,,none,,unchanged,valid_candidate,keep,"No obvious demo, test, placeholder, or restoration marker.",none,
152,19,"French Exam(I4-A2)","French Exam(I4-A2)",unchanged,,none,,unchanged,valid_candidate,keep,"No obvious demo, test, placeholder, or restoration marker.",none,
151,19,"French Exam(I4-B1)","French Exam(I4-B1)",unchanged,,none,,unchanged,valid_candidate,keep,"No obvious demo, test, placeholder, or restoration marker.",none,
83,19,"French Exam(I4-B2)","French Exam(I4-B2)",unchanged,,none,,unchanged,valid_candidate,keep,"No obvious demo, test, placeholder, or restoration marker.",none,
61,29,French_I1,French_I1,unchanged,,none,,unchanged,valid_candidate,keep,"No obvious demo, test, placeholder, or restoration marker.",none,
62,29,French_I4,French_I4,unchanged,,none,,unchanged,valid_candidate,keep,"No obvious demo, test, placeholder, or restoration marker.",none,
78,29,French-I3,French-I3,unchanged,,none,,unchanged,valid_candidate,keep,"No obvious demo, test, placeholder, or restoration marker.",none,
2240,197,"Fundamentals of Financial Management","Fundamentals of Financial Management",unchanged,,none,,unchanged,valid_candidate,keep,"No obvious demo, test, placeholder, or restoration marker.",none,
1529,161,"GCAI3S2UOPII-S2-Unit operation 2","GCAI3S2UOPII-S2-Unit operation 2",unchanged,,none,,unchanged,valid_candidate,keep,"No obvious demo, test, placeholder, or restoration marker.",none,
1527,161,"GCAT11PBMT-S1-Perform basic mircobiological tasks (UoC3)","GCAT11PBMT-S1-Perform basic mircobiological tasks (UoC3)",unchanged,,none,,unchanged,valid_candidate,keep,"No obvious demo, test, placeholder, or restoration marker.",none,
1528,161,"GCAT11PBMTL-S1-Performing basic measuriments and calibration techniques in the laboratory (UoC1)","GCAT11PBMTL-S1-Performing basic measuriments and calibration techniques in the laboratory (UoC1)",unchanged,,none,,unchanged,valid_candidate,keep,"No obvious demo, test, placeholder, or restoration marker.",none,
1523,161,"GCAT11QCRPP-S1-Conduct physical and chemical checks/tests on raw/processed agricultural product (UoC2)","GCAT11QCRPP-S1-Conduct physical and chemical checks/tests on raw/processed agricultural product (UoC2)",unchanged,,none,,unchanged,valid_candidate,keep,"No obvious demo, test, placeholder, or restoration marker.",none,
1522,161,"GCAT12CARPP-S2-Conduct chemical analysis for raw/processed agricultural products (UoC5)","GCAT12CARPP-S2-Conduct chemical analysis for raw/processed agricultural products (UoC5)",unchanged,,none,,unchanged,valid_candidate,keep,"No obvious demo, test, placeholder, or restoration marker.",none,
1524,161,"GCAT12MFSHS-S2-Maintain food safety and food hygiene standard in the agri-food supply chain (UoC4)","GCAT12MFSHS-S2-Maintain food safety and food hygiene standard in the agri-food supply chain (UoC4)",unchanged,,none,,unchanged,valid_candidate,keep,"No obvious demo, test, placeholder, or restoration marker.",none,
1521,161,"GCAT21ATCTA-S1-Apply Food preservation and processing Technology (UoC7)","GCAT21ATCTA-S1-Apply Food preservation and processing Technology (UoC7)",unchanged,,none,,unchanged,valid_candidate,keep,"No obvious demo, test, placeholder, or restoration marker.",none,
1525,161,"GCAT21MQNMP-S1-Maintain nutritional quality of raw/processed agricultural products (UoC8)","GCAT21MQNMP-S1-Maintain nutritional quality of raw/processed agricultural products (UoC8)",unchanged,,none,,unchanged,valid_candidate,keep,"No obvious demo, test, placeholder, or restoration marker.",none,
1526,161,"GCAT21OMETA-S1-Operate and maintain food processing equipment (UoC6)","GCAT21OMETA-S1-Operate and maintain food processing equipment (UoC6)",unchanged,,none,,unchanged,valid_candidate,keep,"No obvious demo, test, placeholder, or restoration marker.",none,
1647,246,"General Chemistry Laboratory ","General Chemistry Laboratory",approved,,none,,approved_display,valid_candidate,keep,"No obvious demo, test, placeholder, or restoration marker.",safe_formatting,"Normalized outer, repeated, or non-breaking whitespace."
1731,375,"General English 1","General English 1",unchanged,,none,,unchanged,valid_candidate,keep,"No obvious demo, test, placeholder, or restoration marker.",none,
1634,376,"General English 2","General English 2",unchanged,,none,,unchanged,valid_candidate,keep,"No obvious demo, test, placeholder, or restoration marker.",none,
2067,377,"General English 3","General English 3",unchanged,,none,,unchanged,valid_candidate,keep,"No obvious demo, test, placeholder, or restoration marker.",none,
2072,378,"General English 4","General English 4",unchanged,,none,,unchanged,valid_candidate,keep,"No obvious demo, test, placeholder, or restoration marker.",none,
2077,379,"General English 5","General English 5",unchanged,,none,,unchanged,valid_candidate,keep,"No obvious demo, test, placeholder, or restoration marker.",none,
2080,381,"General English 6","General English 6",unchanged,,none,,unchanged,valid_candidate,keep,"No obvious demo, test, placeholder, or restoration marker.",none,
164,10,"General Mathematics Exam","General Mathematics Exam",unchanged,,none,,unchanged,valid_candidate,keep,"No obvious demo, test, placeholder, or restoration marker.",none,
2061,375,"Graphic Design 1","Graphic Design 1",unchanged,,none,,unchanged,valid_candidate,keep,"No obvious demo, test, placeholder, or restoration marker.",none,
2062,376,"Graphic Design 2","Graphic Design 2",unchanged,,none,,unchanged,valid_candidate,keep,"No obvious demo, test, placeholder, or restoration marker.",none,
76,30,"Habilitation T1 GEE","Habilitation T1 GEE",unchanged,,none,,unchanged,valid_candidate,keep,"No obvious demo, test, placeholder, or restoration marker.",none,
37,6,"HITIHE project: Workshop on eCase Scenarios","HITIHE project: Workshop on eCase Scenarios",unchanged,,none,,unchanged,valid_candidate,keep,"No obvious demo, test, placeholder, or restoration marker.",none,
999,80,"I1SF-S1- French I1-A1","I1SF-S1- French I1-A1",unchanged,"French I1-A1",review,low,review_family,valid_candidate,keep,"No obvious demo, test, placeholder, or restoration marker.",conservative_pattern,"Automatically extracted from course-code, year, cohort, teacher, or duplicate-instance text; review before import."
997,80,"I1SF-S1-fr I1-S1 French I1","I1SF-S1-fr I1-S1 French I1",unchanged,"fr I1-S1 French I1",review,low,review_family,valid_candidate,keep,"No obvious demo, test, placeholder, or restoration marker.",conservative_pattern,"Automatically extracted from course-code, year, cohort, teacher, or duplicate-instance text; review before import."
998,80,"I1SF-S2- I1-S2 French I1","I1SF-S2- I1-S2 French I1",unchanged,"I1-S2 French I1",review,low,review_family,valid_candidate,keep,"No obvious demo, test, placeholder, or restoration marker.",conservative_pattern,"Automatically extracted from course-code, year, cohort, teacher, or duplicate-instance text; review before import."
60,23,"I1TC S1 DTCI11HIS: History","I1TC S1 DTCI11HIS: History",unchanged,,none,,unchanged,valid_candidate,keep,"No obvious demo, test, placeholder, or restoration marker.",none,
57,23,"I1TC S2 DTCI12DTN: Technical Drawing","I1TC S2 DTCI12DTN: Technical Drawing",unchanged,,none,,unchanged,valid_candidate,keep,"No obvious demo, test, placeholder, or restoration marker.",none,
59,23,"I1TC S2 DTCI12MKT: Marketing","I1TC S2 DTCI12MKT: Marketing",unchanged,,none,,unchanged,valid_candidate,keep,"No obvious demo, test, placeholder, or restoration marker.",none,
2053,89,I1TC-KP-S2-TP-Introduction,I1TC-KP-S2-TP-Introduction,unchanged,Introduction,review,low,review_family,valid_candidate,keep,"No obvious demo, test, placeholder, or restoration marker.",conservative_pattern,"Automatically extracted from course-code, year, cohort, teacher, or duplicate-instance text; review before import."
231,89,"I1TC-S1-DTCI11ANL Calculus I","I1TC-S1-DTCI11ANL Calculus I",unchanged,"Calculus I",review,low,review_family,valid_candidate,keep,"No obvious demo, test, placeholder, or restoration marker.",conservative_pattern,"Automatically extracted from course-code, year, cohort, teacher, or duplicate-instance text; review before import."
211,89,"I1TC-S1-DTCI11FRA French","I1TC-S1-DTCI11FRA French",unchanged,French,review,low,review_family,valid_candidate,keep,"No obvious demo, test, placeholder, or restoration marker.",conservative_pattern,"Automatically extracted from course-code, year, cohort, teacher, or duplicate-instance text; review before import."
215,89,"I1TC-S1-DTCI11GEC Management&Accounting","I1TC-S1-DTCI11GEC Management&Accounting",unchanged,Management&Accounting,review,low,review_family,valid_candidate,keep,"No obvious demo, test, placeholder, or restoration marker.",conservative_pattern,"Automatically extracted from course-code, year, cohort, teacher, or duplicate-instance text; review before import."
227,89,"I1TC-S1-DTCI11HIS History-e","I1TC-S1-DTCI11HIS History-e",unchanged,History-e,review,low,review_family,valid_candidate,keep,"No obvious demo, test, placeholder, or restoration marker.",conservative_pattern,"Automatically extracted from course-code, year, cohort, teacher, or duplicate-instance text; review before import."
218,89,"I1TC-S1-DTCI11MCN Mechanics I","I1TC-S1-DTCI11MCN Mechanics I",unchanged,"Mechanics I",review,low,review_family,valid_candidate,keep,"No obvious demo, test, placeholder, or restoration marker.",conservative_pattern,"Automatically extracted from course-code, year, cohort, teacher, or duplicate-instance text; review before import."
214,89,"I1TC-S1-DTCI11PHI Philosophy","I1TC-S1-DTCI11PHI Philosophy",unchanged,Philosophy,review,low,review_family,valid_candidate,keep,"No obvious demo, test, placeholder, or restoration marker.",conservative_pattern,"Automatically extracted from course-code, year, cohort, teacher, or duplicate-instance text; review before import."
1327,136,"I1TC-S1-FP022-Business Information Technology","I1TC-S1-FP022-Business Information Technology",unchanged,"Business Information Technology",review,low,review_family,valid_candidate,keep,"No obvious demo, test, placeholder, or restoration marker.",conservative_pattern,"Automatically extracted from course-code, year, cohort, teacher, or duplicate-instance text; review before import."
1324,136,"I1TC-S1-FP040-Engineering Mathematics I","I1TC-S1-FP040-Engineering Mathematics I",unchanged,"Engineering Mathematics I",review,low,review_family,valid_candidate,keep,"No obvious demo, test, placeholder, or restoration marker.",conservative_pattern,"Automatically extracted from course-code, year, cohort, teacher, or duplicate-instance text; review before import."
1326,136,"I1TC-S1-FP050-Physics for Engineering I","I1TC-S1-FP050-Physics for Engineering I",unchanged,"Physics for Engineering I",review,low,review_family,valid_candidate,keep,"No obvious demo, test, placeholder, or restoration marker.",conservative_pattern,"Automatically extracted from course-code, year, cohort, teacher, or duplicate-instance text; review before import."
1323,136,"I1TC-S1-FP059-Effective Communication Skills","I1TC-S1-FP059-Effective Communication Skills",unchanged,"Effective Communication Skills",review,low,review_family,valid_candidate,keep,"No obvious demo, test, placeholder, or restoration marker.",conservative_pattern,"Automatically extracted from course-code, year, cohort, teacher, or duplicate-instance text; review before import."
1325,136,"I1TC-S1-FP060-Programming C++","I1TC-S1-FP060-Programming C++",unchanged,"Programming C++",review,low,review_family,valid_candidate,keep,"No obvious demo, test, placeholder, or restoration marker.",conservative_pattern,"Automatically extracted from course-code, year, cohort, teacher, or duplicate-instance text; review before import."
1767,359,"I1TC-S1-PDFI11ECS-Effective Communication Skills 2024-25","I1TC-S1-PDFI11ECS-Effective Communication Skills 2024-25",unchanged,"Effective Communication Skills",review,low,review_family,valid_candidate,keep,"No obvious demo, test, placeholder, or restoration marker.",conservative_pattern,"Automatically extracted from course-code, year, cohort, teacher, or duplicate-instance text; review before import."
1769,359,"I1TC-S1-PDFI11EMI-Engineering Mathematics I 2024-25","I1TC-S1-PDFI11EMI-Engineering Mathematics I 2024-25",unchanged,"Engineering Mathematics I",review,low,review_family,valid_candidate,keep,"No obvious demo, test, placeholder, or restoration marker.",conservative_pattern,"Automatically extracted from course-code, year, cohort, teacher, or duplicate-instance text; review before import."
1768,359,"I1TC-S1-PDFI11ICT-Information and Communication Technology 2024-25","I1TC-S1-PDFI11ICT-Information and Communication Technology 2024-25",unchanged,"Information and Communication Technology",review,low,review_family,valid_candidate,keep,"No obvious demo, test, placeholder, or restoration marker.",conservative_pattern,"Automatically extracted from course-code, year, cohort, teacher, or duplicate-instance text; review before import."
1770,359,"I1TC-S1-PDFI11PC-Programming C++ 2024-25","I1TC-S1-PDFI11PC-Programming C++ 2024-25",unchanged,"Programming C++",review,low,review_family,valid_candidate,keep,"No obvious demo, test, placeholder, or restoration marker.",conservative_pattern,"Automatically extracted from course-code, year, cohort, teacher, or duplicate-instance text; review before import."
1771,359,"I1TC-S1-PDFI11PEI-Physics for Engineering I 2024-25","I1TC-S1-PDFI11PEI-Physics for Engineering I 2024-25",unchanged,"Physics for Engineering I",review,low,review_family,valid_candidate,keep,"No obvious demo, test, placeholder, or restoration marker.",conservative_pattern,"Automatically extracted from course-code, year, cohort, teacher, or duplicate-instance text; review before import."
1772,359,"I1TC-S1-PDFI11PSI-Project and Seminar I 2024-25","I1TC-S1-PDFI11PSI-Project and Seminar I 2024-25",unchanged,"Project and Seminar I",review,low,review_family,valid_candidate,keep,"No obvious demo, test, placeholder, or restoration marker.",conservative_pattern,"Automatically extracted from course-code, year, cohort, teacher, or duplicate-instance text; review before import."
1557,136,I1TC-S1-Seminar,I1TC-S1-Seminar,unchanged,Seminar,review,low,review_family,valid_candidate,keep,"No obvious demo, test, placeholder, or restoration marker.",conservative_pattern,"Automatically extracted from course-code, year, cohort, teacher, or duplicate-instance text; review before import."
52,89,"I1TC-S2-DTCI12ANL Calculus I old","I1TC-S2-DTCI12ANL Calculus I old",unchanged,"Calculus I",review,low,review_family,historical_course,keep,"Hidden legacy course with substantial historical enrollment activity.",conservative_pattern,"Automatically extracted from course-code, year, cohort, teacher, or duplicate-instance text; review before import."
225,89,"I1TC-S2-DTCI12ANL Calculus II-e","I1TC-S2-DTCI12ANL Calculus II-e",approved,"Calculus II-e",review,low,review_family,valid_candidate,keep,"No obvious demo, test, placeholder, or restoration marker.",conservative_pattern,"Normalized outer, repeated, or non-breaking whitespace. Automatically extracted from course-code, year, cohort, teacher, or duplicate-instance text; review before import."
222,89,"I1TC-S2-DTCI12DTN Technical Drawing-e","I1TC-S2-DTCI12DTN Technical Drawing-e",unchanged,"Technical Drawing-e",review,low,review_family,valid_candidate,keep,"No obvious demo, test, placeholder, or restoration marker.",conservative_pattern,"Automatically extracted from course-code, year, cohort, teacher, or duplicate-instance text; review before import."
16,89,"I1TC-S2-DTCI12ENV Environment-e","I1TC-S2-DTCI12ENV Environment-e",unchanged,Environment-e,review,low,review_family,valid_candidate,keep,"No obvious demo, test, placeholder, or restoration marker.",conservative_pattern,"Automatically extracted from course-code, year, cohort, teacher, or duplicate-instance text; review before import."
219,89,"I1TC-S2-DTCI12FRA French","I1TC-S2-DTCI12FRA French",unchanged,French,review,low,review_family,valid_candidate,keep,"No obvious demo, test, placeholder, or restoration marker.",conservative_pattern,"Automatically extracted from course-code, year, cohort, teacher, or duplicate-instance text; review before import."
32,89,"I1TC-S2-DTCI12INF Introduction to ICT-e","I1TC-S2-DTCI12INF Introduction to ICT-e",unchanged,"Introduction to ICT-e",review,low,review_family,valid_candidate,keep,"No obvious demo, test, placeholder, or restoration marker.",conservative_pattern,"Automatically extracted from course-code, year, cohort, teacher, or duplicate-instance text; review before import."
223,89,"I1TC-S2-DTCI12MKT Marketing","I1TC-S2-DTCI12MKT Marketing",unchanged,Marketing,review,low,review_family,valid_candidate,keep,"No obvious demo, test, placeholder, or restoration marker.",conservative_pattern,"Automatically extracted from course-code, year, cohort, teacher, or duplicate-instance text; review before import."
229,89,"I1TC-S2-DTCI12TMD Thermodynamics","I1TC-S2-DTCI12TMD Thermodynamics",unchanged,Thermodynamics,review,low,review_family,valid_candidate,keep,"No obvious demo, test, placeholder, or restoration marker.",conservative_pattern,"Automatically extracted from course-code, year, cohort, teacher, or duplicate-instance text; review before import."
1619,136,"I1TC-S2-Engineering History","I1TC-S2-Engineering History",unchanged,"Engineering History",review,low,review_family,valid_candidate,keep,"No obvious demo, test, placeholder, or restoration marker.",conservative_pattern,"Automatically extracted from course-code, year, cohort, teacher, or duplicate-instance text; review before import."
1329,136,"I1TC-S2-FP028-Chemistry for Engineering","I1TC-S2-FP028-Chemistry for Engineering",unchanged,"Chemistry for Engineering",review,low,review_family,valid_candidate,keep,"No obvious demo, test, placeholder, or restoration marker.",conservative_pattern,"Automatically extracted from course-code, year, cohort, teacher, or duplicate-instance text; review before import."
1328,136,"I1TC-S2-FP041-Engineering Mathematics II","I1TC-S2-FP041-Engineering Mathematics II",unchanged,"Engineering Mathematics II",review,low,review_family,valid_candidate,keep,"No obvious demo, test, placeholder, or restoration marker.",conservative_pattern,"Automatically extracted from course-code, year, cohort, teacher, or duplicate-instance text; review before import."
1330,136,"I1TC-S2-FP051-Physics for Engineering II","I1TC-S2-FP051-Physics for Engineering II",unchanged,"Physics for Engineering II",review,low,review_family,valid_candidate,keep,"No obvious demo, test, placeholder, or restoration marker.",conservative_pattern,"Automatically extracted from course-code, year, cohort, teacher, or duplicate-instance text; review before import."
1331,136,"I1TC-S2-FP058-Writing and Research Skills","I1TC-S2-FP058-Writing and Research Skills",unchanged,"Writing and Research Skills",review,low,review_family,valid_candidate,keep,"No obvious demo, test, placeholder, or restoration marker.",conservative_pattern,"Automatically extracted from course-code, year, cohort, teacher, or duplicate-instance text; review before import."
1776,359,"I1TC-S2-PDFI11CE-Chemistry for Engineering 2024-25","I1TC-S2-PDFI11CE-Chemistry for Engineering 2024-25",unchanged,"Chemistry for Engineering",review,low,review_family,valid_candidate,keep,"No obvious demo, test, placeholder, or restoration marker.",conservative_pattern,"Automatically extracted from course-code, year, cohort, teacher, or duplicate-instance text; review before import."
1774,359,"I1TC-S2-PDFI11CT-Critical Thinking 2024-25","I1TC-S2-PDFI11CT-Critical Thinking 2024-25",unchanged,"Critical Thinking",review,low,review_family,valid_candidate,keep,"No obvious demo, test, placeholder, or restoration marker.",conservative_pattern,"Automatically extracted from course-code, year, cohort, teacher, or duplicate-instance text; review before import."
1775,359,"I1TC-S2-PDFI11EMII-Engineering Mathematics III 2024-25","I1TC-S2-PDFI11EMII-Engineering Mathematics III 2024-25",unchanged,"Engineering Mathematics III",review,low,review_family,valid_candidate,keep,"No obvious demo, test, placeholder, or restoration marker.",conservative_pattern,"Automatically extracted from course-code, year, cohort, teacher, or duplicate-instance text; review before import."
1778,359,"I1TC-S2-PDFI11H-Engineering History 2024-25","I1TC-S2-PDFI11H-Engineering History 2024-25",unchanged,"Engineering History",review,low,review_family,valid_candidate,keep,"No obvious demo, test, placeholder, or restoration marker.",conservative_pattern,"Automatically extracted from course-code, year, cohort, teacher, or duplicate-instance text; review before import."
1777,359,"I1TC-S2-PDFI11PEII-Physics for Engineering II 2024-25","I1TC-S2-PDFI11PEII-Physics for Engineering II 2024-25",unchanged,"Physics for Engineering II",review,low,review_family,valid_candidate,keep,"No obvious demo, test, placeholder, or restoration marker.",conservative_pattern,"Automatically extracted from course-code, year, cohort, teacher, or duplicate-instance text; review before import."
1779,359,"I1TC-S2-PDFI11PSII-Project and Seminar II 2024-25","I1TC-S2-PDFI11PSII-Project and Seminar II 2024-25",unchanged,"Project and Seminar II",review,low,review_family,valid_candidate,keep,"No obvious demo, test, placeholder, or restoration marker.",conservative_pattern,"Automatically extracted from course-code, year, cohort, teacher, or duplicate-instance text; review before import."
1773,359,"I1TC-S2-PDFI11WRS-Writing and Research Skills 2024-25","I1TC-S2-PDFI11WRS-Writing and Research Skills 2024-25",unchanged,"Writing and Research Skills",review,low,review_family,valid_candidate,keep,"No obvious demo, test, placeholder, or restoration marker.",conservative_pattern,"Automatically extracted from course-code, year, cohort, teacher, or duplicate-instance text; review before import."
1618,136,I1TC-S2-Seminar,I1TC-S2-Seminar,unchanged,Seminar,review,low,review_family,valid_candidate,keep,"No obvious demo, test, placeholder, or restoration marker.",conservative_pattern,"Automatically extracted from course-code, year, cohort, teacher, or duplicate-instance text; review before import."
1570,89,"I1TC-S2-TP-Introduction(Bak David/I1-45,I1-49)","I1TC-S2-TP-Introduction(Bak David/I1-45,I1-49)",unchanged,Introduction,review,low,review_family,valid_candidate,keep,"No obvious demo, test, placeholder, or restoration marker.",conservative_pattern,"Automatically extracted from course-code, year, cohort, teacher, or duplicate-instance text; review before import."
1558,89,"I1TC-S2-TP-Introduction(CHUN Thavorac)","I1TC-S2-TP-Introduction(CHUN Thavorac)",unchanged,Introduction,review,low,review_family,valid_candidate,keep,"No obvious demo, test, placeholder, or restoration marker.",conservative_pattern,"Automatically extracted from course-code, year, cohort, teacher, or duplicate-instance text; review before import."
1567,89,I1TC-S2-TP-Introduction(I1-31),I1TC-S2-TP-Introduction(I1-31),unchanged,Introduction(I1-31),review,low,review_family,valid_candidate,keep,"No obvious demo, test, placeholder, or restoration marker.",conservative_pattern,"Automatically extracted from course-code, year, cohort, teacher, or duplicate-instance text; review before import."
1559,89,"I1TC-S2-TP-Introduction(KHUN Dararith/I1-13,I1-21,I1-43)","I1TC-S2-TP-Introduction(KHUN Dararith/I1-13,I1-21,I1-43)",unchanged,Introduction,review,low,review_family,valid_candidate,keep,"No obvious demo, test, placeholder, or restoration marker.",conservative_pattern,"Automatically extracted from course-code, year, cohort, teacher, or duplicate-instance text; review before import."
1565,89,I1TC-S2-TP-Introduction(M-Sokhom-5G),I1TC-S2-TP-Introduction(M-Sokhom-5G),unchanged,Introduction(M-Sokhom-5G),review,low,review_family,valid_candidate,keep,"No obvious demo, test, placeholder, or restoration marker.",conservative_pattern,"Automatically extracted from course-code, year, cohort, teacher, or duplicate-instance text; review before import."
1564,89,I1TC-S2-TP-Introduction(Mme-Rasy-12G),I1TC-S2-TP-Introduction(Mme-Rasy-12G),unchanged,Introduction(Mme-Rasy-12G),review,low,review_family,valid_candidate,keep,"No obvious demo, test, placeholder, or restoration marker.",conservative_pattern,"Automatically extracted from course-code, year, cohort, teacher, or duplicate-instance text; review before import."
1566,89,"I1TC-S2-TP-Introduction(NHOEM Phearum/I1-07,I1-15,I1-31,I1-39)","I1TC-S2-TP-Introduction(NHOEM Phearum/I1-07,I1-15,I1-31,I1-39)",unchanged,Introduction,review,low,review_family,valid_candidate,keep,"No obvious demo, test, placeholder, or restoration marker.",conservative_pattern,"Automatically extracted from course-code, year, cohort, teacher, or duplicate-instance text; review before import."
1568,89,"I1TC-S2-TP-Introduction(NOP Phearum/I1-16,I1-24)","I1TC-S2-TP-Introduction(NOP Phearum/I1-16,I1-24)",unchanged,Introduction,review,low,review_family,valid_candidate,keep,"No obvious demo, test, placeholder, or restoration marker.",conservative_pattern,"Automatically extracted from course-code, year, cohort, teacher, or duplicate-instance text; review before import."
1560,89,"I1TC-S2-TP-Introduction(OL Phearun/I1-01,I1-03,I1-05,I1-25,I1-33)","I1TC-S2-TP-Introduction(OL Phearun/I1-01,I1-03,I1-05,I1-25,I1-33)",unchanged,Introduction,review,low,review_family,valid_candidate,keep,"No obvious demo, test, placeholder, or restoration marker.",conservative_pattern,"Automatically extracted from course-code, year, cohort, teacher, or duplicate-instance text; review before import."
1571,89,"I1TC-S2-TP-Introduction(ROEUN Pacharoth/I1-20,I1-27)","I1TC-S2-TP-Introduction(ROEUN Pacharoth/I1-20,I1-27)",unchanged,Introduction,review,low,review_family,valid_candidate,keep,"No obvious demo, test, placeholder, or restoration marker.",conservative_pattern,"Automatically extracted from course-code, year, cohort, teacher, or duplicate-instance text; review before import."
173,89,"I1TC-S2-TP-Introduction(Sreylam/I1-09,I1-12,I1-17,I1-28)","I1TC-S2-TP-Introduction(Sreylam/I1-09,I1-12,I1-17,I1-28)",unchanged,"Introduction(Sreylam/I1-09,I1-12,I1-17,I1-28)",review,low,review_family,valid_candidate,keep,"No obvious demo, test, placeholder, or restoration marker.",conservative_pattern,"Automatically extracted from course-code, year, cohort, teacher, or duplicate-instance text; review before import."
1569,89,"I1TC-S2-TP-Introduction(TAL Tongsreng/I1-36-42)","I1TC-S2-TP-Introduction(TAL Tongsreng/I1-36-42)",unchanged,Introduction,review,low,review_family,valid_candidate,keep,"No obvious demo, test, placeholder, or restoration marker.",conservative_pattern,"Automatically extracted from course-code, year, cohort, teacher, or duplicate-instance text; review before import."
1562,89,"I1TC-S2-TP-Introduction(VANN Sinkeo/I1-08,I1-19,I1-34)","I1TC-S2-TP-Introduction(VANN Sinkeo/I1-08,I1-19,I1-34)",unchanged,Introduction,review,low,review_family,valid_candidate,keep,"No obvious demo, test, placeholder, or restoration marker.",conservative_pattern,"Automatically extracted from course-code, year, cohort, teacher, or duplicate-instance text; review before import."
1563,89,"I1TC-S2-TP-Introduction(YOU Vanndy/I1-10,I1-18,I1-30,I1-38,I1-48)","I1TC-S2-TP-Introduction(YOU Vanndy/I1-10,I1-18,I1-30,I1-38,I1-48)",unchanged,Introduction,review,low,review_family,valid_candidate,keep,"No obvious demo, test, placeholder, or restoration marker.",conservative_pattern,"Automatically extracted from course-code, year, cohort, teacher, or duplicate-instance text; review before import."
1561,89,"I1TC-S2-TP-IntroductionLiv Bunthorn/(I1-32,I1-40)","I1TC-S2-TP-IntroductionLiv Bunthorn/(I1-32,I1-40)",unchanged,"IntroductionLiv Bunthorn/(I1-32,I1-40)",review,low,review_family,valid_candidate,keep,"No obvious demo, test, placeholder, or restoration marker.",conservative_pattern,"Automatically extracted from course-code, year, cohort, teacher, or duplicate-instance text; review before import."
2038,145,"I2-GIC-S2-Project and Seminar IV SE024-AIECS023","I2-GIC-S2-Project and Seminar IV SE024-AIECS023",unchanged,"Project and Seminar IV SE024-AIECS023",review,low,review_family,valid_candidate,keep,"No obvious demo, test, placeholder, or restoration marker.",conservative_pattern,"Automatically extracted from course-code, year, cohort, teacher, or duplicate-instance text; review before import."
1334,137,"I2GCI-CMIE-S1-COMP1005-Fundamentals of Programming","I2GCI-CMIE-S1-COMP1005-Fundamentals of Programming",unchanged,"Fundamentals of Programming",review,low,review_family,valid_candidate,keep,"No obvious demo, test, placeholder, or restoration marker.",conservative_pattern,"Automatically extracted from course-code, year, cohort, teacher, or duplicate-instance text; review before import."
1335,137,"I2GCI-CMIE-S1-ELEN1000-Electrical Systems","I2GCI-CMIE-S1-ELEN1000-Electrical Systems",unchanged,"Electrical Systems",review,low,review_family,valid_candidate,keep,"No obvious demo, test, placeholder, or restoration marker.",conservative_pattern,"Automatically extracted from course-code, year, cohort, teacher, or duplicate-instance text; review before import."
1332,137,"I2GCI-CMIE-S1-MATH1020-Calculus for Engineers","I2GCI-CMIE-S1-MATH1020-Calculus for Engineers",unchanged,"Calculus for Engineers",review,low,review_family,valid_candidate,keep,"No obvious demo, test, placeholder, or restoration marker.",conservative_pattern,"Automatically extracted from course-code, year, cohort, teacher, or duplicate-instance text; review before import."
1333,137,"I2GCI-CMIE-S1-MCEN1000-Engineering Mechanics","I2GCI-CMIE-S1-MCEN1000-Engineering Mechanics",unchanged,"Engineering Mechanics",review,low,review_family,valid_candidate,keep,"No obvious demo, test, placeholder, or restoration marker.",conservative_pattern,"Automatically extracted from course-code, year, cohort, teacher, or duplicate-instance text; review before import."
1338,137,"I2GCI-CMIE-S2-ENVI1000-Environmental Engineering","I2GCI-CMIE-S2-ENVI1000-Environmental Engineering",unchanged,"Environmental Engineering",review,low,review_family,valid_candidate,keep,"No obvious demo, test, placeholder, or restoration marker.",conservative_pattern,"Automatically extracted from course-code, year, cohort, teacher, or duplicate-instance text; review before import."
1336,137,"I2GCI-CMIE-S2-INDE1001-Engineering Foundations: Principles, Design and Communication","I2GCI-CMIE-S2-INDE1001-Engineering Foundations: Principles, Design and Communication",unchanged,"Engineering Foundations: Principles, Design and Communication",review,low,review_family,valid_candidate,keep,"No obvious demo, test, placeholder, or restoration marker.",conservative_pattern,"Automatically extracted from course-code, year, cohort, teacher, or duplicate-instance text; review before import."
1337,137,"I2GCI-CMIE-S2-PRRE1003-Resource, Process and Materials Engineering","I2GCI-CMIE-S2-PRRE1003-Resource, Process and Materials Engineering",unchanged,"Resource, Process and Materials Engineering",review,low,review_family,valid_candidate,keep,"No obvious demo, test, placeholder, or restoration marker.",conservative_pattern,"Automatically extracted from course-code, year, cohort, teacher, or duplicate-instance text; review before import."
1339,137,"I2GCI-CMIE-S2-TEDW1000-Engineering Drawing and Computer Aided Design","I2GCI-CMIE-S2-TEDW1000-Engineering Drawing and Computer Aided Design",unchanged,"Engineering Drawing and Computer Aided Design",review,low,review_family,valid_candidate,keep,"No obvious demo, test, placeholder, or restoration marker.",conservative_pattern,"Automatically extracted from course-code, year, cohort, teacher, or duplicate-instance text; review before import."
1477,153,"I2GEE-ESAS-S1-COMP1005-Fundamentals of Programming","I2GEE-ESAS-S1-COMP1005-Fundamentals of Programming",unchanged,"Fundamentals of Programming",review,low,review_family,valid_candidate,keep,"No obvious demo, test, placeholder, or restoration marker.",conservative_pattern,"Automatically extracted from course-code, year, cohort, teacher, or duplicate-instance text; review before import."
1478,153,"I2GEE-ESAS-S1-ELEN1000-Electrical Systems","I2GEE-ESAS-S1-ELEN1000-Electrical Systems",unchanged,"Electrical Systems",review,low,review_family,valid_candidate,keep,"No obvious demo, test, placeholder, or restoration marker.",conservative_pattern,"Automatically extracted from course-code, year, cohort, teacher, or duplicate-instance text; review before import."
1475,153,"I2GEE-ESAS-S1-MATH1020-Calculus for Engineers","I2GEE-ESAS-S1-MATH1020-Calculus for Engineers",unchanged,"Calculus for Engineers",review,low,review_family,valid_candidate,keep,"No obvious demo, test, placeholder, or restoration marker.",conservative_pattern,"Automatically extracted from course-code, year, cohort, teacher, or duplicate-instance text; review before import."
1476,153,"I2GEE-ESAS-S1-MCEN1000-Engineering Mechanics","I2GEE-ESAS-S1-MCEN1000-Engineering Mechanics",unchanged,"Engineering Mechanics",review,low,review_family,valid_candidate,keep,"No obvious demo, test, placeholder, or restoration marker.",conservative_pattern,"Automatically extracted from course-code, year, cohort, teacher, or duplicate-instance text; review before import."
1481,153,"I2GEE-ESAS-S2-ENVI1000-Environmental Engineering","I2GEE-ESAS-S2-ENVI1000-Environmental Engineering",unchanged,"Environmental Engineering",review,low,review_family,valid_candidate,keep,"No obvious demo, test, placeholder, or restoration marker.",conservative_pattern,"Automatically extracted from course-code, year, cohort, teacher, or duplicate-instance text; review before import."
1479,153,"I2GEE-ESAS-S2-INDE1001-Engineering Foundations: Principles, Design and Communication","I2GEE-ESAS-S2-INDE1001-Engineering Foundations: Principles, Design and Communication",unchanged,"Engineering Foundations: Principles, Design and Communication",review,low,review_family,valid_candidate,keep,"No obvious demo, test, placeholder, or restoration marker.",conservative_pattern,"Automatically extracted from course-code, year, cohort, teacher, or duplicate-instance text; review before import."
1480,153,"I2GEE-ESAS-S2-PRRE1003-Resource, Process and Materials Engineering","I2GEE-ESAS-S2-PRRE1003-Resource, Process and Materials Engineering",unchanged,"Resource, Process and Materials Engineering",review,low,review_family,valid_candidate,keep,"No obvious demo, test, placeholder, or restoration marker.",conservative_pattern,"Automatically extracted from course-code, year, cohort, teacher, or duplicate-instance text; review before import."
1482,153,"I2GEE-ESAS-S2-TEDW1000-Engineering Drawing and Computer Aided Design","I2GEE-ESAS-S2-TEDW1000-Engineering Drawing and Computer Aided Design",unchanged,"Engineering Drawing and Computer Aided Design",review,low,review_family,valid_candidate,keep,"No obvious demo, test, placeholder, or restoration marker.",conservative_pattern,"Automatically extracted from course-code, year, cohort, teacher, or duplicate-instance text; review before import."
1373,141,"I2GIC-S1-AIECS013-Fundamental Concepts of Data Security","I2GIC-S1-AIECS013-Fundamental Concepts of Data Security",unchanged,"Fundamental Concepts of Data Security",review,low,review_family,valid_candidate,keep,"No obvious demo, test, placeholder, or restoration marker.",conservative_pattern,"Automatically extracted from course-code, year, cohort, teacher, or duplicate-instance text; review before import."
1372,141,"I2GIC-S1-AIECS014-Integrating Indigenous Science and STEM","I2GIC-S1-AIECS014-Integrating Indigenous Science and STEM",unchanged,"Integrating Indigenous Science and STEM",review,low,review_family,valid_candidate,keep,"No obvious demo, test, placeholder, or restoration marker.",conservative_pattern,"Automatically extracted from course-code, year, cohort, teacher, or duplicate-instance text; review before import."
1370,141,"I2GIC-S1-AIECS015-Introduction to Software Engineering","I2GIC-S1-AIECS015-Introduction to Software Engineering",unchanged,"Introduction to Software Engineering",review,low,review_family,valid_candidate,keep,"No obvious demo, test, placeholder, or restoration marker.",conservative_pattern,"Automatically extracted from course-code, year, cohort, teacher, or duplicate-instance text; review before import."
1371,141,"I2GIC-S1-AIECS016-Programming Design and Implementation","I2GIC-S1-AIECS016-Programming Design and Implementation",unchanged,"Programming Design and Implementation",review,low,review_family,valid_candidate,keep,"No obvious demo, test, placeholder, or restoration marker.",conservative_pattern,"Automatically extracted from course-code, year, cohort, teacher, or duplicate-instance text; review before import."
1693,141,"I2GIC-S1-AIECS018-Project and Seminar III","I2GIC-S1-AIECS018-Project and Seminar III",unchanged,"Project and Seminar III",review,low,review_family,valid_candidate,keep,"No obvious demo, test, placeholder, or restoration marker.",conservative_pattern,"Automatically extracted from course-code, year, cohort, teacher, or duplicate-instance text; review before import."
1410,145,"I2GIC-S1-Fundamental Concept of Data Security SE015-AIECS013","I2GIC-S1-Fundamental Concept of Data Security SE015-AIECS013",unchanged,"Fundamental Concept of Data Security SE015-AIECS013",review,low,review_family,valid_candidate,keep,"No obvious demo, test, placeholder, or restoration marker.",conservative_pattern,"Automatically extracted from course-code, year, cohort, teacher, or duplicate-instance text; review before import."
1736,145,"I2GIC-S1-Integrating Indigenous Science and STEM SE016-AIECS014","I2GIC-S1-Integrating Indigenous Science and STEM SE016-AIECS014",unchanged,"Integrating Indigenous Science and STEM SE016-AIECS014",review,low,review_family,valid_candidate,keep,"No obvious demo, test, placeholder, or restoration marker.",conservative_pattern,"Automatically extracted from course-code, year, cohort, teacher, or duplicate-instance text; review before import."
1376,145,"I2GIC-S1-Introduction to Computer Communication and Networks AIECS017","I2GIC-S1-Introduction to Computer Communication and Networks AIECS017",unchanged,"Introduction to Computer Communication and Networks AIECS017",review,low,review_family,valid_candidate,keep,"No obvious demo, test, placeholder, or restoration marker.",conservative_pattern,"Automatically extracted from course-code, year, cohort, teacher, or duplicate-instance text; review before import."
1411,145,"I2GIC-S1-Introduction to Software Engineering SE014-AIECS015","I2GIC-S1-Introduction to Software Engineering SE014-AIECS015",unchanged,"Introduction to Software Engineering SE014-AIECS015",review,low,review_family,valid_candidate,keep,"No obvious demo, test, placeholder, or restoration marker.",conservative_pattern,"Automatically extracted from course-code, year, cohort, teacher, or duplicate-instance text; review before import."
1406,145,"I2GIC-S1-Programming Design and Implementation SE013-AIECS016","I2GIC-S1-Programming Design and Implementation SE013-AIECS016",unchanged,"Programming Design and Implementation SE013-AIECS016",review,low,review_family,valid_candidate,keep,"No obvious demo, test, placeholder, or restoration marker.",conservative_pattern,"Automatically extracted from course-code, year, cohort, teacher, or duplicate-instance text; review before import."
1408,145,"I2GIC-S1-Project Seminar III SE018-AIECS018","I2GIC-S1-Project Seminar III SE018-AIECS018",unchanged,"Project Seminar III SE018-AIECS018",review,low,review_family,valid_candidate,keep,"No obvious demo, test, placeholder, or restoration marker.",conservative_pattern,"Automatically extracted from course-code, year, cohort, teacher, or duplicate-instance text; review before import."
1409,145,"I2GIC-S1-UI and UX design SE017","I2GIC-S1-UI and UX design SE017",unchanged,"UI and UX design SE017",review,low,review_family,valid_candidate,keep,"No obvious demo, test, placeholder, or restoration marker.",conservative_pattern,"Automatically extracted from course-code, year, cohort, teacher, or duplicate-instance text; review before import."
1369,141,"I2GIC-S2-AIECS019-Cyber Security Concepts","I2GIC-S2-AIECS019-Cyber Security Concepts",unchanged,"Cyber Security Concepts",review,low,review_family,valid_candidate,keep,"No obvious demo, test, placeholder, or restoration marker.",conservative_pattern,"Automatically extracted from course-code, year, cohort, teacher, or duplicate-instance text; review before import."
1377,141,"I2GIC-S2-AIECS020-Data Structures and Algorithm","I2GIC-S2-AIECS020-Data Structures and Algorithm",unchanged,"Data Structures and Algorithm",review,low,review_family,valid_candidate,keep,"No obvious demo, test, placeholder, or restoration marker.",conservative_pattern,"Automatically extracted from course-code, year, cohort, teacher, or duplicate-instance text; review before import."
1375,141,"I2GIC-S2-AIECS021-Linear Algebra and Statistic for Engineers","I2GIC-S2-AIECS021-Linear Algebra and Statistic for Engineers",unchanged,"Linear Algebra and Statistic for Engineers",review,low,review_family,valid_candidate,keep,"No obvious demo, test, placeholder, or restoration marker.",conservative_pattern,"Automatically extracted from course-code, year, cohort, teacher, or duplicate-instance text; review before import."
1694,141,"I2GIC-S2-AIECS022-Unix and C Programming","I2GIC-S2-AIECS022-Unix and C Programming",unchanged,"Unix and C Programming",review,low,review_family,valid_candidate,keep,"No obvious demo, test, placeholder, or restoration marker.",conservative_pattern,"Automatically extracted from course-code, year, cohort, teacher, or duplicate-instance text; review before import."
1374,141,"I2GIC-S2-AIECS023-Project and Seminar II","I2GIC-S2-AIECS023-Project and Seminar II",unchanged,"Project and Seminar II",review,low,review_family,valid_candidate,keep,"No obvious demo, test, placeholder, or restoration marker.",conservative_pattern,"Automatically extracted from course-code, year, cohort, teacher, or duplicate-instance text; review before import."
2036,145,"I2GIC-S2-Cyber Security Concepts AIECS019","I2GIC-S2-Cyber Security Concepts AIECS019",unchanged,"Cyber Security Concepts AIECS019",review,low,review_family,valid_candidate,keep,"No obvious demo, test, placeholder, or restoration marker.",conservative_pattern,"Automatically extracted from course-code, year, cohort, teacher, or duplicate-instance text; review before import."
1412,145,"I2GIC-S2-Data Structures and Algorithms SE-AIECS-020","I2GIC-S2-Data Structures and Algorithms SE-AIECS-020",unchanged,"Data Structures and Algorithms SE-AIECS-020",review,low,review_family,valid_candidate,keep,"No obvious demo, test, placeholder, or restoration marker.",conservative_pattern,"Automatically extracted from course-code, year, cohort, teacher, or duplicate-instance text; review before import."
1404,145,"I2GIC-S2-Introduction to Database SE022","I2GIC-S2-Introduction to Database SE022",unchanged,"Introduction to Database SE022",review,low,review_family,valid_candidate,keep,"No obvious demo, test, placeholder, or restoration marker.",conservative_pattern,"Automatically extracted from course-code, year, cohort, teacher, or duplicate-instance text; review before import."
1405,145,"I2GIC-S2-Linear Algebra and Statistics for Engineers SE021-AIECS021","I2GIC-S2-Linear Algebra and Statistics for Engineers SE021-AIECS021",unchanged,"Linear Algebra and Statistics for Engineers SE021-AIECS021",review,low,review_family,valid_candidate,keep,"No obvious demo, test, placeholder, or restoration marker.",conservative_pattern,"Automatically extracted from course-code, year, cohort, teacher, or duplicate-instance text; review before import."
2039,145,"I2GIC-S2-Object Oriented Programming SE-023","I2GIC-S2-Object Oriented Programming SE-023",unchanged,"Object Oriented Programming SE-023",review,low,review_family,valid_candidate,keep,"No obvious demo, test, placeholder, or restoration marker.",conservative_pattern,"Automatically extracted from course-code, year, cohort, teacher, or duplicate-instance text; review before import."
1407,145,"I2GIC-S2-Operating System SE019","I2GIC-S2-Operating System SE019",unchanged,"Operating System SE019",review,low,review_family,valid_candidate,keep,"No obvious demo, test, placeholder, or restoration marker.",conservative_pattern,"Automatically extracted from course-code, year, cohort, teacher, or duplicate-instance text; review before import."
2037,145,"I2GIC-S2-Unix and C Programming AIECS022","I2GIC-S2-Unix and C Programming AIECS022",unchanged,"Unix and C Programming AIECS022",review,low,review_family,valid_candidate,keep,"No obvious demo, test, placeholder, or restoration marker.",conservative_pattern,"Automatically extracted from course-code, year, cohort, teacher, or duplicate-instance text; review before import."
1443,149,"I2GRU-SEB-S1-COMP1005-Fundamentals of programming ","I2GRU-SEB-S1-COMP1005-Fundamentals of programming",approved,"Fundamentals of programming",review,low,review_family,valid_candidate,keep,"No obvious demo, test, placeholder, or restoration marker.",conservative_pattern,"Normalized outer, repeated, or non-breaking whitespace. Automatically extracted from course-code, year, cohort, teacher, or duplicate-instance text; review before import."
1444,149,"I2GRU-SEB-S1-Hydrology  ",I2GRU-SEB-S1-Hydrology,approved,Hydrology,review,low,review_family,valid_candidate,keep,"No obvious demo, test, placeholder, or restoration marker.",conservative_pattern,"Normalized outer, repeated, or non-breaking whitespace. Automatically extracted from course-code, year, cohort, teacher, or duplicate-instance text; review before import."
1441,149,"I2GRU-SEB-S1-MATH1020-Calculus for engineers ","I2GRU-SEB-S1-MATH1020-Calculus for engineers",approved,"Calculus for engineers",review,low,review_family,valid_candidate,keep,"No obvious demo, test, placeholder, or restoration marker.",conservative_pattern,"Normalized outer, repeated, or non-breaking whitespace. Automatically extracted from course-code, year, cohort, teacher, or duplicate-instance text; review before import."
1442,149,"I2GRU-SEB-S1-MCEN1000-Engineering Mechanics ","I2GRU-SEB-S1-MCEN1000-Engineering Mechanics",approved,"Engineering Mechanics",review,low,review_family,valid_candidate,keep,"No obvious demo, test, placeholder, or restoration marker.",conservative_pattern,"Normalized outer, repeated, or non-breaking whitespace. Automatically extracted from course-code, year, cohort, teacher, or duplicate-instance text; review before import."
1449,149,"I2GRU-SEB-S2-Engineering drawing and computer-aided design ","I2GRU-SEB-S2-Engineering drawing and computer-aided design",approved,"Engineering drawing and computer-aided design",review,low,review_family,valid_candidate,keep,"No obvious demo, test, placeholder, or restoration marker.",conservative_pattern,"Normalized outer, repeated, or non-breaking whitespace. Automatically extracted from course-code, year, cohort, teacher, or duplicate-instance text; review before import."
1448,149,"I2GRU-SEB-S2-Environmental engineering ","I2GRU-SEB-S2-Environmental engineering",approved,"Environmental engineering",review,low,review_family,valid_candidate,keep,"No obvious demo, test, placeholder, or restoration marker.",conservative_pattern,"Normalized outer, repeated, or non-breaking whitespace. Automatically extracted from course-code, year, cohort, teacher, or duplicate-instance text; review before import."
1445,149,"I2GRU-SEB-S2-INDE1001-Engineering Foundations: principles, design, and Communication ","I2GRU-SEB-S2-INDE1001-Engineering Foundations: principles, design, and Communication",approved,"Engineering Foundations: principles, design, and Communication",review,low,review_family,valid_candidate,keep,"No obvious demo, test, placeholder, or restoration marker.",conservative_pattern,"Normalized outer, repeated, or non-breaking whitespace. Automatically extracted from course-code, year, cohort, teacher, or duplicate-instance text; review before import."
1446,149,"I2GRU-SEB-S2-PRRE1003-Resource, process, and materials ","I2GRU-SEB-S2-PRRE1003-Resource, process, and materials",approved,"Resource, process, and materials",review,low,review_family,valid_candidate,keep,"No obvious demo, test, placeholder, or restoration marker.",conservative_pattern,"Normalized outer, repeated, or non-breaking whitespace. Automatically extracted from course-code, year, cohort, teacher, or duplicate-instance text; review before import."
1447,149,"I2GRU-SEB-S2-STAT1005-Introduction to Probability and Data Analysis ","I2GRU-SEB-S2-STAT1005-Introduction to Probability and Data Analysis",approved,"Introduction to Probability and Data Analysis",review,low,review_family,valid_candidate,keep,"No obvious demo, test, placeholder, or restoration marker.",conservative_pattern,"Normalized outer, repeated, or non-breaking whitespace. Automatically extracted from course-code, year, cohort, teacher, or duplicate-instance text; review before import."
1514,157,"I2MSE-S1-COMP1005-Fundamentals of Programming","I2MSE-S1-COMP1005-Fundamentals of Programming",unchanged,"Fundamentals of Programming",review,low,review_family,valid_candidate,keep,"No obvious demo, test, placeholder, or restoration marker.",conservative_pattern,"Automatically extracted from course-code, year, cohort, teacher, or duplicate-instance text; review before import."
1515,157,"I2MSE-S1-ELEN1000-Electrical Systems","I2MSE-S1-ELEN1000-Electrical Systems",unchanged,"Electrical Systems",review,low,review_family,valid_candidate,keep,"No obvious demo, test, placeholder, or restoration marker.",conservative_pattern,"Automatically extracted from course-code, year, cohort, teacher, or duplicate-instance text; review before import."
1512,157,"I2MSE-S1-MATH1020-Calculus for Engineers","I2MSE-S1-MATH1020-Calculus for Engineers",unchanged,"Calculus for Engineers",review,low,review_family,valid_candidate,keep,"No obvious demo, test, placeholder, or restoration marker.",conservative_pattern,"Automatically extracted from course-code, year, cohort, teacher, or duplicate-instance text; review before import."
1513,157,"I2MSE-S1-MCEN1000-Engineering Mechanics","I2MSE-S1-MCEN1000-Engineering Mechanics",unchanged,"Engineering Mechanics",review,low,review_family,valid_candidate,keep,"No obvious demo, test, placeholder, or restoration marker.",conservative_pattern,"Automatically extracted from course-code, year, cohort, teacher, or duplicate-instance text; review before import."
1518,157,"I2MSE-S2-ENVI1000-Environmental Engineering","I2MSE-S2-ENVI1000-Environmental Engineering",unchanged,"Environmental Engineering",review,low,review_family,valid_candidate,keep,"No obvious demo, test, placeholder, or restoration marker.",conservative_pattern,"Automatically extracted from course-code, year, cohort, teacher, or duplicate-instance text; review before import."
1516,157,"I2MSE-S2-INDE1001-Engineering Foundations: Principles, Design and Communication","I2MSE-S2-INDE1001-Engineering Foundations: Principles, Design and Communication",unchanged,"Engineering Foundations: Principles, Design and Communication",review,low,review_family,valid_candidate,keep,"No obvious demo, test, placeholder, or restoration marker.",conservative_pattern,"Automatically extracted from course-code, year, cohort, teacher, or duplicate-instance text; review before import."
1517,157,"I2MSE-S2-PRRE1003-Resource, Process and Materials Engineering","I2MSE-S2-PRRE1003-Resource, Process and Materials Engineering",unchanged,"Resource, Process and Materials Engineering",review,low,review_family,valid_candidate,keep,"No obvious demo, test, placeholder, or restoration marker.",conservative_pattern,"Automatically extracted from course-code, year, cohort, teacher, or duplicate-instance text; review before import."
1519,157,"I2MSE-S2-TEDW1000-Engineering Drawing and Computer Aided Design","I2MSE-S2-TEDW1000-Engineering Drawing and Computer Aided Design",unchanged,"Engineering Drawing and Computer Aided Design",review,low,review_family,valid_candidate,keep,"No obvious demo, test, placeholder, or restoration marker.",conservative_pattern,"Automatically extracted from course-code, year, cohort, teacher, or duplicate-instance text; review before import."
1017,91,"I2SA-S2-EngI2 English I2","I2SA-S2-EngI2 English I2",unchanged,"EngI2 English I2",review,low,review_family,valid_candidate,keep,"No obvious demo, test, placeholder, or restoration marker.",conservative_pattern,"Automatically extracted from course-code, year, cohort, teacher, or duplicate-instance text; review before import."
1000,81,"I2SF-S1-FRI2-A2 I2-S1 French I2-A2","I2SF-S1-FRI2-A2 I2-S1 French I2-A2",unchanged,"A2 I2-S1 French I2-A2",review,low,review_family,valid_candidate,keep,"No obvious demo, test, placeholder, or restoration marker.",conservative_pattern,"Automatically extracted from course-code, year, cohort, teacher, or duplicate-instance text; review before import."
1001,81,"I2SF-S2- I2-S2 French I2-A2","I2SF-S2- I2-S2 French I2-A2",unchanged,"I2-S2 French I2-A2",review,low,review_family,valid_candidate,keep,"No obvious demo, test, placeholder, or restoration marker.",conservative_pattern,"Automatically extracted from course-code, year, cohort, teacher, or duplicate-instance text; review before import."
250,90,"I2TC-S1-ANG English for Work and Career: Engineering Skills","I2TC-S1-ANG English for Work and Career: Engineering Skills",unchanged,"ANG English for Work and Career: Engineering Skills",review,low,review_family,valid_candidate,keep,"No obvious demo, test, placeholder, or restoration marker.",conservative_pattern,"Automatically extracted from course-code, year, cohort, teacher, or duplicate-instance text; review before import."
236,90,"I2TC-S1-DTCI21AGL Linear Algebra","I2TC-S1-DTCI21AGL Linear Algebra",unchanged,"Linear Algebra",review,low,review_family,valid_candidate,keep,"No obvious demo, test, placeholder, or restoration marker.",conservative_pattern,"Automatically extracted from course-code, year, cohort, teacher, or duplicate-instance text; review before import."
244,90,"I2TC-S1-DTCI21ANG English","I2TC-S1-DTCI21ANG English",unchanged,English,review,low,review_family,valid_candidate,keep,"No obvious demo, test, placeholder, or restoration marker.",conservative_pattern,"Automatically extracted from course-code, year, cohort, teacher, or duplicate-instance text; review before import."
251,90,"I2TC-S1-DTCI21ANG English for Work and Career: Engineering Skills","I2TC-S1-DTCI21ANG English for Work and Career: Engineering Skills",unchanged,"English for Work and Career: Engineering Skills",review,low,review_family,valid_candidate,keep,"No obvious demo, test, placeholder, or restoration marker.",conservative_pattern,"Automatically extracted from course-code, year, cohort, teacher, or duplicate-instance text; review before import."
241,90,"I2TC-S1-DTCI21ANL Calculus III","I2TC-S1-DTCI21ANL Calculus III",unchanged,"Calculus III",review,low,review_family,valid_candidate,keep,"No obvious demo, test, placeholder, or restoration marker.",conservative_pattern,"Automatically extracted from course-code, year, cohort, teacher, or duplicate-instance text; review before import."
253,90,"I2TC-S1-DTCI21DSP Data Structure and Programming I","I2TC-S1-DTCI21DSP Data Structure and Programming I",unchanged,"Data Structure and Programming I",review,low,review_family,valid_candidate,keep,"No obvious demo, test, placeholder, or restoration marker.",conservative_pattern,"Automatically extracted from course-code, year, cohort, teacher, or duplicate-instance text; review before import."
246,90,"I2TC-S1-DTCI21ELE Electricity","I2TC-S1-DTCI21ELE Electricity",unchanged,Electricity,review,low,review_family,valid_candidate,keep,"No obvious demo, test, placeholder, or restoration marker.",conservative_pattern,"Automatically extracted from course-code, year, cohort, teacher, or duplicate-instance text; review before import."
255,90,"I2TC-S1-DTCI21FRA French","I2TC-S1-DTCI21FRA French",unchanged,French,review,low,review_family,valid_candidate,keep,"No obvious demo, test, placeholder, or restoration marker.",conservative_pattern,"Automatically extracted from course-code, year, cohort, teacher, or duplicate-instance text; review before import."
252,90,"I2TC-S1-DTCI21FRA Professional Integration","I2TC-S1-DTCI21FRA Professional Integration",unchanged,"Professional Integration",review,low,review_family,valid_candidate,keep,"No obvious demo, test, placeholder, or restoration marker.",conservative_pattern,"Automatically extracted from course-code, year, cohort, teacher, or duplicate-instance text; review before import."
254,90,"I2TC-S1-DTCI21LAG Linear Algebra wrong code ","I2TC-S1-DTCI21LAG Linear Algebra wrong code",approved,"Linear Algebra wrong code",review,low,review_family,invalid_duplicate,exclude_from_analytics,"Hidden course explicitly marked with a wrong code and negligible usage.",conservative_pattern,"Normalized outer, repeated, or non-breaking whitespace. Automatically extracted from course-code, year, cohort, teacher, or duplicate-instance text; review before import."
235,90,"I2TC-S1-DTCI21MCN Mechanics II","I2TC-S1-DTCI21MCN Mechanics II",unchanged,"Mechanics II",review,low,review_family,valid_candidate,keep,"No obvious demo, test, placeholder, or restoration marker.",conservative_pattern,"Automatically extracted from course-code, year, cohort, teacher, or duplicate-instance text; review before import."
258,90,"I2TC-S2-DTCI22ANG English","I2TC-S2-DTCI22ANG English",unchanged,English,review,low,review_family,valid_candidate,keep,"No obvious demo, test, placeholder, or restoration marker.",conservative_pattern,"Automatically extracted from course-code, year, cohort, teacher, or duplicate-instance text; review before import."
257,90,"I2TC-S2-DTCI22ARO Computer Architecture","I2TC-S2-DTCI22ARO Computer Architecture",unchanged,"Computer Architecture",review,low,review_family,valid_candidate,keep,"No obvious demo, test, placeholder, or restoration marker.",conservative_pattern,"Automatically extracted from course-code, year, cohort, teacher, or duplicate-instance text; review before import."
259,90,"I2TC-S2-DTCI22CHM Chemistry","I2TC-S2-DTCI22CHM Chemistry",unchanged,Chemistry,review,low,review_family,valid_candidate,keep,"No obvious demo, test, placeholder, or restoration marker.",conservative_pattern,"Automatically extracted from course-code, year, cohort, teacher, or duplicate-instance text; review before import."
233,90,"I2TC-S2-DTCI22EQD Differential Equations-e","I2TC-S2-DTCI22EQD Differential Equations-e",unchanged,"Differential Equations-e",review,low,review_family,valid_candidate,keep,"No obvious demo, test, placeholder, or restoration marker.",conservative_pattern,"Automatically extracted from course-code, year, cohort, teacher, or duplicate-instance text; review before import."
238,90,"I2TC-S2-DTCI22FRA French","I2TC-S2-DTCI22FRA French",unchanged,French,review,low,review_family,valid_candidate,keep,"No obvious demo, test, placeholder, or restoration marker.",conservative_pattern,"Automatically extracted from course-code, year, cohort, teacher, or duplicate-instance text; review before import."
242,90,"I2TC-S2-DTCI22PRO Probability-e","I2TC-S2-DTCI22PRO Probability-e",unchanged,Probability-e,review,low,review_family,valid_candidate,keep,"No obvious demo, test, placeholder, or restoration marker.",conservative_pattern,"Automatically extracted from course-code, year, cohort, teacher, or duplicate-instance text; review before import."
256,90,"I2TC-S2-DTCI22SDP Data Structure and Programming II","I2TC-S2-DTCI22SDP Data Structure and Programming II",unchanged,"Data Structure and Programming II",review,low,review_family,valid_candidate,keep,"No obvious demo, test, placeholder, or restoration marker.",conservative_pattern,"Automatically extracted from course-code, year, cohort, teacher, or duplicate-instance text; review before import."
232,90,"I2TC-S2-DTCI22VBO Vibration and Wave","I2TC-S2-DTCI22VBO Vibration and Wave",unchanged,"Vibration and Wave",review,low,review_family,valid_candidate,keep,"No obvious demo, test, placeholder, or restoration marker.",conservative_pattern,"Automatically extracted from course-code, year, cohort, teacher, or duplicate-instance text; review before import."
949,77,"I3-S1-I31STA Statistics","I3-S1-I31STA Statistics",unchanged,"I31STA Statistics",review,low,review_family,valid_candidate,keep,"No obvious demo, test, placeholder, or restoration marker.",conservative_pattern,"Automatically extracted from course-code, year, cohort, teacher, or duplicate-instance text; review before import."
951,77,"I3AMS-S1-AMSI31ACO Advanced Computer Architecture","I3AMS-S1-AMSI31ACO Advanced Computer Architecture",unchanged,"Advanced Computer Architecture",review,low,review_family,valid_candidate,keep,"No obvious demo, test, placeholder, or restoration marker.",conservative_pattern,"Automatically extracted from course-code, year, cohort, teacher, or duplicate-instance text; review before import."
954,77,"I3AMS-S1-AMSI31ANG English","I3AMS-S1-AMSI31ANG English",unchanged,English,review,low,review_family,valid_candidate,keep,"No obvious demo, test, placeholder, or restoration marker.",conservative_pattern,"Automatically extracted from course-code, year, cohort, teacher, or duplicate-instance text; review before import."
952,77,"I3AMS-S1-AMSI31DIS Discrete Mathematics","I3AMS-S1-AMSI31DIS Discrete Mathematics",unchanged,"Discrete Mathematics",review,low,review_family,valid_candidate,keep,"No obvious demo, test, placeholder, or restoration marker.",conservative_pattern,"Automatically extracted from course-code, year, cohort, teacher, or duplicate-instance text; review before import."
955,77,"I3AMS-S1-AMSI31FRA French","I3AMS-S1-AMSI31FRA French",unchanged,French,review,low,review_family,valid_candidate,keep,"No obvious demo, test, placeholder, or restoration marker.",conservative_pattern,"Automatically extracted from course-code, year, cohort, teacher, or duplicate-instance text; review before import."
1270,77,"I3AMS-S1-AMSI31IDS Introduction to Data Science","I3AMS-S1-AMSI31IDS Introduction to Data Science",unchanged,"Introduction to Data Science",review,low,review_family,valid_candidate,keep,"No obvious demo, test, placeholder, or restoration marker.",conservative_pattern,"Automatically extracted from course-code, year, cohort, teacher, or duplicate-instance text; review before import."
965,77,"I3AMS-S1-AMSI31MAM Mathematical Modeling","I3AMS-S1-AMSI31MAM Mathematical Modeling",unchanged,"Mathematical Modeling",review,low,review_family,valid_candidate,keep,"No obvious demo, test, placeholder, or restoration marker.",conservative_pattern,"Automatically extracted from course-code, year, cohort, teacher, or duplicate-instance text; review before import."
950,77,"I3AMS-S1-AMSI31OOP Object-Oriented Programming","I3AMS-S1-AMSI31OOP Object-Oriented Programming",unchanged,"Object-Oriented Programming",review,low,review_family,valid_candidate,keep,"No obvious demo, test, placeholder, or restoration marker.",conservative_pattern,"Automatically extracted from course-code, year, cohort, teacher, or duplicate-instance text; review before import."
953,77,"I3AMS-S1-AMSI31OPT Optimization","I3AMS-S1-AMSI31OPT Optimization",unchanged,Optimization,review,low,review_family,valid_candidate,keep,"No obvious demo, test, placeholder, or restoration marker.",conservative_pattern,"Automatically extracted from course-code, year, cohort, teacher, or duplicate-instance text; review before import."
962,77,"I3AMS-S2- Minor project ","I3AMS-S2- Minor project",approved,"Minor project",review,low,review_family,valid_candidate,keep,"No obvious demo, test, placeholder, or restoration marker.",conservative_pattern,"Normalized outer, repeated, or non-breaking whitespace. Automatically extracted from course-code, year, cohort, teacher, or duplicate-instance text; review before import."
961,77,"I3AMS-S2-AMSI32ANG English","I3AMS-S2-AMSI32ANG English",unchanged,English,review,low,review_family,valid_candidate,keep,"No obvious demo, test, placeholder, or restoration marker.",conservative_pattern,"Automatically extracted from course-code, year, cohort, teacher, or duplicate-instance text; review before import."
959,77,"I3AMS-S2-AMSI32DAT Database","I3AMS-S2-AMSI32DAT Database",unchanged,Database,review,low,review_family,valid_candidate,keep,"No obvious demo, test, placeholder, or restoration marker.",conservative_pattern,"Automatically extracted from course-code, year, cohort, teacher, or duplicate-instance text; review before import."
960,77,"I3AMS-S2-AMSI32FRA French","I3AMS-S2-AMSI32FRA French",unchanged,French,review,low,review_family,valid_candidate,keep,"No obvious demo, test, placeholder, or restoration marker.",conservative_pattern,"Automatically extracted from course-code, year, cohort, teacher, or duplicate-instance text; review before import."
1534,77,"I3AMS-S2-AMSI32IML Introduction to Machine Learning","I3AMS-S2-AMSI32IML Introduction to Machine Learning",unchanged,"Introduction to Machine Learning",review,low,review_family,valid_candidate,keep,"No obvious demo, test, placeholder, or restoration marker.",conservative_pattern,"Automatically extracted from course-code, year, cohort, teacher, or duplicate-instance text; review before import."
966,77,"I3AMS-S2-AMSI32INN Introduction to Networks","I3AMS-S2-AMSI32INN Introduction to Networks",unchanged,"Introduction to Networks",review,low,review_family,valid_candidate,keep,"No obvious demo, test, placeholder, or restoration marker.",conservative_pattern,"Automatically extracted from course-code, year, cohort, teacher, or duplicate-instance text; review before import."
957,77,"I3AMS-S2-AMSI32NUM Numerical Analysis","I3AMS-S2-AMSI32NUM Numerical Analysis",unchanged,"Numerical Analysis",review,low,review_family,valid_candidate,keep,"No obvious demo, test, placeholder, or restoration marker.",conservative_pattern,"Automatically extracted from course-code, year, cohort, teacher, or duplicate-instance text; review before import."
1533,77,"I3AMS-S2-AMSI32PDS Programming for Data Science","I3AMS-S2-AMSI32PDS Programming for Data Science",unchanged,"Programming for Data Science",review,low,review_family,valid_candidate,keep,"No obvious demo, test, placeholder, or restoration marker.",conservative_pattern,"Automatically extracted from course-code, year, cohort, teacher, or duplicate-instance text; review before import."
964,77,"I3AMS-S2-AMSI32PDS Python for Data Science","I3AMS-S2-AMSI32PDS Python for Data Science",unchanged,"Python for Data Science",review,low,review_family,valid_candidate,keep,"No obvious demo, test, placeholder, or restoration marker.",conservative_pattern,"Automatically extracted from course-code, year, cohort, teacher, or duplicate-instance text; review before import."
956,77,"I3AMS-S2-AMSI32PRO Advanced probability","I3AMS-S2-AMSI32PRO Advanced probability",unchanged,"Advanced probability",review,low,review_family,valid_candidate,keep,"No obvious demo, test, placeholder, or restoration marker.",conservative_pattern,"Automatically extracted from course-code, year, cohort, teacher, or duplicate-instance text; review before import."
958,77,"I3AMS-S2-AMSI32TDC Topology and differential calculus","I3AMS-S2-AMSI32TDC Topology and differential calculus",unchanged,"Topology and differential calculus",review,low,review_family,valid_candidate,keep,"No obvious demo, test, placeholder, or restoration marker.",conservative_pattern,"Automatically extracted from course-code, year, cohort, teacher, or duplicate-instance text; review before import."
1175,102,"I3GAR-S1-GARI31ATA1 Architectural Design Workshop I","I3GAR-S1-GARI31ATA1 Architectural Design Workshop I",unchanged,"Architectural Design Workshop I",review,low,review_family,valid_candidate,keep,"No obvious demo, test, placeholder, or restoration marker.",conservative_pattern,"Automatically extracted from course-code, year, cohort, teacher, or duplicate-instance text; review before import."
1184,102,"I3GAR-S1-GARI31CRC Sketching and Color","I3GAR-S1-GARI31CRC Sketching and Color",unchanged,"Sketching and Color",review,low,review_family,valid_candidate,keep,"No obvious demo, test, placeholder, or restoration marker.",conservative_pattern,"Automatically extracted from course-code, year, cohort, teacher, or duplicate-instance text; review before import."
1178,102,"I3GAR-S1-GARI31GED Descriptive Geometry","I3GAR-S1-GARI31GED Descriptive Geometry",unchanged,"Descriptive Geometry",review,low,review_family,valid_candidate,keep,"No obvious demo, test, placeholder, or restoration marker.",conservative_pattern,"Automatically extracted from course-code, year, cohort, teacher, or duplicate-instance text; review before import."
1182,102,"I3GAR-S1-GARI31HAK Khmer History of Architecture","I3GAR-S1-GARI31HAK Khmer History of Architecture",unchanged,"Khmer History of Architecture",review,low,review_family,valid_candidate,keep,"No obvious demo, test, placeholder, or restoration marker.",conservative_pattern,"Automatically extracted from course-code, year, cohort, teacher, or duplicate-instance text; review before import."
1177,102,"I3GAR-S1-GARI31MDC Construction Materials","I3GAR-S1-GARI31MDC Construction Materials",unchanged,"Construction Materials",review,low,review_family,valid_candidate,keep,"No obvious demo, test, placeholder, or restoration marker.",conservative_pattern,"Automatically extracted from course-code, year, cohort, teacher, or duplicate-instance text; review before import."
1183,102,"I3GAR-S1-GARI31OEK Ornements and elements of Khmer Architecture","I3GAR-S1-GARI31OEK Ornements and elements of Khmer Architecture",unchanged,"Ornements and elements of Khmer Architecture",review,low,review_family,valid_candidate,keep,"No obvious demo, test, placeholder, or restoration marker.",conservative_pattern,"Automatically extracted from course-code, year, cohort, teacher, or duplicate-instance text; review before import."
1185,102,"I3GAR-S1-GARI31STA Statistics","I3GAR-S1-GARI31STA Statistics",unchanged,Statistics,review,low,review_family,valid_candidate,keep,"No obvious demo, test, placeholder, or restoration marker.",conservative_pattern,"Automatically extracted from course-code, year, cohort, teacher, or duplicate-instance text; review before import."
1180,102,"I3GAR-S1-GARI31TBM Heat in Building","I3GAR-S1-GARI31TBM Heat in Building",unchanged,"Heat in Building",review,low,review_family,valid_candidate,keep,"No obvious demo, test, placeholder, or restoration marker.",conservative_pattern,"Automatically extracted from course-code, year, cohort, teacher, or duplicate-instance text; review before import."
1179,102,"I3GAR-S1-GARI31THA General Theory of Architecture","I3GAR-S1-GARI31THA General Theory of Architecture",unchanged,"General Theory of Architecture",review,low,review_family,valid_candidate,keep,"No obvious demo, test, placeholder, or restoration marker.",conservative_pattern,"Automatically extracted from course-code, year, cohort, teacher, or duplicate-instance text; review before import."
1535,102,"I3GAR-S2 Technical Elements for Architecture","I3GAR-S2 Technical Elements for Architecture",unchanged,"S2 Technical Elements for Architecture",review,low,review_family,valid_candidate,keep,"No obvious demo, test, placeholder, or restoration marker.",conservative_pattern,"Automatically extracted from course-code, year, cohort, teacher, or duplicate-instance text; review before import."
1217,102,"I3GAR-S2-GARI32ATA Atelier II","I3GAR-S2-GARI32ATA Atelier II",unchanged,"Atelier II",review,low,review_family,valid_candidate,keep,"No obvious demo, test, placeholder, or restoration marker.",conservative_pattern,"Automatically extracted from course-code, year, cohort, teacher, or duplicate-instance text; review before import."
1176,102,"I3GAR-S2-GARI32DPO Computer Graphic Design I (Sketch-Up)","I3GAR-S2-GARI32DPO Computer Graphic Design I (Sketch-Up)",unchanged,"Computer Graphic Design I (Sketch-Up)",review,low,review_family,valid_candidate,keep,"No obvious demo, test, placeholder, or restoration marker.",conservative_pattern,"Automatically extracted from course-code, year, cohort, teacher, or duplicate-instance text; review before import."
1188,102,"I3GAR-S2-GARI32HAM World History of Architecture","I3GAR-S2-GARI32HAM World History of Architecture",unchanged,"World History of Architecture",review,low,review_family,valid_candidate,keep,"No obvious demo, test, placeholder, or restoration marker.",conservative_pattern,"Automatically extracted from course-code, year, cohort, teacher, or duplicate-instance text; review before import."
1181,102,"I3GAR-S2-GARI32MAT Informatics (MATLAB)","I3GAR-S2-GARI32MAT Informatics (MATLAB)",unchanged,"Informatics (MATLAB)",review,low,review_family,valid_candidate,keep,"No obvious demo, test, placeholder, or restoration marker.",conservative_pattern,"Automatically extracted from course-code, year, cohort, teacher, or duplicate-instance text; review before import."
1186,102,"I3GAR-S2-GARI32RDM Strength of Materials","I3GAR-S2-GARI32RDM Strength of Materials",unchanged,"Strength of Materials",review,low,review_family,valid_candidate,keep,"No obvious demo, test, placeholder, or restoration marker.",conservative_pattern,"Automatically extracted from course-code, year, cohort, teacher, or duplicate-instance text; review before import."
1187,102,"I3GAR-S2-GARI32TOP Surveying","I3GAR-S2-GARI32TOP Surveying",unchanged,Surveying,review,low,review_family,valid_candidate,keep,"No obvious demo, test, placeholder, or restoration marker.",conservative_pattern,"Automatically extracted from course-code, year, cohort, teacher, or duplicate-instance text; review before import."
453,56,"I3GCA-S1- Fundamental Chemistry","I3GCA-S1- Fundamental Chemistry",unchanged,"Fundamental Chemistry",review,low,review_family,valid_candidate,keep,"No obvious demo, test, placeholder, or restoration marker.",conservative_pattern,"Automatically extracted from course-code, year, cohort, teacher, or duplicate-instance text; review before import."
459,56,"I3GCA-S1- Heat and Mass Transfer","I3GCA-S1- Heat and Mass Transfer",unchanged,"Heat and Mass Transfer",review,low,review_family,valid_candidate,keep,"No obvious demo, test, placeholder, or restoration marker.",conservative_pattern,"Automatically extracted from course-code, year, cohort, teacher, or duplicate-instance text; review before import."
515,59,"I3GCA-S1- Organic Chemistry","I3GCA-S1- Organic Chemistry",unchanged,"Organic Chemistry",review,low,review_family,valid_candidate,keep,"No obvious demo, test, placeholder, or restoration marker.",conservative_pattern,"Automatically extracted from course-code, year, cohort, teacher, or duplicate-instance text; review before import."
447,56,"I3GCA-S1- Physical Chemistry","I3GCA-S1- Physical Chemistry",unchanged,"Physical Chemistry",review,low,review_family,valid_candidate,keep,"No obvious demo, test, placeholder, or restoration marker.",conservative_pattern,"Automatically extracted from course-code, year, cohort, teacher, or duplicate-instance text; review before import."
448,56,"I3GCA-S1- Unit Operation I","I3GCA-S1- Unit Operation I",unchanged,"Unit Operation I",review,low,review_family,valid_candidate,keep,"No obvious demo, test, placeholder, or restoration marker.",conservative_pattern,"Automatically extracted from course-code, year, cohort, teacher, or duplicate-instance text; review before import."
455,56,"I3GCA-S1-English English","I3GCA-S1-English English",unchanged,"English English",review,low,review_family,valid_candidate,keep,"No obvious demo, test, placeholder, or restoration marker.",conservative_pattern,"Automatically extracted from course-code, year, cohort, teacher, or duplicate-instance text; review before import."
452,56,"I3GCA-S1-French French","I3GCA-S1-French French",unchanged,"French French",review,low,review_family,valid_candidate,keep,"No obvious demo, test, placeholder, or restoration marker.",conservative_pattern,"Automatically extracted from course-code, year, cohort, teacher, or duplicate-instance text; review before import."
451,56,"I3GCA-S1-Statistics Statistics","I3GCA-S1-Statistics Statistics",unchanged,"Statistics Statistics",review,low,review_family,valid_candidate,keep,"No obvious demo, test, placeholder, or restoration marker.",conservative_pattern,"Automatically extracted from course-code, year, cohort, teacher, or duplicate-instance text; review before import."
457,56,"I3GCA-S2- Analytical Chemistry","I3GCA-S2- Analytical Chemistry",unchanged,"Analytical Chemistry",review,low,review_family,valid_candidate,keep,"No obvious demo, test, placeholder, or restoration marker.",conservative_pattern,"Automatically extracted from course-code, year, cohort, teacher, or duplicate-instance text; review before import."
458,56,"I3GCA-S2- Fluid Mechanics","I3GCA-S2- Fluid Mechanics",unchanged,"Fluid Mechanics",review,low,review_family,valid_candidate,keep,"No obvious demo, test, placeholder, or restoration marker.",conservative_pattern,"Automatically extracted from course-code, year, cohort, teacher, or duplicate-instance text; review before import."
1536,56,"I3GCA-S2- General Microbiology-e","I3GCA-S2- General Microbiology-e",unchanged,"General Microbiology-e",review,low,review_family,valid_candidate,keep,"No obvious demo, test, placeholder, or restoration marker.",conservative_pattern,"Automatically extracted from course-code, year, cohort, teacher, or duplicate-instance text; review before import."
449,56,"I3GCA-S2- Numerical Method","I3GCA-S2- Numerical Method",unchanged,"Numerical Method",review,low,review_family,valid_candidate,keep,"No obvious demo, test, placeholder, or restoration marker.",conservative_pattern,"Automatically extracted from course-code, year, cohort, teacher, or duplicate-instance text; review before import."
450,56,"I3GCA-S2- Unit Operation II","I3GCA-S2- Unit Operation II",unchanged,"Unit Operation II",review,low,review_family,valid_candidate,keep,"No obvious demo, test, placeholder, or restoration marker.",conservative_pattern,"Automatically extracted from course-code, year, cohort, teacher, or duplicate-instance text; review before import."
456,56,"I3GCA-S2-English English","I3GCA-S2-English English",unchanged,"English English",review,low,review_family,valid_candidate,keep,"No obvious demo, test, placeholder, or restoration marker.",conservative_pattern,"Automatically extracted from course-code, year, cohort, teacher, or duplicate-instance text; review before import."
454,56,"I3GCA-S2-French French","I3GCA-S2-French French",unchanged,"French French",review,low,review_family,valid_candidate,keep,"No obvious demo, test, placeholder, or restoration marker.",conservative_pattern,"Automatically extracted from course-code, year, cohort, teacher, or duplicate-instance text; review before import."
45,56,"I3GCA-S2-TBK- General Microbiology-e","I3GCA-S2-TBK- General Microbiology-e",unchanged,"General Microbiology-e",review,low,review_family,valid_candidate,keep,"No obvious demo, test, placeholder, or restoration marker.",conservative_pattern,"Automatically extracted from course-code, year, cohort, teacher, or duplicate-instance text; review before import."
1315,64,"I3GCI_TBK-S1-GCII31MDF Fluid Mechanics","I3GCI_TBK-S1-GCII31MDF Fluid Mechanics",unchanged,,none,,unchanged,valid_candidate,keep,"No obvious demo, test, placeholder, or restoration marker.",none,
1216,64,"I3GCI_TBK-S2-GCITBKI32MDC Construction Materials","I3GCI_TBK-S2-GCITBKI32MDC Construction Materials",unchanged,,none,,unchanged,valid_candidate,keep,"No obvious demo, test, placeholder, or restoration marker.",none,
1214,64,"I3GCI_TBK-S2-GCITBKI32TDB Technology of Building","I3GCI_TBK-S2-GCITBKI32TDB Technology of Building",unchanged,,none,,unchanged,valid_candidate,keep,"No obvious demo, test, placeholder, or restoration marker.",none,
1341,138,"I3GCI-CMIE-S1-CMII31CED-Civil Engineering Drawing","I3GCI-CMIE-S1-CMII31CED-Civil Engineering Drawing",unchanged,"Civil Engineering Drawing",review,low,review_family,valid_candidate,keep,"No obvious demo, test, placeholder, or restoration marker.",conservative_pattern,"Automatically extracted from course-code, year, cohort, teacher, or duplicate-instance text; review before import."
1340,138,"I3GCI-CMIE-S1-CMII31CEM-Civil Engineering Materials","I3GCI-CMIE-S1-CMII31CEM-Civil Engineering Materials",unchanged,"Civil Engineering Materials",review,low,review_family,valid_candidate,keep,"No obvious demo, test, placeholder, or restoration marker.",conservative_pattern,"Automatically extracted from course-code, year, cohort, teacher, or duplicate-instance text; review before import."
1344,138,"I3GCI-CMIE-S1-CMII31ENS-Engineering Survey","I3GCI-CMIE-S1-CMII31ENS-Engineering Survey",unchanged,"Engineering Survey",review,low,review_family,valid_candidate,keep,"No obvious demo, test, placeholder, or restoration marker.",conservative_pattern,"Automatically extracted from course-code, year, cohort, teacher, or duplicate-instance text; review before import."
1343,138,"I3GCI-CMIE-S1-CMII31FMC-Fluid Mechanics","I3GCI-CMIE-S1-CMII31FMC-Fluid Mechanics",unchanged,"Fluid Mechanics",review,low,review_family,valid_candidate,keep,"No obvious demo, test, placeholder, or restoration marker.",conservative_pattern,"Automatically extracted from course-code, year, cohort, teacher, or duplicate-instance text; review before import."
1342,138,"I3GCI-CMIE-S1-CMII31SAD-Structural Analysis of Determinate Structures","I3GCI-CMIE-S1-CMII31SAD-Structural Analysis of Determinate Structures",unchanged,"Structural Analysis of Determinate Structures",review,low,review_family,valid_candidate,keep,"No obvious demo, test, placeholder, or restoration marker.",conservative_pattern,"Automatically extracted from course-code, year, cohort, teacher, or duplicate-instance text; review before import."
1346,138,"I3GCI-CMIE-S2-CMII32ESD-Engineering Sustainable Development","I3GCI-CMIE-S2-CMII32ESD-Engineering Sustainable Development",unchanged,"Engineering Sustainable Development",review,low,review_family,valid_candidate,keep,"No obvious demo, test, placeholder, or restoration marker.",conservative_pattern,"Automatically extracted from course-code, year, cohort, teacher, or duplicate-instance text; review before import."
1347,138,"I3GCI-CMIE-S2-CMII32PGM-Principles of Geomechanics","I3GCI-CMIE-S2-CMII32PGM-Principles of Geomechanics",unchanged,"Principles of Geomechanics",review,low,review_family,valid_candidate,keep,"No obvious demo, test, placeholder, or restoration marker.",conservative_pattern,"Automatically extracted from course-code, year, cohort, teacher, or duplicate-instance text; review before import."
1348,138,"I3GCI-CMIE-S2-CMII32SIS-Structural Analysis of Indeterminate Structures","I3GCI-CMIE-S2-CMII32SIS-Structural Analysis of Indeterminate Structures",unchanged,"Structural Analysis of Indeterminate Structures",review,low,review_family,valid_candidate,keep,"No obvious demo, test, placeholder, or restoration marker.",conservative_pattern,"Automatically extracted from course-code, year, cohort, teacher, or duplicate-instance text; review before import."
1349,138,"I3GCI-CMIE-S2-CMII32SMC-Structural Mechanics","I3GCI-CMIE-S2-CMII32SMC-Structural Mechanics",unchanged,"Structural Mechanics",review,low,review_family,valid_candidate,keep,"No obvious demo, test, placeholder, or restoration marker.",conservative_pattern,"Automatically extracted from course-code, year, cohort, teacher, or duplicate-instance text; review before import."
1350,138,I3GCI-CMIE-S2-CMII32STT-Statistics,I3GCI-CMIE-S2-CMII32STT-Statistics,unchanged,Statistics,review,low,review_family,valid_candidate,keep,"No obvious demo, test, placeholder, or restoration marker.",conservative_pattern,"Automatically extracted from course-code, year, cohort, teacher, or duplicate-instance text; review before import."
1345,138,"I3GCI-CMIE-S2-CMII32WRE-Water Quality and Resources Engineering","I3GCI-CMIE-S2-CMII32WRE-Water Quality and Resources Engineering",unchanged,"Water Quality and Resources Engineering",review,low,review_family,valid_candidate,keep,"No obvious demo, test, placeholder, or restoration marker.",conservative_pattern,"Automatically extracted from course-code, year, cohort, teacher, or duplicate-instance text; review before import."
664,64,"I3GCI-S1-GCII31AUT AutoCAD","I3GCI-S1-GCII31AUT AutoCAD",unchanged,AutoCAD,review,low,review_family,valid_candidate,keep,"No obvious demo, test, placeholder, or restoration marker.",conservative_pattern,"Automatically extracted from course-code, year, cohort, teacher, or duplicate-instance text; review before import."
640,64,"I3GCI-S1-GCII31HYD Hydrologie","I3GCI-S1-GCII31HYD Hydrologie",unchanged,Hydrologie,review,low,review_family,valid_candidate,keep,"No obvious demo, test, placeholder, or restoration marker.",conservative_pattern,"Automatically extracted from course-code, year, cohort, teacher, or duplicate-instance text; review before import."
637,64,"I3GCI-S1-GCII31LAN English","I3GCI-S1-GCII31LAN English",unchanged,English,review,low,review_family,valid_candidate,keep,"No obvious demo, test, placeholder, or restoration marker.",conservative_pattern,"Automatically extracted from course-code, year, cohort, teacher, or duplicate-instance text; review before import."
639,64,"I3GCI-S1-GCII31LFR French","I3GCI-S1-GCII31LFR French",unchanged,French,review,low,review_family,valid_candidate,keep,"No obvious demo, test, placeholder, or restoration marker.",conservative_pattern,"Automatically extracted from course-code, year, cohort, teacher, or duplicate-instance text; review before import."
669,64,"I3GCI-S1-GCII31MDF Fluid Mechanics","I3GCI-S1-GCII31MDF Fluid Mechanics",unchanged,"Fluid Mechanics",review,low,review_family,valid_candidate,keep,"No obvious demo, test, placeholder, or restoration marker.",conservative_pattern,"Automatically extracted from course-code, year, cohort, teacher, or duplicate-instance text; review before import."
659,64,"I3GCI-S1-GCII31RDM Strength of Materials I","I3GCI-S1-GCII31RDM Strength of Materials I",unchanged,"Strength of Materials I",review,low,review_family,valid_candidate,keep,"No obvious demo, test, placeholder, or restoration marker.",conservative_pattern,"Automatically extracted from course-code, year, cohort, teacher, or duplicate-instance text; review before import."
665,64,"I3GCI-S1-GCII31STA Statistics","I3GCI-S1-GCII31STA Statistics",unchanged,Statistics,review,low,review_family,valid_candidate,keep,"No obvious demo, test, placeholder, or restoration marker.",conservative_pattern,"Automatically extracted from course-code, year, cohort, teacher, or duplicate-instance text; review before import."
667,64,"I3GCI-S1-GCII31TOP Surveying","I3GCI-S1-GCII31TOP Surveying",unchanged,Surveying,review,low,review_family,valid_candidate,keep,"No obvious demo, test, placeholder, or restoration marker.",conservative_pattern,"Automatically extracted from course-code, year, cohort, teacher, or duplicate-instance text; review before import."
1246,64,"I3GCI-S1-GCII3EDB Electricite du Batiment","I3GCI-S1-GCII3EDB Electricite du Batiment",unchanged,"Electricite du Batiment",review,low,review_family,valid_candidate,keep,"No obvious demo, test, placeholder, or restoration marker.",conservative_pattern,"Automatically extracted from course-code, year, cohort, teacher, or duplicate-instance text; review before import."
668,64,"I3GCI-S1-GCII3MSF Continuum Mechanics","I3GCI-S1-GCII3MSF Continuum Mechanics",unchanged,"Continuum Mechanics",review,low,review_family,valid_candidate,keep,"No obvious demo, test, placeholder, or restoration marker.",conservative_pattern,"Automatically extracted from course-code, year, cohort, teacher, or duplicate-instance text; review before import."
631,64,"I3GCI-S2-GARI32HAM World History of Architecture","I3GCI-S2-GARI32HAM World History of Architecture",unchanged,"World History of Architecture",review,low,review_family,valid_candidate,keep,"No obvious demo, test, placeholder, or restoration marker.",conservative_pattern,"Automatically extracted from course-code, year, cohort, teacher, or duplicate-instance text; review before import."
645,64,"I3GCI-S2-GCII32ARC Architecture","I3GCI-S2-GCII32ARC Architecture",unchanged,Architecture,review,low,review_family,valid_candidate,keep,"No obvious demo, test, placeholder, or restoration marker.",conservative_pattern,"Automatically extracted from course-code, year, cohort, teacher, or duplicate-instance text; review before import."
648,64,"I3GCI-S2-GCII32EDB Electricity in Building","I3GCI-S2-GCII32EDB Electricity in Building",unchanged,"Electricity in Building",review,low,review_family,valid_candidate,keep,"No obvious demo, test, placeholder, or restoration marker.",conservative_pattern,"Automatically extracted from course-code, year, cohort, teacher, or duplicate-instance text; review before import."
655,64,"I3GCI-S2-GCII32ELT Electrotecnics","I3GCI-S2-GCII32ELT Electrotecnics",unchanged,Electrotecnics,review,low,review_family,valid_candidate,keep,"No obvious demo, test, placeholder, or restoration marker.",conservative_pattern,"Automatically extracted from course-code, year, cohort, teacher, or duplicate-instance text; review before import."
638,64,"I3GCI-S2-GCII32GEO Geology","I3GCI-S2-GCII32GEO Geology",unchanged,Geology,review,low,review_family,valid_candidate,keep,"No obvious demo, test, placeholder, or restoration marker.",conservative_pattern,"Automatically extracted from course-code, year, cohort, teacher, or duplicate-instance text; review before import."
641,64,"I3GCI-S2-GCII32LAN English","I3GCI-S2-GCII32LAN English",unchanged,English,review,low,review_family,valid_candidate,keep,"No obvious demo, test, placeholder, or restoration marker.",conservative_pattern,"Automatically extracted from course-code, year, cohort, teacher, or duplicate-instance text; review before import."
635,64,"I3GCI-S2-GCII32LFR French","I3GCI-S2-GCII32LFR French",unchanged,French,review,low,review_family,valid_candidate,keep,"No obvious demo, test, placeholder, or restoration marker.",conservative_pattern,"Automatically extracted from course-code, year, cohort, teacher, or duplicate-instance text; review before import."
650,64,"I3GCI-S2-GCII32MAL Informatics (MATLAB)","I3GCI-S2-GCII32MAL Informatics (MATLAB)",unchanged,"Informatics (MATLAB)",review,low,review_family,valid_candidate,keep,"No obvious demo, test, placeholder, or restoration marker.",conservative_pattern,"Automatically extracted from course-code, year, cohort, teacher, or duplicate-instance text; review before import."
670,64,"I3GCI-S2-GCII32MCA Construction Materials (Steel)","I3GCI-S2-GCII32MCA Construction Materials (Steel)",unchanged,"Construction Materials (Steel)",review,low,review_family,valid_candidate,keep,"No obvious demo, test, placeholder, or restoration marker.",conservative_pattern,"Automatically extracted from course-code, year, cohort, teacher, or duplicate-instance text; review before import."
671,64,"I3GCI-S2-GCII32MCB Construction Materials (Concrete)","I3GCI-S2-GCII32MCB Construction Materials (Concrete)",unchanged,"Construction Materials (Concrete)",review,low,review_family,valid_candidate,keep,"No obvious demo, test, placeholder, or restoration marker.",conservative_pattern,"Automatically extracted from course-code, year, cohort, teacher, or duplicate-instance text; review before import."
642,64,"I3GCI-S2-GCII32RDM Strength of Materials II","I3GCI-S2-GCII32RDM Strength of Materials II",unchanged,"Strength of Materials II",review,low,review_family,valid_candidate,keep,"No obvious demo, test, placeholder, or restoration marker.",conservative_pattern,"Automatically extracted from course-code, year, cohort, teacher, or duplicate-instance text; review before import."
632,64,"I3GCI-S2-GCII32TDB Building Construction Technology","I3GCI-S2-GCII32TDB Building Construction Technology",unchanged,"Building Construction Technology",review,low,review_family,valid_candidate,keep,"No obvious demo, test, placeholder, or restoration marker.",conservative_pattern,"Automatically extracted from course-code, year, cohort, teacher, or duplicate-instance text; review before import."
633,64,"I3GCI-S2-GCII32THB Heat in Building","I3GCI-S2-GCII32THB Heat in Building",unchanged,"Heat in Building",review,low,review_family,valid_candidate,keep,"No obvious demo, test, placeholder, or restoration marker.",conservative_pattern,"Automatically extracted from course-code, year, cohort, teacher, or duplicate-instance text; review before import."
1484,154,"I3GEE-ESAS-S1-CMII31CED-Civil Engineering Drawing","I3GEE-ESAS-S1-CMII31CED-Civil Engineering Drawing",unchanged,"Civil Engineering Drawing",review,low,review_family,valid_candidate,keep,"No obvious demo, test, placeholder, or restoration marker.",conservative_pattern,"Automatically extracted from course-code, year, cohort, teacher, or duplicate-instance text; review before import."
1483,154,"I3GEE-ESAS-S1-CMII31CEM-Civil Engineering Materials","I3GEE-ESAS-S1-CMII31CEM-Civil Engineering Materials",unchanged,"Civil Engineering Materials",review,low,review_family,valid_candidate,keep,"No obvious demo, test, placeholder, or restoration marker.",conservative_pattern,"Automatically extracted from course-code, year, cohort, teacher, or duplicate-instance text; review before import."
1487,154,"I3GEE-ESAS-S1-CMII31ENS-Engineering Survey","I3GEE-ESAS-S1-CMII31ENS-Engineering Survey",unchanged,"Engineering Survey",review,low,review_family,valid_candidate,keep,"No obvious demo, test, placeholder, or restoration marker.",conservative_pattern,"Automatically extracted from course-code, year, cohort, teacher, or duplicate-instance text; review before import."
1486,154,"I3GEE-ESAS-S1-CMII31FMC-Fluid Mechanics","I3GEE-ESAS-S1-CMII31FMC-Fluid Mechanics",unchanged,"Fluid Mechanics",review,low,review_family,valid_candidate,keep,"No obvious demo, test, placeholder, or restoration marker.",conservative_pattern,"Automatically extracted from course-code, year, cohort, teacher, or duplicate-instance text; review before import."
1485,154,"I3GEE-ESAS-S1-CMII31SAD-Structural Analysis of Determinate Structures","I3GEE-ESAS-S1-CMII31SAD-Structural Analysis of Determinate Structures",unchanged,"Structural Analysis of Determinate Structures",review,low,review_family,valid_candidate,keep,"No obvious demo, test, placeholder, or restoration marker.",conservative_pattern,"Automatically extracted from course-code, year, cohort, teacher, or duplicate-instance text; review before import."
1489,154,"I3GEE-ESAS-S2-CMII32ESD-Engineering Sustainable Development","I3GEE-ESAS-S2-CMII32ESD-Engineering Sustainable Development",unchanged,"Engineering Sustainable Development",review,low,review_family,valid_candidate,keep,"No obvious demo, test, placeholder, or restoration marker.",conservative_pattern,"Automatically extracted from course-code, year, cohort, teacher, or duplicate-instance text; review before import."
1490,154,"I3GEE-ESAS-S2-CMII32PGM-Principles of Geomechanics","I3GEE-ESAS-S2-CMII32PGM-Principles of Geomechanics",unchanged,"Principles of Geomechanics",review,low,review_family,valid_candidate,keep,"No obvious demo, test, placeholder, or restoration marker.",conservative_pattern,"Automatically extracted from course-code, year, cohort, teacher, or duplicate-instance text; review before import."
1491,154,"I3GEE-ESAS-S2-CMII32SIS-Structural Analysis of Indeterminate Structures","I3GEE-ESAS-S2-CMII32SIS-Structural Analysis of Indeterminate Structures",unchanged,"Structural Analysis of Indeterminate Structures",review,low,review_family,valid_candidate,keep,"No obvious demo, test, placeholder, or restoration marker.",conservative_pattern,"Automatically extracted from course-code, year, cohort, teacher, or duplicate-instance text; review before import."
1492,154,"I3GEE-ESAS-S2-CMII32SMC-Structural Mechanics","I3GEE-ESAS-S2-CMII32SMC-Structural Mechanics",unchanged,"Structural Mechanics",review,low,review_family,valid_candidate,keep,"No obvious demo, test, placeholder, or restoration marker.",conservative_pattern,"Automatically extracted from course-code, year, cohort, teacher, or duplicate-instance text; review before import."
1493,154,I3GEE-ESAS-S2-CMII32STT-Statistics,I3GEE-ESAS-S2-CMII32STT-Statistics,unchanged,Statistics,review,low,review_family,valid_candidate,keep,"No obvious demo, test, placeholder, or restoration marker.",conservative_pattern,"Automatically extracted from course-code, year, cohort, teacher, or duplicate-instance text; review before import."
1488,154,"I3GEE-ESAS-S2-CMII32WRE-Water Quality and Resources Engineering","I3GEE-ESAS-S2-CMII32WRE-Water Quality and Resources Engineering",unchanged,"Water Quality and Resources Engineering",review,low,review_family,valid_candidate,keep,"No obvious demo, test, placeholder, or restoration marker.",conservative_pattern,"Automatically extracted from course-code, year, cohort, teacher, or duplicate-instance text; review before import."
794,69,"I3GEE-S1- Analog Filter","I3GEE-S1- Analog Filter",unchanged,"Analog Filter",review,low,review_family,valid_candidate,keep,"No obvious demo, test, placeholder, or restoration marker.",conservative_pattern,"Automatically extracted from course-code, year, cohort, teacher, or duplicate-instance text; review before import."
795,69,"I3GEE-S1- Computer Programming","I3GEE-S1- Computer Programming",unchanged,"Computer Programming",review,low,review_family,valid_candidate,keep,"No obvious demo, test, placeholder, or restoration marker.",conservative_pattern,"Automatically extracted from course-code, year, cohort, teacher, or duplicate-instance text; review before import."
779,69,"I3GEE-S1- Electrical Circuit","I3GEE-S1- Electrical Circuit",unchanged,"Electrical Circuit",review,low,review_family,valid_candidate,keep,"No obvious demo, test, placeholder, or restoration marker.",conservative_pattern,"Automatically extracted from course-code, year, cohort, teacher, or duplicate-instance text; review before import."
793,69,"I3GEE-S1- Electronics Analog","I3GEE-S1- Electronics Analog",unchanged,"Electronics Analog",review,low,review_family,valid_candidate,keep,"No obvious demo, test, placeholder, or restoration marker.",conservative_pattern,"Automatically extracted from course-code, year, cohort, teacher, or duplicate-instance text; review before import."
783,69,"I3GEE-S1- English I","I3GEE-S1- English I",unchanged,"English I",review,low,review_family,valid_candidate,keep,"No obvious demo, test, placeholder, or restoration marker.",conservative_pattern,"Automatically extracted from course-code, year, cohort, teacher, or duplicate-instance text; review before import."
781,69,"I3GEE-S1- French I","I3GEE-S1- French I",unchanged,"French I",review,low,review_family,valid_candidate,keep,"No obvious demo, test, placeholder, or restoration marker.",conservative_pattern,"Automatically extracted from course-code, year, cohort, teacher, or duplicate-instance text; review before import."
786,69,"I3GEE-S1- Signals and Systems","I3GEE-S1- Signals and Systems",unchanged,"Signals and Systems",review,low,review_family,valid_candidate,keep,"No obvious demo, test, placeholder, or restoration marker.",conservative_pattern,"Automatically extracted from course-code, year, cohort, teacher, or duplicate-instance text; review before import."
785,69,"I3GEE-S1- Statistics","I3GEE-S1- Statistics",unchanged,Statistics,review,low,review_family,valid_candidate,keep,"No obvious demo, test, placeholder, or restoration marker.",conservative_pattern,"Automatically extracted from course-code, year, cohort, teacher, or duplicate-instance text; review before import."
797,69,"I3GEE-S2- Communication and Interpersonal Relation","I3GEE-S2- Communication and Interpersonal Relation",unchanged,"Communication and Interpersonal Relation",review,low,review_family,valid_candidate,keep,"No obvious demo, test, placeholder, or restoration marker.",conservative_pattern,"Automatically extracted from course-code, year, cohort, teacher, or duplicate-instance text; review before import."
790,69,"I3GEE-S2- Digital Electronic ","I3GEE-S2- Digital Electronic",approved,"Digital Electronic",review,low,review_family,valid_candidate,keep,"No obvious demo, test, placeholder, or restoration marker.",conservative_pattern,"Normalized outer, repeated, or non-breaking whitespace. Automatically extracted from course-code, year, cohort, teacher, or duplicate-instance text; review before import."
798,69,"I3GEE-S2- Electrical Machine","I3GEE-S2- Electrical Machine",unchanged,"Electrical Machine",review,low,review_family,valid_candidate,keep,"No obvious demo, test, placeholder, or restoration marker.",conservative_pattern,"Automatically extracted from course-code, year, cohort, teacher, or duplicate-instance text; review before import."
784,69,"I3GEE-S2- English II","I3GEE-S2- English II",unchanged,"English II",review,low,review_family,valid_candidate,keep,"No obvious demo, test, placeholder, or restoration marker.",conservative_pattern,"Automatically extracted from course-code, year, cohort, teacher, or duplicate-instance text; review before import."
789,69,"I3GEE-S2- Feedback Control System","I3GEE-S2- Feedback Control System",unchanged,"Feedback Control System",review,low,review_family,valid_candidate,keep,"No obvious demo, test, placeholder, or restoration marker.",conservative_pattern,"Automatically extracted from course-code, year, cohort, teacher, or duplicate-instance text; review before import."
782,69,"I3GEE-S2- French II","I3GEE-S2- French II",unchanged,"French II",review,low,review_family,valid_candidate,keep,"No obvious demo, test, placeholder, or restoration marker.",conservative_pattern,"Automatically extracted from course-code, year, cohort, teacher, or duplicate-instance text; review before import."
799,69,"I3GEE-S2- Microprocessor Architechture","I3GEE-S2- Microprocessor Architechture",unchanged,"Microprocessor Architechture",review,low,review_family,valid_candidate,keep,"No obvious demo, test, placeholder, or restoration marker.",conservative_pattern,"Automatically extracted from course-code, year, cohort, teacher, or duplicate-instance text; review before import."
792,69,"I3GEE-S2- Numerical Method and Optimization","I3GEE-S2- Numerical Method and Optimization",unchanged,"Numerical Method and Optimization",review,low,review_family,valid_candidate,keep,"No obvious demo, test, placeholder, or restoration marker.",conservative_pattern,"Automatically extracted from course-code, year, cohort, teacher, or duplicate-instance text; review before import."
315,48,"I3GGG-S1-GGGI31DAO Computer-Aided Design (CAD)","I3GGG-S1-GGGI31DAO Computer-Aided Design (CAD)",unchanged,"Computer-Aided Design (CAD)",review,low,review_family,valid_candidate,keep,"No obvious demo, test, placeholder, or restoration marker.",conservative_pattern,"Automatically extracted from course-code, year, cohort, teacher, or duplicate-instance text; review before import."
310,48,"I3GGG-S1-GGGI31ETR General electrotechnique","I3GGG-S1-GGGI31ETR General electrotechnique",unchanged,"General electrotechnique",review,low,review_family,valid_candidate,keep,"No obvious demo, test, placeholder, or restoration marker.",conservative_pattern,"Automatically extracted from course-code, year, cohort, teacher, or duplicate-instance text; review before import."
303,48,"I3GGG-S1-GGGI31GEC Geochemistry","I3GGG-S1-GGGI31GEC Geochemistry",unchanged,Geochemistry,review,low,review_family,valid_candidate,keep,"No obvious demo, test, placeholder, or restoration marker.",conservative_pattern,"Automatically extracted from course-code, year, cohort, teacher, or duplicate-instance text; review before import."
313,48,"I3GGG-S1-GGGI31GEO General geology and Geology of Cambodia","I3GGG-S1-GGGI31GEO General geology and Geology of Cambodia",unchanged,"General geology and Geology of Cambodia",review,low,review_family,valid_candidate,keep,"No obvious demo, test, placeholder, or restoration marker.",conservative_pattern,"Automatically extracted from course-code, year, cohort, teacher, or duplicate-instance text; review before import."
301,48,"I3GGG-S1-GGGI31LAN English I","I3GGG-S1-GGGI31LAN English I",unchanged,"English I",review,low,review_family,valid_candidate,keep,"No obvious demo, test, placeholder, or restoration marker.",conservative_pattern,"Automatically extracted from course-code, year, cohort, teacher, or duplicate-instance text; review before import."
300,48,"I3GGG-S1-GGGI31LFR French I","I3GGG-S1-GGGI31LFR French I",unchanged,"French I",review,low,review_family,valid_candidate,keep,"No obvious demo, test, placeholder, or restoration marker.",conservative_pattern,"Automatically extracted from course-code, year, cohort, teacher, or duplicate-instance text; review before import."
304,48,"I3GGG-S1-GGGI31MEM Mechanic of materials","I3GGG-S1-GGGI31MEM Mechanic of materials",unchanged,"Mechanic of materials",review,low,review_family,valid_candidate,keep,"No obvious demo, test, placeholder, or restoration marker.",conservative_pattern,"Automatically extracted from course-code, year, cohort, teacher, or duplicate-instance text; review before import."
311,48,"I3GGG-S1-GGGI31SGE Structural geology","I3GGG-S1-GGGI31SGE Structural geology",unchanged,"Structural geology",review,low,review_family,valid_candidate,keep,"No obvious demo, test, placeholder, or restoration marker.",conservative_pattern,"Automatically extracted from course-code, year, cohort, teacher, or duplicate-instance text; review before import."
314,48,"I3GGG-S1-GGGI31STA Statistics","I3GGG-S1-GGGI31STA Statistics",unchanged,Statistics,review,low,review_family,valid_candidate,keep,"No obvious demo, test, placeholder, or restoration marker.",conservative_pattern,"Automatically extracted from course-code, year, cohort, teacher, or duplicate-instance text; review before import."
17,48,"I3GGG-S1-GGGI31TOP Geodesy and Topography-e","I3GGG-S1-GGGI31TOP Geodesy and Topography-e",unchanged,"Geodesy and Topography-e",review,low,review_family,valid_candidate,keep,"No obvious demo, test, placeholder, or restoration marker.",conservative_pattern,"Automatically extracted from course-code, year, cohort, teacher, or duplicate-instance text; review before import."
307,48,"I3GGG-S2-GGGI32GIS Principles of Geographic Information Systems","I3GGG-S2-GGGI32GIS Principles of Geographic Information Systems",unchanged,"Principles of Geographic Information Systems",review,low,review_family,valid_candidate,keep,"No obvious demo, test, placeholder, or restoration marker.",conservative_pattern,"Automatically extracted from course-code, year, cohort, teacher, or duplicate-instance text; review before import."
305,48,"I3GGG-S2-GGGI32GST Geostatistics","I3GGG-S2-GGGI32GST Geostatistics",unchanged,Geostatistics,review,low,review_family,valid_candidate,keep,"No obvious demo, test, placeholder, or restoration marker.",conservative_pattern,"Automatically extracted from course-code, year, cohort, teacher, or duplicate-instance text; review before import."
309,48,"I3GGG-S2-GGGI32LAN English II","I3GGG-S2-GGGI32LAN English II",unchanged,"English II",review,low,review_family,valid_candidate,keep,"No obvious demo, test, placeholder, or restoration marker.",conservative_pattern,"Automatically extracted from course-code, year, cohort, teacher, or duplicate-instance text; review before import."
302,48,"I3GGG-S2-GGGI32LFR French II","I3GGG-S2-GGGI32LFR French II",unchanged,"French II",review,low,review_family,valid_candidate,keep,"No obvious demo, test, placeholder, or restoration marker.",conservative_pattern,"Automatically extracted from course-code, year, cohort, teacher, or duplicate-instance text; review before import."
306,48,"I3GGG-S2-GGGI32MID Mineral Deposits","I3GGG-S2-GGGI32MID Mineral Deposits",unchanged,"Mineral Deposits",review,low,review_family,valid_candidate,keep,"No obvious demo, test, placeholder, or restoration marker.",conservative_pattern,"Automatically extracted from course-code, year, cohort, teacher, or duplicate-instance text; review before import."
312,48,"I3GGG-S2-GGGI32PEM Petrology and Mineralogy","I3GGG-S2-GGGI32PEM Petrology and Mineralogy",unchanged,"Petrology and Mineralogy",review,low,review_family,valid_candidate,keep,"No obvious demo, test, placeholder, or restoration marker.",conservative_pattern,"Automatically extracted from course-code, year, cohort, teacher, or duplicate-instance text; review before import."
308,48,"I3GGG-S2-GGGI32SEM Sedimentology","I3GGG-S2-GGGI32SEM Sedimentology",unchanged,Sedimentology,review,low,review_family,valid_candidate,keep,"No obvious demo, test, placeholder, or restoration marker.",conservative_pattern,"Automatically extracted from course-code, year, cohort, teacher, or duplicate-instance text; review before import."
46,48,"I3GGG-S2-GGGI32SME Soil mechanics-e","I3GGG-S2-GGGI32SME Soil mechanics-e",unchanged,"Soil mechanics-e",review,low,review_family,valid_candidate,keep,"No obvious demo, test, placeholder, or restoration marker.",conservative_pattern,"Automatically extracted from course-code, year, cohort, teacher, or duplicate-instance text; review before import."
191,6,"I3GIC Theory of computer science","I3GIC Theory of computer science",unchanged,,none,,unchanged,valid_candidate,keep,"No obvious demo, test, placeholder, or restoration marker.",none,
1380,142,I3GIC-AI-S1-AICS311-Network,I3GIC-AI-S1-AICS311-Network,unchanged,Network,review,low,review_family,valid_candidate,keep,"No obvious demo, test, placeholder, or restoration marker.",conservative_pattern,"Automatically extracted from course-code, year, cohort, teacher, or duplicate-instance text; review before import."
1382,142,"I3GIC-AI-S1-COAR015-Computer Architecture","I3GIC-AI-S1-COAR015-Computer Architecture",unchanged,"Computer Architecture",review,low,review_family,valid_candidate,keep,"No obvious demo, test, placeholder, or restoration marker.",conservative_pattern,"Automatically extracted from course-code, year, cohort, teacher, or duplicate-instance text; review before import."
1381,142,"I3GIC-AI-S1-INDA010-Introduction to Database","I3GIC-AI-S1-INDA010-Introduction to Database",unchanged,"Introduction to Database",review,low,review_family,valid_candidate,keep,"No obvious demo, test, placeholder, or restoration marker.",conservative_pattern,"Automatically extracted from course-code, year, cohort, teacher, or duplicate-instance text; review before import."
1378,142,"I3GIC-AI-S1-INSE011-Introduction to Software Engineering","I3GIC-AI-S1-INSE011-Introduction to Software Engineering",unchanged,"Introduction to Software Engineering",review,low,review_family,valid_candidate,keep,"No obvious demo, test, placeholder, or restoration marker.",conservative_pattern,"Automatically extracted from course-code, year, cohort, teacher, or duplicate-instance text; review before import."
1383,142,"I3GIC-AI-S1-OOPR019-Object Oriented Programming","I3GIC-AI-S1-OOPR019-Object Oriented Programming",unchanged,"Object Oriented Programming",review,low,review_family,valid_candidate,keep,"No obvious demo, test, placeholder, or restoration marker.",conservative_pattern,"Automatically extracted from course-code, year, cohort, teacher, or duplicate-instance text; review before import."
1379,142,"I3GIC-AI-S1-OPSY012-Operating Systems","I3GIC-AI-S1-OPSY012-Operating Systems",unchanged,"Operating Systems",review,low,review_family,valid_candidate,keep,"No obvious demo, test, placeholder, or restoration marker.",conservative_pattern,"Automatically extracted from course-code, year, cohort, teacher, or duplicate-instance text; review before import."
1384,142,"I3GIC-AI-S2-AICS321-System and Network Administration","I3GIC-AI-S2-AICS321-System and Network Administration",unchanged,"System and Network Administration",review,low,review_family,valid_candidate,keep,"No obvious demo, test, placeholder, or restoration marker.",conservative_pattern,"Automatically extracted from course-code, year, cohort, teacher, or duplicate-instance text; review before import."
1385,142,"I3GIC-AI-S2-AICS322-Machine Learning","I3GIC-AI-S2-AICS322-Machine Learning",unchanged,"Machine Learning",review,low,review_family,valid_candidate,keep,"No obvious demo, test, placeholder, or restoration marker.",conservative_pattern,"Automatically extracted from course-code, year, cohort, teacher, or duplicate-instance text; review before import."
1386,142,"I3GIC-AI-S2-AICS323-Automata Theory","I3GIC-AI-S2-AICS323-Automata Theory",unchanged,"Automata Theory",review,low,review_family,valid_candidate,keep,"No obvious demo, test, placeholder, or restoration marker.",conservative_pattern,"Automatically extracted from course-code, year, cohort, teacher, or duplicate-instance text; review before import."
1387,142,"I3GIC-AI-S2-AICS324-Introduction to Cybersecurity","I3GIC-AI-S2-AICS324-Introduction to Cybersecurity",unchanged,"Introduction to Cybersecurity",review,low,review_family,valid_candidate,keep,"No obvious demo, test, placeholder, or restoration marker.",conservative_pattern,"Automatically extracted from course-code, year, cohort, teacher, or duplicate-instance text; review before import."
1388,142,"I3GIC-AI-S2-AICS325-Introduction to Cryptography","I3GIC-AI-S2-AICS325-Introduction to Cryptography",unchanged,"Introduction to Cryptography",review,low,review_family,valid_candidate,keep,"No obvious demo, test, placeholder, or restoration marker.",conservative_pattern,"Automatically extracted from course-code, year, cohort, teacher, or duplicate-instance text; review before import."
261,45,"I3GIC-S1-DTCI22PBB Statistics","I3GIC-S1-DTCI22PBB Statistics",unchanged,Statistics,review,low,review_family,valid_candidate,keep,"No obvious demo, test, placeholder, or restoration marker.",conservative_pattern,"Automatically extracted from course-code, year, cohort, teacher, or duplicate-instance text; review before import."
264,45,"I3GIC-S1-GICI31ACI Information Systems Analysis and Design","I3GIC-S1-GICI31ACI Information Systems Analysis and Design",unchanged,"Information Systems Analysis and Design",review,low,review_family,valid_candidate,keep,"No obvious demo, test, placeholder, or restoration marker.",conservative_pattern,"Automatically extracted from course-code, year, cohort, teacher, or duplicate-instance text; review before import."
184,45,"I3GIC-S1-GICI31ALP Algorithms and Programming","I3GIC-S1-GICI31ALP Algorithms and Programming",unchanged,"Algorithms and Programming",review,low,review_family,valid_candidate,keep,"No obvious demo, test, placeholder, or restoration marker.",conservative_pattern,"Automatically extracted from course-code, year, cohort, teacher, or duplicate-instance text; review before import."
208,45,"I3GIC-S1-GICI31ELE Electronics","I3GIC-S1-GICI31ELE Electronics",unchanged,Electronics,review,low,review_family,valid_candidate,keep,"No obvious demo, test, placeholder, or restoration marker.",conservative_pattern,"Automatically extracted from course-code, year, cohort, teacher, or duplicate-instance text; review before import."
266,45,"I3GIC-S1-GICI31LCS Combinational and Sequential Logics","I3GIC-S1-GICI31LCS Combinational and Sequential Logics",unchanged,"Combinational and Sequential Logics",review,low,review_family,valid_candidate,keep,"No obvious demo, test, placeholder, or restoration marker.",conservative_pattern,"Automatically extracted from course-code, year, cohort, teacher, or duplicate-instance text; review before import."
905,45,"I3GIC-S1-GICI31MMD Discrete Mathematics","I3GIC-S1-GICI31MMD Discrete Mathematics",unchanged,"Discrete Mathematics",review,low,review_family,valid_candidate,keep,"No obvious demo, test, placeholder, or restoration marker.",conservative_pattern,"Automatically extracted from course-code, year, cohort, teacher, or duplicate-instance text; review before import."
186,45,"I3GIC-S1-GICI31OOP Object-Oriented Programming-ccun","I3GIC-S1-GICI31OOP Object-Oriented Programming-ccun",unchanged,"Object-Oriented Programming",review,low,review_family,valid_candidate,keep,"No obvious demo, test, placeholder, or restoration marker.",conservative_pattern,"Automatically extracted from course-code, year, cohort, teacher, or duplicate-instance text; review before import."
262,45,"I3GIC-S1-GICI31SIR Introduction to Computer Systems and Networks","I3GIC-S1-GICI31SIR Introduction to Computer Systems and Networks",unchanged,"Introduction to Computer Systems and Networks",review,low,review_family,valid_candidate,keep,"No obvious demo, test, placeholder, or restoration marker.",conservative_pattern,"Automatically extracted from course-code, year, cohort, teacher, or duplicate-instance text; review before import."
265,45,"I3GIC-S1-GICI31SS Soft Skills","I3GIC-S1-GICI31SS Soft Skills",unchanged,"Soft Skills",review,low,review_family,valid_candidate,keep,"No obvious demo, test, placeholder, or restoration marker.",conservative_pattern,"Automatically extracted from course-code, year, cohort, teacher, or duplicate-instance text; review before import."
260,45,"I3GIC-S1-XXXIXXLAN English I","I3GIC-S1-XXXIXXLAN English I",unchanged,"XXXIXXLAN English I",review,low,review_family,valid_candidate,keep,"No obvious demo, test, placeholder, or restoration marker.",conservative_pattern,"Automatically extracted from course-code, year, cohort, teacher, or duplicate-instance text; review before import."
210,45,"I3GIC-S1-XXXIXXLFR French I","I3GIC-S1-XXXIXXLFR French I",unchanged,"XXXIXXLFR French I",review,low,review_family,valid_candidate,keep,"No obvious demo, test, placeholder, or restoration marker.",conservative_pattern,"Automatically extracted from course-code, year, cohort, teacher, or duplicate-instance text; review before import."
188,45,"I3GIC-S2-DTC12INF MATLAB","I3GIC-S2-DTC12INF MATLAB",unchanged,MATLAB,review,low,review_family,valid_candidate,keep,"No obvious demo, test, placeholder, or restoration marker.",conservative_pattern,"Automatically extracted from course-code, year, cohort, teacher, or duplicate-instance text; review before import."
187,45,"I3GIC-S2-GICI32BDD Database-ccun","I3GIC-S2-GICI32BDD Database-ccun",unchanged,Database,review,low,review_family,valid_candidate,keep,"No obvious demo, test, placeholder, or restoration marker.",conservative_pattern,"Automatically extracted from course-code, year, cohort, teacher, or duplicate-instance text; review before import."
42,45,"I3GIC-S2-GICI32INT Theory of Computer Science-e","I3GIC-S2-GICI32INT Theory of Computer Science-e",unchanged,"Theory of Computer Science-e",review,low,review_family,valid_candidate,keep,"No obvious demo, test, placeholder, or restoration marker.",conservative_pattern,"Automatically extracted from course-code, year, cohort, teacher, or duplicate-instance text; review before import."
192,45,"I3GIC-S2-GICI32IPE Introduction to Programming Environments","I3GIC-S2-GICI32IPE Introduction to Programming Environments",unchanged,"Introduction to Programming Environments",review,low,review_family,valid_candidate,keep,"No obvious demo, test, placeholder, or restoration marker.",conservative_pattern,"Automatically extracted from course-code, year, cohort, teacher, or duplicate-instance text; review before import."
271,45,"I3GIC-S2-GICI32RM Research Methodology","I3GIC-S2-GICI32RM Research Methodology",unchanged,"Research Methodology",review,low,review_family,valid_candidate,keep,"No obvious demo, test, placeholder, or restoration marker.",conservative_pattern,"Automatically extracted from course-code, year, cohort, teacher, or duplicate-instance text; review before import."
190,45,"I3GIC-S2-GICI32THA Automata Theory-2022-23","I3GIC-S2-GICI32THA Automata Theory-2022-23",unchanged,"Automata Theory-2022-23",review,low,review_family,valid_candidate,keep,"No obvious demo, test, placeholder, or restoration marker.",conservative_pattern,"Automatically extracted from course-code, year, cohort, teacher, or duplicate-instance text; review before import."
1538,45,"I3GIC-S2-GICI32THA Automata Theory-ccun","I3GIC-S2-GICI32THA Automata Theory-ccun",unchanged,"Automata Theory",review,low,review_family,valid_candidate,keep,"No obvious demo, test, placeholder, or restoration marker.",conservative_pattern,"Automatically extracted from course-code, year, cohort, teacher, or duplicate-instance text; review before import."
41,45,"I3GIC-S2-GICI32THA Automata Theory-old","I3GIC-S2-GICI32THA Automata Theory-old",unchanged,"Automata Theory",review,low,review_family,historical_course,keep,"Hidden legacy course with meaningful enrollments and historical activity.",conservative_pattern,"Automatically extracted from course-code, year, cohort, teacher, or duplicate-instance text; review before import."
189,45,"I3GIC-S2-GICI32WD Web Design-ccun","I3GIC-S2-GICI32WD Web Design-ccun",unchanged,"Web Design",review,low,review_family,valid_candidate,keep,"No obvious demo, test, placeholder, or restoration marker.",conservative_pattern,"Automatically extracted from course-code, year, cohort, teacher, or duplicate-instance text; review before import."
269,45,"I3GIC-S2-XXXIXXLAN English II","I3GIC-S2-XXXIXXLAN English II",unchanged,"XXXIXXLAN English II",review,low,review_family,valid_candidate,keep,"No obvious demo, test, placeholder, or restoration marker.",conservative_pattern,"Automatically extracted from course-code, year, cohort, teacher, or duplicate-instance text; review before import."
268,45,"I3GIC-S2-XXXIXXLFR French II","I3GIC-S2-XXXIXXLFR French II",unchanged,"XXXIXXLFR French II",review,low,review_family,valid_candidate,keep,"No obvious demo, test, placeholder, or restoration marker.",conservative_pattern,"Automatically extracted from course-code, year, cohort, teacher, or duplicate-instance text; review before import."
1417,146,"I3GIC-SE-S1-COAR015-Computer Architecture ","I3GIC-SE-S1-COAR015-Computer Architecture",approved,"Computer Architecture",review,low,review_family,valid_candidate,keep,"No obvious demo, test, placeholder, or restoration marker.",conservative_pattern,"Normalized outer, repeated, or non-breaking whitespace. Automatically extracted from course-code, year, cohort, teacher, or duplicate-instance text; review before import."
1416,146,"I3GIC-SE-S1-INDA010-Introduction to Database ","I3GIC-SE-S1-INDA010-Introduction to Database",approved,"Introduction to Database",review,low,review_family,valid_candidate,keep,"No obvious demo, test, placeholder, or restoration marker.",conservative_pattern,"Normalized outer, repeated, or non-breaking whitespace. Automatically extracted from course-code, year, cohort, teacher, or duplicate-instance text; review before import."
1413,146,"I3GIC-SE-S1-INSE011-Introduction to Software Engineering ","I3GIC-SE-S1-INSE011-Introduction to Software Engineering",approved,"Introduction to Software Engineering",review,low,review_family,valid_candidate,keep,"No obvious demo, test, placeholder, or restoration marker.",conservative_pattern,"Normalized outer, repeated, or non-breaking whitespace. Automatically extracted from course-code, year, cohort, teacher, or duplicate-instance text; review before import."
1418,146,"I3GIC-SE-S1-OOPR019-Object Oriented Programming ","I3GIC-SE-S1-OOPR019-Object Oriented Programming",approved,"Object Oriented Programming",review,low,review_family,valid_candidate,keep,"No obvious demo, test, placeholder, or restoration marker.",conservative_pattern,"Normalized outer, repeated, or non-breaking whitespace. Automatically extracted from course-code, year, cohort, teacher, or duplicate-instance text; review before import."
1414,146,"I3GIC-SE-S1-OPSY012-Operating Systems ","I3GIC-SE-S1-OPSY012-Operating Systems",approved,"Operating Systems",review,low,review_family,valid_candidate,keep,"No obvious demo, test, placeholder, or restoration marker.",conservative_pattern,"Normalized outer, repeated, or non-breaking whitespace. Automatically extracted from course-code, year, cohort, teacher, or duplicate-instance text; review before import."
1415,146,"I3GIC-SE-S1-SEMD013-Software Engineering Modeling and Design ","I3GIC-SE-S1-SEMD013-Software Engineering Modeling and Design",approved,"Software Engineering Modeling and Design",review,low,review_family,valid_candidate,keep,"No obvious demo, test, placeholder, or restoration marker.",conservative_pattern,"Normalized outer, repeated, or non-breaking whitespace. Automatically extracted from course-code, year, cohort, teacher, or duplicate-instance text; review before import."
1424,146,"I3GIC-SE-S2-ADDA014-Advanced Database ","I3GIC-SE-S2-ADDA014-Advanced Database",approved,"Advanced Database",review,low,review_family,valid_candidate,keep,"No obvious demo, test, placeholder, or restoration marker.",conservative_pattern,"Normalized outer, repeated, or non-breaking whitespace. Automatically extracted from course-code, year, cohort, teacher, or duplicate-instance text; review before import."
1423,146,"I3GIC-SE-S2-ASTE022-Automated Software Testing ","I3GIC-SE-S2-ASTE022-Automated Software Testing",approved,"Automated Software Testing",review,low,review_family,valid_candidate,keep,"No obvious demo, test, placeholder, or restoration marker.",conservative_pattern,"Normalized outer, repeated, or non-breaking whitespace. Automatically extracted from course-code, year, cohort, teacher, or duplicate-instance text; review before import."
1420,146,"I3GIC-SE-S2-DAOA029-Design and Analysis of Algorithms ","I3GIC-SE-S2-DAOA029-Design and Analysis of Algorithms",approved,"Design and Analysis of Algorithms",review,low,review_family,valid_candidate,keep,"No obvious demo, test, placeholder, or restoration marker.",conservative_pattern,"Normalized outer, repeated, or non-breaking whitespace. Automatically extracted from course-code, year, cohort, teacher, or duplicate-instance text; review before import."
1421,146,"I3GIC-SE-S2-HCIN016-Human Computer Interaction ","I3GIC-SE-S2-HCIN016-Human Computer Interaction",approved,"Human Computer Interaction",review,low,review_family,valid_candidate,keep,"No obvious demo, test, placeholder, or restoration marker.",conservative_pattern,"Normalized outer, repeated, or non-breaking whitespace. Automatically extracted from course-code, year, cohort, teacher, or duplicate-instance text; review before import."
1419,146,"I3GIC-SE-S2-INPO017-Internet Programming ","I3GIC-SE-S2-INPO017-Internet Programming",approved,"Internet Programming",review,low,review_family,valid_candidate,keep,"No obvious demo, test, placeholder, or restoration marker.",conservative_pattern,"Normalized outer, repeated, or non-breaking whitespace. Automatically extracted from course-code, year, cohort, teacher, or duplicate-instance text; review before import."
1422,146,"I3GIC-SE-S2-OOSE021-Object Oriented Software Engineering ","I3GIC-SE-S2-OOSE021-Object Oriented Software Engineering",approved,"Object Oriented Software Engineering",review,low,review_family,valid_candidate,keep,"No obvious demo, test, placeholder, or restoration marker.",conservative_pattern,"Normalized outer, repeated, or non-breaking whitespace. Automatically extracted from course-code, year, cohort, teacher, or duplicate-instance text; review before import."
536,61,"I3GIM-S1-GIMI31ELT Electrotechnics","I3GIM-S1-GIMI31ELT Electrotechnics",unchanged,Electrotechnics,review,low,review_family,valid_candidate,keep,"No obvious demo, test, placeholder, or restoration marker.",conservative_pattern,"Automatically extracted from course-code, year, cohort, teacher, or duplicate-instance text; review before import."
1698,61,"I3GIM-S1-GIMI31IAIEA Introduction to AI and Engineering Applications","I3GIM-S1-GIMI31IAIEA Introduction to AI and Engineering Applications",unchanged,"Introduction to AI and Engineering Applications",review,low,review_family,valid_candidate,keep,"No obvious demo, test, placeholder, or restoration marker.",conservative_pattern,"Automatically extracted from course-code, year, cohort, teacher, or duplicate-instance text; review before import."
1697,61,"I3GIM-S1-GIMI31ICT Introduction to Control Theory","I3GIM-S1-GIMI31ICT Introduction to Control Theory",unchanged,"Introduction to Control Theory",review,low,review_family,valid_candidate,keep,"No obvious demo, test, placeholder, or restoration marker.",conservative_pattern,"Automatically extracted from course-code, year, cohort, teacher, or duplicate-instance text; review before import."
535,61,"I3GIM-S1-GIMI31LDA English I","I3GIM-S1-GIMI31LDA English I",unchanged,"English I",review,low,review_family,valid_candidate,keep,"No obvious demo, test, placeholder, or restoration marker.",conservative_pattern,"Automatically extracted from course-code, year, cohort, teacher, or duplicate-instance text; review before import."
539,61,"I3GIM-S1-GIMI31LDF French I","I3GIM-S1-GIMI31LDF French I",unchanged,"French I",review,low,review_family,valid_candidate,keep,"No obvious demo, test, placeholder, or restoration marker.",conservative_pattern,"Automatically extracted from course-code, year, cohort, teacher, or duplicate-instance text; review before import."
532,61,"I3GIM-S1-GIMI31MEC Mechanics","I3GIM-S1-GIMI31MEC Mechanics",unchanged,Mechanics,review,low,review_family,valid_candidate,keep,"No obvious demo, test, placeholder, or restoration marker.",conservative_pattern,"Automatically extracted from course-code, year, cohort, teacher, or duplicate-instance text; review before import."
542,61,"I3GIM-S1-GIMI31PMM Mechanical production, Metrology","I3GIM-S1-GIMI31PMM Mechanical production, Metrology",unchanged,"Mechanical production, Metrology",review,low,review_family,valid_candidate,keep,"No obvious demo, test, placeholder, or restoration marker.",conservative_pattern,"Automatically extracted from course-code, year, cohort, teacher, or duplicate-instance text; review before import."
537,61,"I3GIM-S1-GIMI31SM1 Materials Science I","I3GIM-S1-GIMI31SM1 Materials Science I",unchanged,"Materials Science I",review,low,review_family,valid_candidate,keep,"No obvious demo, test, placeholder, or restoration marker.",conservative_pattern,"Automatically extracted from course-code, year, cohort, teacher, or duplicate-instance text; review before import."
534,61,"I3GIM-S1-GIMI31STQ Statistics","I3GIM-S1-GIMI31STQ Statistics",unchanged,Statistics,review,low,review_family,valid_candidate,keep,"No obvious demo, test, placeholder, or restoration marker.",conservative_pattern,"Automatically extracted from course-code, year, cohort, teacher, or duplicate-instance text; review before import."
541,61,"I3GIM-S2-GIMI31CON Mechanical design","I3GIM-S2-GIMI31CON Mechanical design",unchanged,"Mechanical design",review,low,review_family,valid_candidate,keep,"No obvious demo, test, placeholder, or restoration marker.",conservative_pattern,"Automatically extracted from course-code, year, cohort, teacher, or duplicate-instance text; review before import."
528,61,"I3GIM-S2-GIMI32CAO Computer-Aided Design (CAD)","I3GIM-S2-GIMI32CAO Computer-Aided Design (CAD)",unchanged,"Computer-Aided Design (CAD)",review,low,review_family,valid_candidate,keep,"No obvious demo, test, placeholder, or restoration marker.",conservative_pattern,"Automatically extracted from course-code, year, cohort, teacher, or duplicate-instance text; review before import."
530,61,"I3GIM-S2-GIMI32LDA English II","I3GIM-S2-GIMI32LDA English II",unchanged,"English II",review,low,review_family,valid_candidate,keep,"No obvious demo, test, placeholder, or restoration marker.",conservative_pattern,"Automatically extracted from course-code, year, cohort, teacher, or duplicate-instance text; review before import."
531,61,"I3GIM-S2-GIMI32LDF French II","I3GIM-S2-GIMI32LDF French II",unchanged,"French II",review,low,review_family,valid_candidate,keep,"No obvious demo, test, placeholder, or restoration marker.",conservative_pattern,"Automatically extracted from course-code, year, cohort, teacher, or duplicate-instance text; review before import."
529,61,"I3GIM-S2-GIMI32MDF Fluids mechanics","I3GIM-S2-GIMI32MDF Fluids mechanics",unchanged,"Fluids mechanics",review,low,review_family,valid_candidate,keep,"No obvious demo, test, placeholder, or restoration marker.",conservative_pattern,"Automatically extracted from course-code, year, cohort, teacher, or duplicate-instance text; review before import."
538,61,"I3GIM-S2-GIMI32MLB Computer Programming (MatLAB)","I3GIM-S2-GIMI32MLB Computer Programming (MatLAB)",unchanged,"Computer Programming (MatLAB)",review,low,review_family,valid_candidate,keep,"No obvious demo, test, placeholder, or restoration marker.",conservative_pattern,"Automatically extracted from course-code, year, cohort, teacher, or duplicate-instance text; review before import."
540,61,"I3GIM-S2-GIMI32RDM Strength of materials","I3GIM-S2-GIMI32RDM Strength of materials",unchanged,"Strength of materials",review,low,review_family,valid_candidate,keep,"No obvious demo, test, placeholder, or restoration marker.",conservative_pattern,"Automatically extracted from course-code, year, cohort, teacher, or duplicate-instance text; review before import."
533,61,"I3GIM-S2-GIMI32THM Thermics","I3GIM-S2-GIMI32THM Thermics",unchanged,Thermics,review,low,review_family,valid_candidate,keep,"No obvious demo, test, placeholder, or restoration marker.",conservative_pattern,"Automatically extracted from course-code, year, cohort, teacher, or duplicate-instance text; review before import."
357,51,"I3GRU-S1-GRUI31FMC Fluid Mechanics","I3GRU-S1-GRUI31FMC Fluid Mechanics",unchanged,"Fluid Mechanics",review,low,review_family,valid_candidate,keep,"No obvious demo, test, placeholder, or restoration marker.",conservative_pattern,"Automatically extracted from course-code, year, cohort, teacher, or duplicate-instance text; review before import."
363,51,"I3GRU-S1-GRUI31GHY Geology and Hydrogeology","I3GRU-S1-GRUI31GHY Geology and Hydrogeology",unchanged,"Geology and Hydrogeology",review,low,review_family,valid_candidate,keep,"No obvious demo, test, placeholder, or restoration marker.",conservative_pattern,"Automatically extracted from course-code, year, cohort, teacher, or duplicate-instance text; review before import."
355,51,"I3GRU-S1-GRUI31HYM Hydrometeorology","I3GRU-S1-GRUI31HYM Hydrometeorology",unchanged,Hydrometeorology,review,low,review_family,valid_candidate,keep,"No obvious demo, test, placeholder, or restoration marker.",conservative_pattern,"Automatically extracted from course-code, year, cohort, teacher, or duplicate-instance text; review before import."
360,51,"I3GRU-S1-GRUI31LAN English","I3GRU-S1-GRUI31LAN English",unchanged,English,review,low,review_family,valid_candidate,keep,"No obvious demo, test, placeholder, or restoration marker.",conservative_pattern,"Automatically extracted from course-code, year, cohort, teacher, or duplicate-instance text; review before import."
362,51,"I3GRU-S1-GRUI31LFR French","I3GRU-S1-GRUI31LFR French",unchanged,French,review,low,review_family,valid_candidate,keep,"No obvious demo, test, placeholder, or restoration marker.",conservative_pattern,"Automatically extracted from course-code, year, cohort, teacher, or duplicate-instance text; review before import."
366,51,"I3GRU-S1-GRUI31MAL MATLAB ","I3GRU-S1-GRUI31MAL MATLAB",approved,MATLAB,review,low,review_family,valid_candidate,keep,"No obvious demo, test, placeholder, or restoration marker.",conservative_pattern,"Normalized outer, repeated, or non-breaking whitespace. Automatically extracted from course-code, year, cohort, teacher, or duplicate-instance text; review before import."
356,51,"I3GRU-S1-GRUI31MET Meteorology","I3GRU-S1-GRUI31MET Meteorology",unchanged,Meteorology,review,low,review_family,valid_candidate,keep,"No obvious demo, test, placeholder, or restoration marker.",conservative_pattern,"Automatically extracted from course-code, year, cohort, teacher, or duplicate-instance text; review before import."
358,51,"I3GRU-S1-GRUI31SSC Soil Sciences","I3GRU-S1-GRUI31SSC Soil Sciences",unchanged,"Soil Sciences",review,low,review_family,valid_candidate,keep,"No obvious demo, test, placeholder, or restoration marker.",conservative_pattern,"Automatically extracted from course-code, year, cohort, teacher, or duplicate-instance text; review before import."
354,51,"I3GRU-S1-GRUI31STA Statistics","I3GRU-S1-GRUI31STA Statistics",unchanged,Statistics,review,low,review_family,valid_candidate,keep,"No obvious demo, test, placeholder, or restoration marker.",conservative_pattern,"Automatically extracted from course-code, year, cohort, teacher, or duplicate-instance text; review before import."
18,51,"I3GRU-S1-GRUI3Strength of Materials-e","I3GRU-S1-GRUI3Strength of Materials-e",unchanged,"GRUI3Strength of Materials-e",review,low,review_family,valid_candidate,keep,"No obvious demo, test, placeholder, or restoration marker.",conservative_pattern,"Automatically extracted from course-code, year, cohort, teacher, or duplicate-instance text; review before import."
364,51,"I3GRU-S2-GRUI32CAD Computer-Aids Designs (AutoCAD)","I3GRU-S2-GRUI32CAD Computer-Aids Designs (AutoCAD)",unchanged,"Computer-Aids Designs (AutoCAD)",review,low,review_family,valid_candidate,keep,"No obvious demo, test, placeholder, or restoration marker.",conservative_pattern,"Automatically extracted from course-code, year, cohort, teacher, or duplicate-instance text; review before import."
352,51,"I3GRU-S2-GRUI32HYG Hydrology","I3GRU-S2-GRUI32HYG Hydrology",unchanged,Hydrology,review,low,review_family,valid_candidate,keep,"No obvious demo, test, placeholder, or restoration marker.",conservative_pattern,"Automatically extracted from course-code, year, cohort, teacher, or duplicate-instance text; review before import."
365,51,"I3GRU-S2-GRUI32IEE Introduction to Environmental Engineering","I3GRU-S2-GRUI32IEE Introduction to Environmental Engineering",unchanged,"Introduction to Environmental Engineering",review,low,review_family,valid_candidate,keep,"No obvious demo, test, placeholder, or restoration marker.",conservative_pattern,"Automatically extracted from course-code, year, cohort, teacher, or duplicate-instance text; review before import."
353,51,"I3GRU-S2-GRUI32LAN English","I3GRU-S2-GRUI32LAN English",unchanged,English,review,low,review_family,valid_candidate,keep,"No obvious demo, test, placeholder, or restoration marker.",conservative_pattern,"Automatically extracted from course-code, year, cohort, teacher, or duplicate-instance text; review before import."
361,51,"I3GRU-S2-GRUI32LFR French","I3GRU-S2-GRUI32LFR French",unchanged,French,review,low,review_family,valid_candidate,keep,"No obvious demo, test, placeholder, or restoration marker.",conservative_pattern,"Automatically extracted from course-code, year, cohort, teacher, or duplicate-instance text; review before import."
359,51,"I3GRU-S2-GRUI32SMF Soil Mechanics and Foundations","I3GRU-S2-GRUI32SMF Soil Mechanics and Foundations",unchanged,"Soil Mechanics and Foundations",review,low,review_family,valid_candidate,keep,"No obvious demo, test, placeholder, or restoration marker.",conservative_pattern,"Automatically extracted from course-code, year, cohort, teacher, or duplicate-instance text; review before import."
15,51,"I3GRU-S2-GRUI32TOP Surveying-e","I3GRU-S2-GRUI32TOP Surveying-e",unchanged,Surveying-e,review,low,review_family,valid_candidate,keep,"No obvious demo, test, placeholder, or restoration marker.",conservative_pattern,"Automatically extracted from course-code, year, cohort, teacher, or duplicate-instance text; review before import."
1453,150,"I3GRU-SEB-S1-Commercializing Science and Technology  ","I3GRU-SEB-S1-Commercializing Science and Technology",approved,"Commercializing Science and Technology",review,low,review_family,valid_candidate,keep,"No obvious demo, test, placeholder, or restoration marker.",conservative_pattern,"Normalized outer, repeated, or non-breaking whitespace. Automatically extracted from course-code, year, cohort, teacher, or duplicate-instance text; review before import."
1454,150,"I3GRU-SEB-S1-Creating ethical and sustainable business  ","I3GRU-SEB-S1-Creating ethical and sustainable business",approved,"Creating ethical and sustainable business",review,low,review_family,valid_candidate,keep,"No obvious demo, test, placeholder, or restoration marker.",conservative_pattern,"Normalized outer, repeated, or non-breaking whitespace. Automatically extracted from course-code, year, cohort, teacher, or duplicate-instance text; review before import."
1450,150,"I3GRU-SEB-S1-English for specific purpose (ESP) I ","I3GRU-SEB-S1-English for specific purpose (ESP) I",approved,"English for specific purpose (ESP) I",review,low,review_family,valid_candidate,keep,"No obvious demo, test, placeholder, or restoration marker.",conservative_pattern,"Normalized outer, repeated, or non-breaking whitespace. Automatically extracted from course-code, year, cohort, teacher, or duplicate-instance text; review before import."
1451,150,"I3GRU-SEB-S1-Global sustainable business ","I3GRU-SEB-S1-Global sustainable business",approved,"Global sustainable business",review,low,review_family,valid_candidate,keep,"No obvious demo, test, placeholder, or restoration marker.",conservative_pattern,"Normalized outer, repeated, or non-breaking whitespace. Automatically extracted from course-code, year, cohort, teacher, or duplicate-instance text; review before import."
1452,150,"I3GRU-SEB-S1-Water and soil pollution control and treatment technology ","I3GRU-SEB-S1-Water and soil pollution control and treatment technology",approved,"Water and soil pollution control and treatment technology",review,low,review_family,valid_candidate,keep,"No obvious demo, test, placeholder, or restoration marker.",conservative_pattern,"Normalized outer, repeated, or non-breaking whitespace. Automatically extracted from course-code, year, cohort, teacher, or duplicate-instance text; review before import."
1458,150,"I3GRU-SEB-S2-Civil engineering design project  ","I3GRU-SEB-S2-Civil engineering design project",approved,"Civil engineering design project",review,low,review_family,valid_candidate,keep,"No obvious demo, test, placeholder, or restoration marker.",conservative_pattern,"Normalized outer, repeated, or non-breaking whitespace. Automatically extracted from course-code, year, cohort, teacher, or duplicate-instance text; review before import."
1457,150,"I3GRU-SEB-S2-Community internship and partnership for SDGs  ","I3GRU-SEB-S2-Community internship and partnership for SDGs",approved,"Community internship and partnership for SDGs",review,low,review_family,valid_candidate,keep,"No obvious demo, test, placeholder, or restoration marker.",conservative_pattern,"Normalized outer, repeated, or non-breaking whitespace. Automatically extracted from course-code, year, cohort, teacher, or duplicate-instance text; review before import."
1459,150,"I3GRU-SEB-S2-Engineering Entrepreneurship ","I3GRU-SEB-S2-Engineering Entrepreneurship",approved,"Engineering Entrepreneurship",review,low,review_family,valid_candidate,keep,"No obvious demo, test, placeholder, or restoration marker.",conservative_pattern,"Normalized outer, repeated, or non-breaking whitespace. Automatically extracted from course-code, year, cohort, teacher, or duplicate-instance text; review before import."
1455,150,"I3GRU-SEB-S2-English for specific purpose (ESP) II ","I3GRU-SEB-S2-English for specific purpose (ESP) II",approved,"English for specific purpose (ESP) II",review,low,review_family,valid_candidate,keep,"No obvious demo, test, placeholder, or restoration marker.",conservative_pattern,"Normalized outer, repeated, or non-breaking whitespace. Automatically extracted from course-code, year, cohort, teacher, or duplicate-instance text; review before import."
1456,150,"I3GRU-SEB-S2-Material Engineering  ","I3GRU-SEB-S2-Material Engineering",approved,"Material Engineering",review,low,review_family,valid_candidate,keep,"No obvious demo, test, placeholder, or restoration marker.",conservative_pattern,"Normalized outer, repeated, or non-breaking whitespace. Automatically extracted from course-code, year, cohort, teacher, or duplicate-instance text; review before import."
1222,106,"I3GTI-S1 C.A.D. 1 (AutoCAD)","I3GTI-S1 C.A.D. 1 (AutoCAD)",unchanged,"S1 C.A.D. 1 (AutoCAD)",review,low,review_family,valid_candidate,keep,"No obvious demo, test, placeholder, or restoration marker.",conservative_pattern,"Automatically extracted from course-code, year, cohort, teacher, or duplicate-instance text; review before import."
1223,106,"I3GTI-S1 Choice of transport infrastructures and sustainability","I3GTI-S1 Choice of transport infrastructures and sustainability",unchanged,"S1 Choice of transport infrastructures and sustainability",review,low,review_family,valid_candidate,keep,"No obvious demo, test, placeholder, or restoration marker.",conservative_pattern,"Automatically extracted from course-code, year, cohort, teacher, or duplicate-instance text; review before import."
1226,106,"I3GTI-S1 Fundamental notions of logistics","I3GTI-S1 Fundamental notions of logistics",unchanged,"S1 Fundamental notions of logistics",review,low,review_family,valid_candidate,keep,"No obvious demo, test, placeholder, or restoration marker.",conservative_pattern,"Automatically extracted from course-code, year, cohort, teacher, or duplicate-instance text; review before import."
1229,106,"I3GTI-S1 Life cycle analysis","I3GTI-S1 Life cycle analysis",unchanged,"S1 Life cycle analysis",review,low,review_family,valid_candidate,keep,"No obvious demo, test, placeholder, or restoration marker.",conservative_pattern,"Automatically extracted from course-code, year, cohort, teacher, or duplicate-instance text; review before import."
1231,106,"I3GTI-S1 Statistics","I3GTI-S1 Statistics",unchanged,"S1 Statistics",review,low,review_family,valid_candidate,keep,"No obvious demo, test, placeholder, or restoration marker.",conservative_pattern,"Automatically extracted from course-code, year, cohort, teacher, or duplicate-instance text; review before import."
1232,106,"I3GTI-S1 Strength of materials 1","I3GTI-S1 Strength of materials 1",unchanged,"S1 Strength of materials 1",review,low,review_family,valid_candidate,keep,"No obvious demo, test, placeholder, or restoration marker.",conservative_pattern,"Automatically extracted from course-code, year, cohort, teacher, or duplicate-instance text; review before import."
1236,106,"I3GTI-S1 Transport economies","I3GTI-S1 Transport economies",unchanged,"S1 Transport economies",review,low,review_family,valid_candidate,keep,"No obvious demo, test, placeholder, or restoration marker.",conservative_pattern,"Automatically extracted from course-code, year, cohort, teacher, or duplicate-instance text; review before import."
1245,106,"I3GTI-S1-GCII31AUT Computer-Aided Design 1 (AutoCAD)","I3GTI-S1-GCII31AUT Computer-Aided Design 1 (AutoCAD)",unchanged,"Computer-Aided Design 1 (AutoCAD)",review,low,review_family,valid_candidate,keep,"No obvious demo, test, placeholder, or restoration marker.",conservative_pattern,"Automatically extracted from course-code, year, cohort, teacher, or duplicate-instance text; review before import."
1234,106,"I3GTI-S1-GCII31TOP Topographie","I3GTI-S1-GCII31TOP Topographie",unchanged,Topographie,review,low,review_family,valid_candidate,keep,"No obvious demo, test, placeholder, or restoration marker.",conservative_pattern,"Automatically extracted from course-code, year, cohort, teacher, or duplicate-instance text; review before import."
1224,106,"I3GTI-S2 Construction materials (concrete)","I3GTI-S2 Construction materials (concrete)",unchanged,"S2 Construction materials (concrete)",review,low,review_family,valid_candidate,keep,"No obvious demo, test, placeholder, or restoration marker.",conservative_pattern,"Automatically extracted from course-code, year, cohort, teacher, or duplicate-instance text; review before import."
1225,106,"I3GTI-S2 Cross-border and road transport","I3GTI-S2 Cross-border and road transport",unchanged,"S2 Cross-border and road transport",review,low,review_family,valid_candidate,keep,"No obvious demo, test, placeholder, or restoration marker.",conservative_pattern,"Automatically extracted from course-code, year, cohort, teacher, or duplicate-instance text; review before import."
1227,106,"I3GTI-S2 Geology","I3GTI-S2 Geology",unchanged,"S2 Geology",review,low,review_family,valid_candidate,keep,"No obvious demo, test, placeholder, or restoration marker.",conservative_pattern,"Automatically extracted from course-code, year, cohort, teacher, or duplicate-instance text; review before import."
1230,106,"I3GTI-S2 Management of supply chains and transport systems","I3GTI-S2 Management of supply chains and transport systems",unchanged,"S2 Management of supply chains and transport systems",review,low,review_family,valid_candidate,keep,"No obvious demo, test, placeholder, or restoration marker.",conservative_pattern,"Automatically extracted from course-code, year, cohort, teacher, or duplicate-instance text; review before import."
1233,106,"I3GTI-S2 Strength of materials 2","I3GTI-S2 Strength of materials 2",unchanged,"S2 Strength of materials 2",review,low,review_family,valid_candidate,keep,"No obvious demo, test, placeholder, or restoration marker.",conservative_pattern,"Automatically extracted from course-code, year, cohort, teacher, or duplicate-instance text; review before import."
1235,106,"I3GTI-S2 Traffic management and modelling","I3GTI-S2 Traffic management and modelling",unchanged,"S2 Traffic management and modelling",review,low,review_family,valid_candidate,keep,"No obvious demo, test, placeholder, or restoration marker.",conservative_pattern,"Automatically extracted from course-code, year, cohort, teacher, or duplicate-instance text; review before import."
1237,106,"I3GTI-S2 Transport engineering","I3GTI-S2 Transport engineering",unchanged,"S2 Transport engineering",review,low,review_family,valid_candidate,keep,"No obvious demo, test, placeholder, or restoration marker.",conservative_pattern,"Automatically extracted from course-code, year, cohort, teacher, or duplicate-instance text; review before import."
1238,106,"I3GTI-S2 Transport systems of freights and travelers","I3GTI-S2 Transport systems of freights and travelers",unchanged,"S2 Transport systems of freights and travelers",review,low,review_family,valid_candidate,keep,"No obvious demo, test, placeholder, or restoration marker.",conservative_pattern,"Automatically extracted from course-code, year, cohort, teacher, or duplicate-instance text; review before import."
1228,106,"I3GTI-S2-GTII32HYD Hydrology","I3GTI-S2-GTII32HYD Hydrology",unchanged,Hydrology,review,low,review_family,valid_candidate,keep,"No obvious demo, test, placeholder, or restoration marker.",conservative_pattern,"Automatically extracted from course-code, year, cohort, teacher, or duplicate-instance text; review before import."
900,74,"I3GTR-S1- Analog Electronics","I3GTR-S1- Analog Electronics",unchanged,"Analog Electronics",review,low,review_family,valid_candidate,keep,"No obvious demo, test, placeholder, or restoration marker.",conservative_pattern,"Automatically extracted from course-code, year, cohort, teacher, or duplicate-instance text; review before import."
902,74,"I3GTR-S1- Digital Electronics","I3GTR-S1- Digital Electronics",unchanged,"Digital Electronics",review,low,review_family,valid_candidate,keep,"No obvious demo, test, placeholder, or restoration marker.",conservative_pattern,"Automatically extracted from course-code, year, cohort, teacher, or duplicate-instance text; review before import."
898,74,"I3GTR-S1- Electrical Circuit Analysis","I3GTR-S1- Electrical Circuit Analysis",unchanged,"Electrical Circuit Analysis",review,low,review_family,valid_candidate,keep,"No obvious demo, test, placeholder, or restoration marker.",conservative_pattern,"Automatically extracted from course-code, year, cohort, teacher, or duplicate-instance text; review before import."
895,74,"I3GTR-S1- English","I3GTR-S1- English",unchanged,English,review,low,review_family,valid_candidate,keep,"No obvious demo, test, placeholder, or restoration marker.",conservative_pattern,"Automatically extracted from course-code, year, cohort, teacher, or duplicate-instance text; review before import."
897,74,"I3GTR-S1- French","I3GTR-S1- French",unchanged,French,review,low,review_family,valid_candidate,keep,"No obvious demo, test, placeholder, or restoration marker.",conservative_pattern,"Automatically extracted from course-code, year, cohort, teacher, or duplicate-instance text; review before import."
912,74,"I3GTR-S1- Operating Systems Linux","I3GTR-S1- Operating Systems Linux",unchanged,"Operating Systems Linux",review,low,review_family,valid_candidate,keep,"No obvious demo, test, placeholder, or restoration marker.",conservative_pattern,"Automatically extracted from course-code, year, cohort, teacher, or duplicate-instance text; review before import."
899,74,"I3GTR-S1- Signals and Systems","I3GTR-S1- Signals and Systems",unchanged,"Signals and Systems",review,low,review_family,valid_candidate,keep,"No obvious demo, test, placeholder, or restoration marker.",conservative_pattern,"Automatically extracted from course-code, year, cohort, teacher, or duplicate-instance text; review before import."
896,74,"I3GTR-S1- Statistics","I3GTR-S1- Statistics",unchanged,Statistics,review,low,review_family,valid_candidate,keep,"No obvious demo, test, placeholder, or restoration marker.",conservative_pattern,"Automatically extracted from course-code, year, cohort, teacher, or duplicate-instance text; review before import."
263,74,"I3GTR-S2- Discrete Mathematicss","I3GTR-S2- Discrete Mathematicss",unchanged,"Discrete Mathematicss",review,low,review_family,valid_candidate,keep,"No obvious demo, test, placeholder, or restoration marker.",conservative_pattern,"Automatically extracted from course-code, year, cohort, teacher, or duplicate-instance text; review before import."
909,74,"I3GTR-S2- Electromagnetic Fields and Waves","I3GTR-S2- Electromagnetic Fields and Waves",unchanged,"Electromagnetic Fields and Waves",review,low,review_family,valid_candidate,keep,"No obvious demo, test, placeholder, or restoration marker.",conservative_pattern,"Automatically extracted from course-code, year, cohort, teacher, or duplicate-instance text; review before import."
908,74,"I3GTR-S2- English","I3GTR-S2- English",unchanged,English,review,low,review_family,valid_candidate,keep,"No obvious demo, test, placeholder, or restoration marker.",conservative_pattern,"Automatically extracted from course-code, year, cohort, teacher, or duplicate-instance text; review before import."
906,74,"I3GTR-S2- Filter Design","I3GTR-S2- Filter Design",unchanged,"Filter Design",review,low,review_family,valid_candidate,keep,"No obvious demo, test, placeholder, or restoration marker.",conservative_pattern,"Automatically extracted from course-code, year, cohort, teacher, or duplicate-instance text; review before import."
911,74,"I3GTR-S2- French","I3GTR-S2- French",unchanged,French,review,low,review_family,valid_candidate,keep,"No obvious demo, test, placeholder, or restoration marker.",conservative_pattern,"Automatically extracted from course-code, year, cohort, teacher, or duplicate-instance text; review before import."
904,74,"I3GTR-S2- Introduction to Computer Network","I3GTR-S2- Introduction to Computer Network",unchanged,"Introduction to Computer Network",review,low,review_family,valid_candidate,keep,"No obvious demo, test, placeholder, or restoration marker.",conservative_pattern,"Automatically extracted from course-code, year, cohort, teacher, or duplicate-instance text; review before import."
913,74,"I3GTR-S2- Microcontroller and Sensor","I3GTR-S2- Microcontroller and Sensor",unchanged,"Microcontroller and Sensor",review,low,review_family,valid_candidate,keep,"No obvious demo, test, placeholder, or restoration marker.",conservative_pattern,"Automatically extracted from course-code, year, cohort, teacher, or duplicate-instance text; review before import."
914,74,"I3GTR-S2- Object Oriented Programming","I3GTR-S2- Object Oriented Programming",unchanged,"Object Oriented Programming",review,low,review_family,valid_candidate,keep,"No obvious demo, test, placeholder, or restoration marker.",conservative_pattern,"Automatically extracted from course-code, year, cohort, teacher, or duplicate-instance text; review before import."
903,74,"I3GTR-S2- Random Processes","I3GTR-S2- Random Processes",unchanged,"Random Processes",review,low,review_family,valid_candidate,keep,"No obvious demo, test, placeholder, or restoration marker.",conservative_pattern,"Automatically extracted from course-code, year, cohort, teacher, or duplicate-instance text; review before import."
1019,92,"I3SA-S2-EnglishI3 English I3","I3SA-S2-EnglishI3 English I3",unchanged,"EnglishI3 English I3",review,low,review_family,valid_candidate,keep,"No obvious demo, test, placeholder, or restoration marker.",conservative_pattern,"Automatically extracted from course-code, year, cohort, teacher, or duplicate-instance text; review before import."
1002,82,"I3SF-S1- I3-S1 French I3-B1","I3SF-S1- I3-S1 French I3-B1",unchanged,"I3-S1 French I3-B1",review,low,review_family,valid_candidate,keep,"No obvious demo, test, placeholder, or restoration marker.",conservative_pattern,"Automatically extracted from course-code, year, cohort, teacher, or duplicate-instance text; review before import."
1004,82,"I3SF-S1- I3-S1French I3-A1","I3SF-S1- I3-S1French I3-A1",unchanged,"I3-S1French I3-A1",review,low,review_family,valid_candidate,keep,"No obvious demo, test, placeholder, or restoration marker.",conservative_pattern,"Automatically extracted from course-code, year, cohort, teacher, or duplicate-instance text; review before import."
1003,82,"I3SF-S1-FRI3-A2 I3-S1 French I3-A2","I3SF-S1-FRI3-A2 I3-S1 French I3-A2",unchanged,"A2 I3-S1 French I3-A2",review,low,review_family,valid_candidate,keep,"No obvious demo, test, placeholder, or restoration marker.",conservative_pattern,"Automatically extracted from course-code, year, cohort, teacher, or duplicate-instance text; review before import."
1005,82,"I3SF-S2- I3-S2 French I3-A1","I3SF-S2- I3-S2 French I3-A1",unchanged,"I3-S2 French I3-A1",review,low,review_family,valid_candidate,keep,"No obvious demo, test, placeholder, or restoration marker.",conservative_pattern,"Automatically extracted from course-code, year, cohort, teacher, or duplicate-instance text; review before import."
1006,82,"I3SF-S2- I3-S2 French I3-A2","I3SF-S2- I3-S2 French I3-A2",unchanged,"I3-S2 French I3-A2",review,low,review_family,valid_candidate,keep,"No obvious demo, test, placeholder, or restoration marker.",conservative_pattern,"Automatically extracted from course-code, year, cohort, teacher, or duplicate-instance text; review before import."
1007,82,"I3SF-S2- I3-S2 French I3-B1","I3SF-S2- I3-S2 French I3-B1",unchanged,"I3-S2 French I3-B1",review,low,review_family,valid_candidate,keep,"No obvious demo, test, placeholder, or restoration marker.",conservative_pattern,"Automatically extracted from course-code, year, cohort, teacher, or duplicate-instance text; review before import."
1282,78,"I4AMS-S1-AMSI41AIN Artificial Intelligent","I4AMS-S1-AMSI41AIN Artificial Intelligent",unchanged,"Artificial Intelligent",review,low,review_family,valid_candidate,keep,"No obvious demo, test, placeholder, or restoration marker.",conservative_pattern,"Automatically extracted from course-code, year, cohort, teacher, or duplicate-instance text; review before import."
973,78,"I4AMS-S1-AMSI41ANG English","I4AMS-S1-AMSI41ANG English",unchanged,English,review,low,review_family,valid_candidate,keep,"No obvious demo, test, placeholder, or restoration marker.",conservative_pattern,"Automatically extracted from course-code, year, cohort, teacher, or duplicate-instance text; review before import."
1283,78,"I4AMS-S1-AMSI41DEP Data Ethics and Privacy","I4AMS-S1-AMSI41DEP Data Ethics and Privacy",unchanged,"Data Ethics and Privacy",review,low,review_family,valid_candidate,keep,"No obvious demo, test, placeholder, or restoration marker.",conservative_pattern,"Automatically extracted from course-code, year, cohort, teacher, or duplicate-instance text; review before import."
972,78,"I4AMS-S1-AMSI41FRA French","I4AMS-S1-AMSI41FRA French",unchanged,French,review,low,review_family,valid_candidate,keep,"No obvious demo, test, placeholder, or restoration marker.",conservative_pattern,"Automatically extracted from course-code, year, cohort, teacher, or duplicate-instance text; review before import."
1281,78,"I4AMS-S1-AMSI41GTH Graph Theory","I4AMS-S1-AMSI41GTH Graph Theory",unchanged,"Graph Theory",review,low,review_family,valid_candidate,keep,"No obvious demo, test, placeholder, or restoration marker.",conservative_pattern,"Automatically extracted from course-code, year, cohort, teacher, or duplicate-instance text; review before import."
974,78,"I4AMS-S1-AMSI41IFA Introduction to financial models and actuarial sciences II","I4AMS-S1-AMSI41IFA Introduction to financial models and actuarial sciences II",unchanged,"Introduction to financial models and actuarial sciences II",review,low,review_family,valid_candidate,keep,"No obvious demo, test, placeholder, or restoration marker.",conservative_pattern,"Automatically extracted from course-code, year, cohort, teacher, or duplicate-instance text; review before import."
970,78,"I4AMS-S1-AMSI41OPR Operation Research","I4AMS-S1-AMSI41OPR Operation Research",unchanged,"Operation Research",review,low,review_family,valid_candidate,keep,"No obvious demo, test, placeholder, or restoration marker.",conservative_pattern,"Automatically extracted from course-code, year, cohort, teacher, or duplicate-instance text; review before import."
971,78,"I4AMS-S1-AMSI41SSE Operating Systems I","I4AMS-S1-AMSI41SSE Operating Systems I",unchanged,"Operating Systems I",review,low,review_family,valid_candidate,keep,"No obvious demo, test, placeholder, or restoration marker.",conservative_pattern,"Automatically extracted from course-code, year, cohort, teacher, or duplicate-instance text; review before import."
969,78,"I4AMS-S1-AMSI41STM Statistical Models","I4AMS-S1-AMSI41STM Statistical Models",unchanged,"Statistical Models",review,low,review_family,valid_candidate,keep,"No obvious demo, test, placeholder, or restoration marker.",conservative_pattern,"Automatically extracted from course-code, year, cohort, teacher, or duplicate-instance text; review before import."
968,78,"I4AMS-S1-AMSI41STP Stochastic Processes","I4AMS-S1-AMSI41STP Stochastic Processes",unchanged,"Stochastic Processes",review,low,review_family,valid_candidate,keep,"No obvious demo, test, placeholder, or restoration marker.",conservative_pattern,"Automatically extracted from course-code, year, cohort, teacher, or duplicate-instance text; review before import."
984,78,"I4AMS-S2- Major Project (Internship)","I4AMS-S2- Major Project (Internship)",unchanged,"Major Project (Internship)",review,low,review_family,valid_candidate,keep,"No obvious demo, test, placeholder, or restoration marker.",conservative_pattern,"Automatically extracted from course-code, year, cohort, teacher, or duplicate-instance text; review before import."
967,78,"I4AMS-S2-AMSI41ECO Economics for Engineers","I4AMS-S2-AMSI41ECO Economics for Engineers",unchanged,"Economics for Engineers",review,low,review_family,valid_candidate,keep,"No obvious demo, test, placeholder, or restoration marker.",conservative_pattern,"Automatically extracted from course-code, year, cohort, teacher, or duplicate-instance text; review before import."
979,78,"I4AMS-S2-AMSI42ANG English","I4AMS-S2-AMSI42ANG English",unchanged,English,review,low,review_family,valid_candidate,keep,"No obvious demo, test, placeholder, or restoration marker.",conservative_pattern,"Automatically extracted from course-code, year, cohort, teacher, or duplicate-instance text; review before import."
982,78,"I4AMS-S2-AMSI42DVI Data Visualization","I4AMS-S2-AMSI42DVI Data Visualization",unchanged,"Data Visualization",review,low,review_family,valid_candidate,keep,"No obvious demo, test, placeholder, or restoration marker.",conservative_pattern,"Automatically extracted from course-code, year, cohort, teacher, or duplicate-instance text; review before import."
980,78,"I4AMS-S2-AMSI42FRA French","I4AMS-S2-AMSI42FRA French",unchanged,French,review,low,review_family,valid_candidate,keep,"No obvious demo, test, placeholder, or restoration marker.",conservative_pattern,"Automatically extracted from course-code, year, cohort, teacher, or duplicate-instance text; review before import."
981,78,"I4AMS-S2-AMSI42IPD Introduction to Parallel and Distributed Systems","I4AMS-S2-AMSI42IPD Introduction to Parallel and Distributed Systems",unchanged,"Introduction to Parallel and Distributed Systems",review,low,review_family,valid_candidate,keep,"No obvious demo, test, placeholder, or restoration marker.",conservative_pattern,"Automatically extracted from course-code, year, cohort, teacher, or duplicate-instance text; review before import."
1804,78,"I4AMS-S2-AMSI42LDS Large-Scale Distributed Systems (Big Data)","I4AMS-S2-AMSI42LDS Large-Scale Distributed Systems (Big Data)",unchanged,"Large-Scale Distributed Systems",review,low,review_family,valid_candidate,keep,"No obvious demo, test, placeholder, or restoration marker.",conservative_pattern,"Automatically extracted from course-code, year, cohort, teacher, or duplicate-instance text; review before import."
977,78,"I4AMS-S2-AMSI42PGM Probabilistic Graphical Models","I4AMS-S2-AMSI42PGM Probabilistic Graphical Models",unchanged,"Probabilistic Graphical Models",review,low,review_family,valid_candidate,keep,"No obvious demo, test, placeholder, or restoration marker.",conservative_pattern,"Automatically extracted from course-code, year, cohort, teacher, or duplicate-instance text; review before import."
978,78,"I4AMS-S2AMSI42DDA Database Design and Admin","I4AMS-S2AMSI42DDA Database Design and Admin",unchanged,"S2AMSI42DDA Database Design and Admin",review,low,review_family,valid_candidate,keep,"No obvious demo, test, placeholder, or restoration marker.",conservative_pattern,"Automatically extracted from course-code, year, cohort, teacher, or duplicate-instance text; review before import."
1276,103,"I4GAR-S1- Landscape Architecture (L.A)","I4GAR-S1- Landscape Architecture (L.A)",unchanged,"Landscape Architecture (L.A)",review,low,review_family,valid_candidate,keep,"No obvious demo, test, placeholder, or restoration marker.",conservative_pattern,"Automatically extracted from course-code, year, cohort, teacher, or duplicate-instance text; review before import."
1201,103,"I4GAR-S1-GARI41ADS Structural Analysis","I4GAR-S1-GARI41ADS Structural Analysis",unchanged,"Structural Analysis",review,low,review_family,valid_candidate,keep,"No obvious demo, test, placeholder, or restoration marker.",conservative_pattern,"Automatically extracted from course-code, year, cohort, teacher, or duplicate-instance text; review before import."
1189,103,"I4GAR-S1-GARI41ATAIII Architectural Design Workshop III","I4GAR-S1-GARI41ATAIII Architectural Design Workshop III",unchanged,"Architectural Design Workshop III",review,low,review_family,valid_candidate,keep,"No obvious demo, test, placeholder, or restoration marker.",conservative_pattern,"Automatically extracted from course-code, year, cohort, teacher, or duplicate-instance text; review before import."
1215,103,"I4GAR-S1-GARI41BA Reinforced Concrete Design","I4GAR-S1-GARI41BA Reinforced Concrete Design",unchanged,"Reinforced Concrete Design",review,low,review_family,valid_candidate,keep,"No obvious demo, test, placeholder, or restoration marker.",conservative_pattern,"Automatically extracted from course-code, year, cohort, teacher, or duplicate-instance text; review before import."
1197,103,"I4GAR-S1-GARI41BEA Reinforced Concrete","I4GAR-S1-GARI41BEA Reinforced Concrete",unchanged,"Reinforced Concrete",review,low,review_family,valid_candidate,keep,"No obvious demo, test, placeholder, or restoration marker.",conservative_pattern,"Automatically extracted from course-code, year, cohort, teacher, or duplicate-instance text; review before import."
1200,103,"I4GAR-S1-GARI41COM Steel Structure","I4GAR-S1-GARI41COM Steel Structure",unchanged,"Steel Structure",review,low,review_family,valid_candidate,keep,"No obvious demo, test, placeholder, or restoration marker.",conservative_pattern,"Automatically extracted from course-code, year, cohort, teacher, or duplicate-instance text; review before import."
1192,103,"I4GAR-S1-GARI41DPO Computer Graphic Design II (3Ds Max)","I4GAR-S1-GARI41DPO Computer Graphic Design II (3Ds Max)",unchanged,"Computer Graphic Design II",review,low,review_family,valid_candidate,keep,"No obvious demo, test, placeholder, or restoration marker.",conservative_pattern,"Automatically extracted from course-code, year, cohort, teacher, or duplicate-instance text; review before import."
1193,103,"I4GAR-S1-GARI41EDB Electricity in Building","I4GAR-S1-GARI41EDB Electricity in Building",unchanged,"Electricity in Building",review,low,review_family,valid_candidate,keep,"No obvious demo, test, placeholder, or restoration marker.",conservative_pattern,"Automatically extracted from course-code, year, cohort, teacher, or duplicate-instance text; review before import."
1195,103,"I4GAR-S1-GARI41GIS Geographic Information System (GIS)","I4GAR-S1-GARI41GIS Geographic Information System (GIS)",unchanged,"Geographic Information System (GIS)",review,low,review_family,valid_candidate,keep,"No obvious demo, test, placeholder, or restoration marker.",conservative_pattern,"Automatically extracted from course-code, year, cohort, teacher, or duplicate-instance text; review before import."
1198,103,"I4GAR-S1-GARI41INS Sanitary Installation","I4GAR-S1-GARI41INS Sanitary Installation",unchanged,"Sanitary Installation",review,low,review_family,valid_candidate,keep,"No obvious demo, test, placeholder, or restoration marker.",conservative_pattern,"Automatically extracted from course-code, year, cohort, teacher, or duplicate-instance text; review before import."
1191,103,"I4GAR-S1-GARI41TDB Building Construction Technology","I4GAR-S1-GARI41TDB Building Construction Technology",unchanged,"Building Construction Technology",review,low,review_family,valid_candidate,keep,"No obvious demo, test, placeholder, or restoration marker.",conservative_pattern,"Automatically extracted from course-code, year, cohort, teacher, or duplicate-instance text; review before import."
1196,103,"I4GAR-S2-GARI42ADP Landscape Architecture","I4GAR-S2-GARI42ADP Landscape Architecture",unchanged,"Landscape Architecture",review,low,review_family,valid_candidate,keep,"No obvious demo, test, placeholder, or restoration marker.",conservative_pattern,"Automatically extracted from course-code, year, cohort, teacher, or duplicate-instance text; review before import."
1190,103,"I4GAR-S2-GARI42ATA Architectural Design Workshop IV","I4GAR-S2-GARI42ATA Architectural Design Workshop IV",unchanged,"Architectural Design Workshop IV",review,low,review_family,valid_candidate,keep,"No obvious demo, test, placeholder, or restoration marker.",conservative_pattern,"Automatically extracted from course-code, year, cohort, teacher, or duplicate-instance text; review before import."
1220,103,"I4GAR-S2-GARI42ATA Atelier IV","I4GAR-S2-GARI42ATA Atelier IV",unchanged,"Atelier IV",review,low,review_family,valid_candidate,keep,"No obvious demo, test, placeholder, or restoration marker.",conservative_pattern,"Automatically extracted from course-code, year, cohort, teacher, or duplicate-instance text; review before import."
1199,103,"I4GAR-S2-GARI42MDS Soil Mechanics","I4GAR-S2-GARI42MDS Soil Mechanics",unchanged,"Soil Mechanics",review,low,review_family,valid_candidate,keep,"No obvious demo, test, placeholder, or restoration marker.",conservative_pattern,"Automatically extracted from course-code, year, cohort, teacher, or duplicate-instance text; review before import."
1203,103,"I4GAR-S2-GARI42RUD Urban Regulation and Law","I4GAR-S2-GARI42RUD Urban Regulation and Law",unchanged,"Urban Regulation and Law",review,low,review_family,valid_candidate,keep,"No obvious demo, test, placeholder, or restoration marker.",conservative_pattern,"Automatically extracted from course-code, year, cohort, teacher, or duplicate-instance text; review before import."
1202,103,"I4GAR-S2-GARI42URB Urban Planning I","I4GAR-S2-GARI42URB Urban Planning I",unchanged,"Urban Planning I",review,low,review_family,valid_candidate,keep,"No obvious demo, test, placeholder, or restoration marker.",conservative_pattern,"Automatically extracted from course-code, year, cohort, teacher, or duplicate-instance text; review before import."
1194,103,"I4GAR-S2-GARI42VRD External Works (Building Services)","I4GAR-S2-GARI42VRD External Works (Building Services)",unchanged,"External Works",review,low,review_family,valid_candidate,keep,"No obvious demo, test, placeholder, or restoration marker.",conservative_pattern,"Automatically extracted from course-code, year, cohort, teacher, or duplicate-instance text; review before import."
479,57,"I4GCA-Che-S1- Biochemical Process","I4GCA-Che-S1- Biochemical Process",unchanged,"Che-S1- Biochemical Process",review,low,review_family,valid_candidate,keep,"No obvious demo, test, placeholder, or restoration marker.",conservative_pattern,"Automatically extracted from course-code, year, cohort, teacher, or duplicate-instance text; review before import."
463,57,"I4GCA-Che-S1- Chemical Reaction and Kinetics","I4GCA-Che-S1- Chemical Reaction and Kinetics",unchanged,"Che-S1- Chemical Reaction and Kinetics",review,low,review_family,valid_candidate,keep,"No obvious demo, test, placeholder, or restoration marker.",conservative_pattern,"Automatically extracted from course-code, year, cohort, teacher, or duplicate-instance text; review before import."
476,57,"I4GCA-Che-S1- Chemical Thermodynamics","I4GCA-Che-S1- Chemical Thermodynamics",unchanged,"Che-S1- Chemical Thermodynamics",review,low,review_family,valid_candidate,keep,"No obvious demo, test, placeholder, or restoration marker.",conservative_pattern,"Automatically extracted from course-code, year, cohort, teacher, or duplicate-instance text; review before import."
481,57,"I4GCA-Che-S1- Material Science I","I4GCA-Che-S1- Material Science I",unchanged,"Che-S1- Material Science I",review,low,review_family,valid_candidate,keep,"No obvious demo, test, placeholder, or restoration marker.",conservative_pattern,"Automatically extracted from course-code, year, cohort, teacher, or duplicate-instance text; review before import."
478,57,"I4GCA-Che-S1- Petroleum Chemistry","I4GCA-Che-S1- Petroleum Chemistry",unchanged,"Che-S1- Petroleum Chemistry",review,low,review_family,valid_candidate,keep,"No obvious demo, test, placeholder, or restoration marker.",conservative_pattern,"Automatically extracted from course-code, year, cohort, teacher, or duplicate-instance text; review before import."
477,57,"I4GCA-Che-S1- Transport Phenomena I","I4GCA-Che-S1- Transport Phenomena I",unchanged,"Che-S1- Transport Phenomena I",review,low,review_family,valid_candidate,keep,"No obvious demo, test, placeholder, or restoration marker.",conservative_pattern,"Automatically extracted from course-code, year, cohort, teacher, or duplicate-instance text; review before import."
462,57,"I4GCA-Che-S1- Water Chemistry","I4GCA-Che-S1- Water Chemistry",unchanged,"Che-S1- Water Chemistry",review,low,review_family,valid_candidate,keep,"No obvious demo, test, placeholder, or restoration marker.",conservative_pattern,"Automatically extracted from course-code, year, cohort, teacher, or duplicate-instance text; review before import."
483,57,"I4GCA-Che-S2- Analytical and Instrument Chemistry","I4GCA-Che-S2- Analytical and Instrument Chemistry",unchanged,"Che-S2- Analytical and Instrument Chemistry",review,low,review_family,valid_candidate,keep,"No obvious demo, test, placeholder, or restoration marker.",conservative_pattern,"Automatically extracted from course-code, year, cohort, teacher, or duplicate-instance text; review before import."
484,57,"I4GCA-Che-S2- Fundamental Catalyse Reaction","I4GCA-Che-S2- Fundamental Catalyse Reaction",unchanged,"Che-S2- Fundamental Catalyse Reaction",review,low,review_family,valid_candidate,keep,"No obvious demo, test, placeholder, or restoration marker.",conservative_pattern,"Automatically extracted from course-code, year, cohort, teacher, or duplicate-instance text; review before import."
482,57,"I4GCA-Che-S2- Material Science II","I4GCA-Che-S2- Material Science II",unchanged,"Che-S2- Material Science II",review,low,review_family,valid_candidate,keep,"No obvious demo, test, placeholder, or restoration marker.",conservative_pattern,"Automatically extracted from course-code, year, cohort, teacher, or duplicate-instance text; review before import."
480,57,"I4GCA-Che-S2- Transport Phenomena II","I4GCA-Che-S2- Transport Phenomena II",unchanged,"Che-S2- Transport Phenomena II",review,low,review_family,valid_candidate,keep,"No obvious demo, test, placeholder, or restoration marker.",conservative_pattern,"Automatically extracted from course-code, year, cohort, teacher, or duplicate-instance text; review before import."
464,57,"I4GCA-FST-S1- Biochemistry","I4GCA-FST-S1- Biochemistry",unchanged,Biochemistry,review,low,review_family,valid_candidate,keep,"No obvious demo, test, placeholder, or restoration marker.",conservative_pattern,"Automatically extracted from course-code, year, cohort, teacher, or duplicate-instance text; review before import."
467,57,"I4GCA-FST-S1- Food Chemistry","I4GCA-FST-S1- Food Chemistry",unchanged,"Food Chemistry",review,low,review_family,valid_candidate,keep,"No obvious demo, test, placeholder, or restoration marker.",conservative_pattern,"Automatically extracted from course-code, year, cohort, teacher, or duplicate-instance text; review before import."
12,57,"I4GCA-FST-S1- Food Microbiology-e","I4GCA-FST-S1- Food Microbiology-e",unchanged,"Food Microbiology-e",review,low,review_family,valid_candidate,keep,"No obvious demo, test, placeholder, or restoration marker.",conservative_pattern,"Automatically extracted from course-code, year, cohort, teacher, or duplicate-instance text; review before import."
461,57,"I4GCA-FST-S1- Genetics","I4GCA-FST-S1- Genetics",unchanged,Genetics,review,low,review_family,valid_candidate,keep,"No obvious demo, test, placeholder, or restoration marker.",conservative_pattern,"Automatically extracted from course-code, year, cohort, teacher, or duplicate-instance text; review before import."
465,57,"I4GCA-FST-S1- Nutrition and Health","I4GCA-FST-S1- Nutrition and Health",unchanged,"Nutrition and Health",review,low,review_family,valid_candidate,keep,"No obvious demo, test, placeholder, or restoration marker.",conservative_pattern,"Automatically extracted from course-code, year, cohort, teacher, or duplicate-instance text; review before import."
466,57,"I4GCA-FST-S1-S2- Food Preservation I & II","I4GCA-FST-S1-S2- Food Preservation I & II",unchanged,"Food Preservation I & II",review,low,review_family,valid_candidate,keep,"No obvious demo, test, placeholder, or restoration marker.",conservative_pattern,"Automatically extracted from course-code, year, cohort, teacher, or duplicate-instance text; review before import."
1537,57,"I4GCA-FST-S2- Biotechnology-e","I4GCA-FST-S2- Biotechnology-e",unchanged,Biotechnology-e,review,low,review_family,valid_candidate,keep,"No obvious demo, test, placeholder, or restoration marker.",conservative_pattern,"Automatically extracted from course-code, year, cohort, teacher, or duplicate-instance text; review before import."
469,57,"I4GCA-FST-S2- Food Processing I","I4GCA-FST-S2- Food Processing I",unchanged,"Food Processing I",review,low,review_family,valid_candidate,keep,"No obvious demo, test, placeholder, or restoration marker.",conservative_pattern,"Automatically extracted from course-code, year, cohort, teacher, or duplicate-instance text; review before import."
471,57,"I4GCA-FST-S2- Food Safety","I4GCA-FST-S2- Food Safety",unchanged,"Food Safety",review,low,review_family,valid_candidate,keep,"No obvious demo, test, placeholder, or restoration marker.",conservative_pattern,"Automatically extracted from course-code, year, cohort, teacher, or duplicate-instance text; review before import."
475,57,"I4GCA-FST-S2- Packaging and Packing","I4GCA-FST-S2- Packaging and Packing",unchanged,"Packaging and Packing",review,low,review_family,valid_candidate,keep,"No obvious demo, test, placeholder, or restoration marker.",conservative_pattern,"Automatically extracted from course-code, year, cohort, teacher, or duplicate-instance text; review before import."
36,57,"I4GCA-FST-S2-TBK Biotechnology-e","I4GCA-FST-S2-TBK Biotechnology-e",unchanged,"TBK Biotechnology-e",review,low,review_family,valid_candidate,keep,"No obvious demo, test, placeholder, or restoration marker.",conservative_pattern,"Automatically extracted from course-code, year, cohort, teacher, or duplicate-instance text; review before import."
473,57,"I4GCA-S1-English English","I4GCA-S1-English English",unchanged,"English English",review,low,review_family,valid_candidate,keep,"No obvious demo, test, placeholder, or restoration marker.",conservative_pattern,"Automatically extracted from course-code, year, cohort, teacher, or duplicate-instance text; review before import."
472,57,"I4GCA-S1-French French","I4GCA-S1-French French",unchanged,"French French",review,low,review_family,valid_candidate,keep,"No obvious demo, test, placeholder, or restoration marker.",conservative_pattern,"Automatically extracted from course-code, year, cohort, teacher, or duplicate-instance text; review before import."
474,57,"I4GCA-S2-English English","I4GCA-S2-English English",unchanged,"English English",review,low,review_family,valid_candidate,keep,"No obvious demo, test, placeholder, or restoration marker.",conservative_pattern,"Automatically extracted from course-code, year, cohort, teacher, or duplicate-instance text; review before import."
485,57,"I4GCA-S2-French French","I4GCA-S2-French French",unchanged,"French French",review,low,review_family,valid_candidate,keep,"No obvious demo, test, placeholder, or restoration marker.",conservative_pattern,"Automatically extracted from course-code, year, cohort, teacher, or duplicate-instance text; review before import."
1351,139,"I4GCI-CMIE-S1-CMII41ASA-Advanced Structural Analysis","I4GCI-CMIE-S1-CMII41ASA-Advanced Structural Analysis",unchanged,"Advanced Structural Analysis",review,low,review_family,valid_candidate,keep,"No obvious demo, test, placeholder, or restoration marker.",conservative_pattern,"Automatically extracted from course-code, year, cohort, teacher, or duplicate-instance text; review before import."
1356,139,"I4GCI-CMIE-S1-CMII41FEM-Finite Element Method","I4GCI-CMIE-S1-CMII41FEM-Finite Element Method",unchanged,"Finite Element Method",review,low,review_family,valid_candidate,keep,"No obvious demo, test, placeholder, or restoration marker.",conservative_pattern,"Automatically extracted from course-code, year, cohort, teacher, or duplicate-instance text; review before import."
1353,139,"I4GCI-CMIE-S1-CMII41GEA-Geotechnical Engineering Analysis","I4GCI-CMIE-S1-CMII41GEA-Geotechnical Engineering Analysis",unchanged,"Geotechnical Engineering Analysis",review,low,review_family,valid_candidate,keep,"No obvious demo, test, placeholder, or restoration marker.",conservative_pattern,"Automatically extracted from course-code, year, cohort, teacher, or duplicate-instance text; review before import."
1355,139,"I4GCI-CMIE-S1-CMII41PSS-Plumbing System and Sanitary Equipment","I4GCI-CMIE-S1-CMII41PSS-Plumbing System and Sanitary Equipment",unchanged,"Plumbing System and Sanitary Equipment",review,low,review_family,valid_candidate,keep,"No obvious demo, test, placeholder, or restoration marker.",conservative_pattern,"Automatically extracted from course-code, year, cohort, teacher, or duplicate-instance text; review before import."
1354,139,"I4GCI-CMIE-S1-CMII41SAS-Structural Actions and Steel Design","I4GCI-CMIE-S1-CMII41SAS-Structural Actions and Steel Design",unchanged,"Structural Actions and Steel Design",review,low,review_family,valid_candidate,keep,"No obvious demo, test, placeholder, or restoration marker.",conservative_pattern,"Automatically extracted from course-code, year, cohort, teacher, or duplicate-instance text; review before import."
1352,139,"I4GCI-CMIE-S1-CMII41TEE-Transportation Engineering and Earthworks","I4GCI-CMIE-S1-CMII41TEE-Transportation Engineering and Earthworks",unchanged,"Transportation Engineering and Earthworks",review,low,review_family,valid_candidate,keep,"No obvious demo, test, placeholder, or restoration marker.",conservative_pattern,"Automatically extracted from course-code, year, cohort, teacher, or duplicate-instance text; review before import."
1358,139,"I4GCI-CMIE-S2-CMII42CPC-Civil Engineering Project and Cost Management","I4GCI-CMIE-S2-CMII42CPC-Civil Engineering Project and Cost Management",unchanged,"Civil Engineering Project and Cost Management",review,low,review_family,valid_candidate,keep,"No obvious demo, test, placeholder, or restoration marker.",conservative_pattern,"Automatically extracted from course-code, year, cohort, teacher, or duplicate-instance text; review before import."
1361,139,"I4GCI-CMIE-S2-CMII42FAC-Finance and Accounting for Civil Engineering Project","I4GCI-CMIE-S2-CMII42FAC-Finance and Accounting for Civil Engineering Project",unchanged,"Finance and Accounting for Civil Engineering Project",review,low,review_family,valid_candidate,keep,"No obvious demo, test, placeholder, or restoration marker.",conservative_pattern,"Automatically extracted from course-code, year, cohort, teacher, or duplicate-instance text; review before import."
1357,139,"I4GCI-CMIE-S2-CMII42GEF-Geotechnical Engineering for Foundations","I4GCI-CMIE-S2-CMII42GEF-Geotechnical Engineering for Foundations",unchanged,"Geotechnical Engineering for Foundations",review,low,review_family,valid_candidate,keep,"No obvious demo, test, placeholder, or restoration marker.",conservative_pattern,"Automatically extracted from course-code, year, cohort, teacher, or duplicate-instance text; review before import."
1359,139,"I4GCI-CMIE-S2-CMII42HAH-Hydraulics and Hydrology","I4GCI-CMIE-S2-CMII42HAH-Hydraulics and Hydrology",unchanged,"Hydraulics and Hydrology",review,low,review_family,valid_candidate,keep,"No obvious demo, test, placeholder, or restoration marker.",conservative_pattern,"Automatically extracted from course-code, year, cohort, teacher, or duplicate-instance text; review before import."
1360,139,"I4GCI-CMIE-S2-CMII42RCD-Reinforced Concrete Design","I4GCI-CMIE-S2-CMII42RCD-Reinforced Concrete Design",unchanged,"Reinforced Concrete Design",review,low,review_family,valid_candidate,keep,"No obvious demo, test, placeholder, or restoration marker.",conservative_pattern,"Automatically extracted from course-code, year, cohort, teacher, or duplicate-instance text; review before import."
686,65,"I4GCI-S1-GARI41ATAIII Architectural Design Workshop III","I4GCI-S1-GARI41ATAIII Architectural Design Workshop III",unchanged,"Architectural Design Workshop III",review,low,review_family,valid_candidate,keep,"No obvious demo, test, placeholder, or restoration marker.",conservative_pattern,"Automatically extracted from course-code, year, cohort, teacher, or duplicate-instance text; review before import."
710,65,"I4GCI-S1-GARI41COM Steel Structure","I4GCI-S1-GARI41COM Steel Structure",unchanged,"Steel Structure",review,low,review_family,valid_candidate,keep,"No obvious demo, test, placeholder, or restoration marker.",conservative_pattern,"Automatically extracted from course-code, year, cohort, teacher, or duplicate-instance text; review before import."
674,65,"I4GCI-S1-GARI41GIS Geographic Information System (GIS)","I4GCI-S1-GARI41GIS Geographic Information System (GIS)",unchanged,"Geographic Information System (GIS)",review,low,review_family,valid_candidate,keep,"No obvious demo, test, placeholder, or restoration marker.",conservative_pattern,"Automatically extracted from course-code, year, cohort, teacher, or duplicate-instance text; review before import."
699,65,"I4GCI-S1-GCII41ADS Structural Analysis I","I4GCI-S1-GCII41ADS Structural Analysis I",unchanged,"Structural Analysis I",review,low,review_family,valid_candidate,keep,"No obvious demo, test, placeholder, or restoration marker.",conservative_pattern,"Automatically extracted from course-code, year, cohort, teacher, or duplicate-instance text; review before import."
705,65,"I4GCI-S1-GCII41BEA Reinforced Concrete I","I4GCI-S1-GCII41BEA Reinforced Concrete I",unchanged,"Reinforced Concrete I",review,low,review_family,valid_candidate,keep,"No obvious demo, test, placeholder, or restoration marker.",conservative_pattern,"Automatically extracted from course-code, year, cohort, teacher, or duplicate-instance text; review before import."
709,65,"I4GCI-S1-GCII41COM Steel Design and Construction I","I4GCI-S1-GCII41COM Steel Design and Construction I",unchanged,"Steel Design and Construction I",review,low,review_family,valid_candidate,keep,"No obvious demo, test, placeholder, or restoration marker.",conservative_pattern,"Automatically extracted from course-code, year, cohort, teacher, or duplicate-instance text; review before import."
701,65,"I4GCI-S1-GCII41INS Plumbing System and Sanitary Equipment","I4GCI-S1-GCII41INS Plumbing System and Sanitary Equipment",unchanged,"Plumbing System and Sanitary Equipment",review,low,review_family,valid_candidate,keep,"No obvious demo, test, placeholder, or restoration marker.",conservative_pattern,"Automatically extracted from course-code, year, cohort, teacher, or duplicate-instance text; review before import."
700,65,"I4GCI-S1-GCII41LAN English","I4GCI-S1-GCII41LAN English",unchanged,English,review,low,review_family,valid_candidate,keep,"No obvious demo, test, placeholder, or restoration marker.",conservative_pattern,"Automatically extracted from course-code, year, cohort, teacher, or duplicate-instance text; review before import."
704,65,"I4GCI-S1-GCII41LFR French","I4GCI-S1-GCII41LFR French",unchanged,French,review,low,review_family,valid_candidate,keep,"No obvious demo, test, placeholder, or restoration marker.",conservative_pattern,"Automatically extracted from course-code, year, cohort, teacher, or duplicate-instance text; review before import."
706,65,"I4GCI-S1-GCII41MDS Soil Mechanics I","I4GCI-S1-GCII41MDS Soil Mechanics I",unchanged,"Soil Mechanics I",review,low,review_family,valid_candidate,keep,"No obvious demo, test, placeholder, or restoration marker.",conservative_pattern,"Automatically extracted from course-code, year, cohort, teacher, or duplicate-instance text; review before import."
707,65,"I4GCI-S1-GCII41ROU Road Design and Construction I","I4GCI-S1-GCII41ROU Road Design and Construction I",unchanged,"Road Design and Construction I",review,low,review_family,valid_candidate,keep,"No obvious demo, test, placeholder, or restoration marker.",conservative_pattern,"Automatically extracted from course-code, year, cohort, teacher, or duplicate-instance text; review before import."
698,65,"I4GCI-S1-GCII41SEC Safety in Construction Site","I4GCI-S1-GCII41SEC Safety in Construction Site",unchanged,"Safety in Construction Site",review,low,review_family,valid_candidate,keep,"No obvious demo, test, placeholder, or restoration marker.",conservative_pattern,"Automatically extracted from course-code, year, cohort, teacher, or duplicate-instance text; review before import."
696,65,"I4GCI-S1-GCII41TDC Construction Site Technology","I4GCI-S1-GCII41TDC Construction Site Technology",unchanged,"Construction Site Technology",review,low,review_family,valid_candidate,keep,"No obvious demo, test, placeholder, or restoration marker.",conservative_pattern,"Automatically extracted from course-code, year, cohort, teacher, or duplicate-instance text; review before import."
716,65,"I4GCI-S1-GCII41VRD External Works","I4GCI-S1-GCII41VRD External Works",unchanged,"External Works",review,low,review_family,valid_candidate,keep,"No obvious demo, test, placeholder, or restoration marker.",conservative_pattern,"Automatically extracted from course-code, year, cohort, teacher, or duplicate-instance text; review before import."
1219,65,"I4GCI-S1-GCII4SEC Site engin of construction","I4GCI-S1-GCII4SEC Site engin of construction",unchanged,"Site engin of construction",review,low,review_family,valid_candidate,keep,"No obvious demo, test, placeholder, or restoration marker.",conservative_pattern,"Automatically extracted from course-code, year, cohort, teacher, or duplicate-instance text; review before import."
697,65,"I4GCI-S1-GCITBKI41ADC Engine in Construction Site","I4GCI-S1-GCITBKI41ADC Engine in Construction Site",unchanged,"Engine in Construction Site",review,low,review_family,valid_candidate,keep,"No obvious demo, test, placeholder, or restoration marker.",conservative_pattern,"Automatically extracted from course-code, year, cohort, teacher, or duplicate-instance text; review before import."
690,65,"I4GCI-S2-GARI42ADP Landscape Architecture","I4GCI-S2-GARI42ADP Landscape Architecture",unchanged,"Landscape Architecture",review,low,review_family,valid_candidate,keep,"No obvious demo, test, placeholder, or restoration marker.",conservative_pattern,"Automatically extracted from course-code, year, cohort, teacher, or duplicate-instance text; review before import."
687,65,"I4GCI-S2-GARI42RUD Urban Regulation and Law","I4GCI-S2-GARI42RUD Urban Regulation and Law",unchanged,"Urban Regulation and Law",review,low,review_family,valid_candidate,keep,"No obvious demo, test, placeholder, or restoration marker.",conservative_pattern,"Automatically extracted from course-code, year, cohort, teacher, or duplicate-instance text; review before import."
713,65,"I4GCI-S2-GCII42ADS Structural Analysis II","I4GCI-S2-GCII42ADS Structural Analysis II",unchanged,"Structural Analysis II",review,low,review_family,valid_candidate,keep,"No obvious demo, test, placeholder, or restoration marker.",conservative_pattern,"Automatically extracted from course-code, year, cohort, teacher, or duplicate-instance text; review before import."
712,65,"I4GCI-S2-GCII42BEA Reinforced Concrete II","I4GCI-S2-GCII42BEA Reinforced Concrete II",unchanged,"Reinforced Concrete II",review,low,review_family,valid_candidate,keep,"No obvious demo, test, placeholder, or restoration marker.",conservative_pattern,"Automatically extracted from course-code, year, cohort, teacher, or duplicate-instance text; review before import."
695,65,"I4GCI-S2-GCII42BPR Prestressed Concrete I","I4GCI-S2-GCII42BPR Prestressed Concrete I",unchanged,"Prestressed Concrete I",review,low,review_family,valid_candidate,keep,"No obvious demo, test, placeholder, or restoration marker.",conservative_pattern,"Automatically extracted from course-code, year, cohort, teacher, or duplicate-instance text; review before import."
717,65,"I4GCI-S2-GCII42COB Structural Wood Design and Construction","I4GCI-S2-GCII42COB Structural Wood Design and Construction",unchanged,"Structural Wood Design and Construction",review,low,review_family,valid_candidate,keep,"No obvious demo, test, placeholder, or restoration marker.",conservative_pattern,"Automatically extracted from course-code, year, cohort, teacher, or duplicate-instance text; review before import."
711,65,"I4GCI-S2-GCII42COM Steel Design and Construction II","I4GCI-S2-GCII42COM Steel Design and Construction II",unchanged,"Steel Design and Construction II",review,low,review_family,valid_candidate,keep,"No obvious demo, test, placeholder, or restoration marker.",conservative_pattern,"Automatically extracted from course-code, year, cohort, teacher, or duplicate-instance text; review before import."
680,65,"I4GCI-S2-GCII42LAN English","I4GCI-S2-GCII42LAN English",unchanged,English,review,low,review_family,valid_candidate,keep,"No obvious demo, test, placeholder, or restoration marker.",conservative_pattern,"Automatically extracted from course-code, year, cohort, teacher, or duplicate-instance text; review before import."
673,65,"I4GCI-S2-GCII42LFR French","I4GCI-S2-GCII42LFR French",unchanged,French,review,low,review_family,valid_candidate,keep,"No obvious demo, test, placeholder, or restoration marker.",conservative_pattern,"Automatically extracted from course-code, year, cohort, teacher, or duplicate-instance text; review before import."
1277,65,"I4GCI-S2-GCII42ROU Road 2","I4GCI-S2-GCII42ROU Road 2",unchanged,"Road 2",review,low,review_family,valid_candidate,keep,"No obvious demo, test, placeholder, or restoration marker.",conservative_pattern,"Automatically extracted from course-code, year, cohort, teacher, or duplicate-instance text; review before import."
702,65,"I4GCI-S2-GCII42ROU Road Design and Construction II","I4GCI-S2-GCII42ROU Road Design and Construction II",unchanged,"Road Design and Construction II",review,low,review_family,valid_candidate,keep,"No obvious demo, test, placeholder, or restoration marker.",conservative_pattern,"Automatically extracted from course-code, year, cohort, teacher, or duplicate-instance text; review before import."
1242,65,"I4GCITBK-S1-GCITBKI41INS Plumbing System and Sanitary Equipment","I4GCITBK-S1-GCITBKI41INS Plumbing System and Sanitary Equipment",unchanged,"Plumbing System and Sanitary Equipment",review,low,review_family,valid_candidate,keep,"No obvious demo, test, placeholder, or restoration marker.",conservative_pattern,"Automatically extracted from course-code, year, cohort, teacher, or duplicate-instance text; review before import."
1243,65,"I4GCITBK-S1-GCITBKI4TDC Site technology","I4GCITBK-S1-GCITBKI4TDC Site technology",unchanged,"Site technology",review,low,review_family,valid_candidate,keep,"No obvious demo, test, placeholder, or restoration marker.",conservative_pattern,"Automatically extracted from course-code, year, cohort, teacher, or duplicate-instance text; review before import."
675,65,"I4GCITBK-S1S2-GCITBKI4BA Reinforced Concrete Design","I4GCITBK-S1S2-GCITBKI4BA Reinforced Concrete Design",unchanged,"Reinforced Concrete Design",review,low,review_family,valid_candidate,keep,"No obvious demo, test, placeholder, or restoration marker.",conservative_pattern,"Automatically extracted from course-code, year, cohort, teacher, or duplicate-instance text; review before import."
841,70,"I4GEE-EA-S1- Industrial Network Protocol","I4GEE-EA-S1- Industrial Network Protocol",unchanged,"Industrial Network Protocol",review,low,review_family,valid_candidate,keep,"No obvious demo, test, placeholder, or restoration marker.",conservative_pattern,"Automatically extracted from course-code, year, cohort, teacher, or duplicate-instance text; review before import."
811,70,"I4GEE-EA-S1- Modern Control Systems","I4GEE-EA-S1- Modern Control Systems",unchanged,"Modern Control Systems",review,low,review_family,valid_candidate,keep,"No obvious demo, test, placeholder, or restoration marker.",conservative_pattern,"Automatically extracted from course-code, year, cohort, teacher, or duplicate-instance text; review before import."
838,70,"I4GEE-EA-S1- Motor Drive (CM)","I4GEE-EA-S1- Motor Drive (CM)",unchanged,"Motor Drive (CM)",review,low,review_family,valid_candidate,keep,"No obvious demo, test, placeholder, or restoration marker.",conservative_pattern,"Automatically extracted from course-code, year, cohort, teacher, or duplicate-instance text; review before import."
812,70,"I4GEE-EA-S1- Power Electronics","I4GEE-EA-S1- Power Electronics",unchanged,"Power Electronics",review,low,review_family,valid_candidate,keep,"No obvious demo, test, placeholder, or restoration marker.",conservative_pattern,"Automatically extracted from course-code, year, cohort, teacher, or duplicate-instance text; review before import."
1274,70,"I4GEE-EA-S1-GEEI41RSM Research Methodology","I4GEE-EA-S1-GEEI41RSM Research Methodology",unchanged,"Research Methodology",review,low,review_family,valid_candidate,keep,"No obvious demo, test, placeholder, or restoration marker.",conservative_pattern,"Automatically extracted from course-code, year, cohort, teacher, or duplicate-instance text; review before import."
839,70,"I4GEE-EA-S2- Digital Circuit Design","I4GEE-EA-S2- Digital Circuit Design",unchanged,"Digital Circuit Design",review,low,review_family,valid_candidate,keep,"No obvious demo, test, placeholder, or restoration marker.",conservative_pattern,"Automatically extracted from course-code, year, cohort, teacher, or duplicate-instance text; review before import."
840,70,"I4GEE-EA-S2- Electronics Circuit Design and Manufacturing","I4GEE-EA-S2- Electronics Circuit Design and Manufacturing",unchanged,"Electronics Circuit Design and Manufacturing",review,low,review_family,valid_candidate,keep,"No obvious demo, test, placeholder, or restoration marker.",conservative_pattern,"Automatically extracted from course-code, year, cohort, teacher, or duplicate-instance text; review before import."
820,70,"I4GEE-EA-S2- Programmable Logic Controller","I4GEE-EA-S2- Programmable Logic Controller",unchanged,"Programmable Logic Controller",review,low,review_family,valid_candidate,keep,"No obvious demo, test, placeholder, or restoration marker.",conservative_pattern,"Automatically extracted from course-code, year, cohort, teacher, or duplicate-instance text; review before import."
822,70,"I4GEE-EA-S2- Sensor and Actuators ","I4GEE-EA-S2- Sensor and Actuators",approved,"Sensor and Actuators",review,low,review_family,valid_candidate,keep,"No obvious demo, test, placeholder, or restoration marker.",conservative_pattern,"Normalized outer, repeated, or non-breaking whitespace. Automatically extracted from course-code, year, cohort, teacher, or duplicate-instance text; review before import."
809,70,"I4GEE-EE-S1- Energy Conversion","I4GEE-EE-S1- Energy Conversion",unchanged,"Energy Conversion",review,low,review_family,valid_candidate,keep,"No obvious demo, test, placeholder, or restoration marker.",conservative_pattern,"Automatically extracted from course-code, year, cohort, teacher, or duplicate-instance text; review before import."
817,70,"I4GEE-EE-S1- Engineering Economics","I4GEE-EE-S1- Engineering Economics",unchanged,"Engineering Economics",review,low,review_family,valid_candidate,keep,"No obvious demo, test, placeholder, or restoration marker.",conservative_pattern,"Automatically extracted from course-code, year, cohort, teacher, or duplicate-instance text; review before import."
1275,70,"I4GEE-EE-S1- Power Electronics","I4GEE-EE-S1- Power Electronics",unchanged,"Power Electronics",review,low,review_family,valid_candidate,keep,"No obvious demo, test, placeholder, or restoration marker.",conservative_pattern,"Automatically extracted from course-code, year, cohort, teacher, or duplicate-instance text; review before import."
836,70,"I4GEE-EE-S1-GEEI41RSM Research Methodology ","I4GEE-EE-S1-GEEI41RSM Research Methodology",approved,"Research Methodology",review,low,review_family,valid_candidate,keep,"No obvious demo, test, placeholder, or restoration marker.",conservative_pattern,"Normalized outer, repeated, or non-breaking whitespace. Automatically extracted from course-code, year, cohort, teacher, or duplicate-instance text; review before import."
818,70,"I4GEE-EE-S2- Electrical System Design","I4GEE-EE-S2- Electrical System Design",unchanged,"Electrical System Design",review,low,review_family,valid_candidate,keep,"No obvious demo, test, placeholder, or restoration marker.",conservative_pattern,"Automatically extracted from course-code, year, cohort, teacher, or duplicate-instance text; review before import."
833,70,"I4GEE-EE-S2- Power Electronics for Energy Conversion","I4GEE-EE-S2- Power Electronics for Energy Conversion",unchanged,"Power Electronics for Energy Conversion",review,low,review_family,valid_candidate,keep,"No obvious demo, test, placeholder, or restoration marker.",conservative_pattern,"Automatically extracted from course-code, year, cohort, teacher, or duplicate-instance text; review before import."
821,70,"I4GEE-EE-S2- Power System Analysis and Optimization","I4GEE-EE-S2- Power System Analysis and Optimization",unchanged,"Power System Analysis and Optimization",review,low,review_family,valid_candidate,keep,"No obvious demo, test, placeholder, or restoration marker.",conservative_pattern,"Automatically extracted from course-code, year, cohort, teacher, or duplicate-instance text; review before import."
808,70,"I4GEE-EE-S2- Power system architecture and protection","I4GEE-EE-S2- Power system architecture and protection",unchanged,"Power system architecture and protection",review,low,review_family,valid_candidate,keep,"No obvious demo, test, placeholder, or restoration marker.",conservative_pattern,"Automatically extracted from course-code, year, cohort, teacher, or duplicate-instance text; review before import."
1494,155,"I4GEE-ESAS-S1-CMII41ASA-Advanced Structural Analysis","I4GEE-ESAS-S1-CMII41ASA-Advanced Structural Analysis",unchanged,"Advanced Structural Analysis",review,low,review_family,valid_candidate,keep,"No obvious demo, test, placeholder, or restoration marker.",conservative_pattern,"Automatically extracted from course-code, year, cohort, teacher, or duplicate-instance text; review before import."
1499,155,"I4GEE-ESAS-S1-CMII41FEM-Finite Element Method","I4GEE-ESAS-S1-CMII41FEM-Finite Element Method",unchanged,"Finite Element Method",review,low,review_family,valid_candidate,keep,"No obvious demo, test, placeholder, or restoration marker.",conservative_pattern,"Automatically extracted from course-code, year, cohort, teacher, or duplicate-instance text; review before import."
1496,155,"I4GEE-ESAS-S1-CMII41GEA-Geotechnical Engineering Analysis","I4GEE-ESAS-S1-CMII41GEA-Geotechnical Engineering Analysis",unchanged,"Geotechnical Engineering Analysis",review,low,review_family,valid_candidate,keep,"No obvious demo, test, placeholder, or restoration marker.",conservative_pattern,"Automatically extracted from course-code, year, cohort, teacher, or duplicate-instance text; review before import."
1498,155,"I4GEE-ESAS-S1-CMII41PSS-Plumbing System and Sanitary Equipment","I4GEE-ESAS-S1-CMII41PSS-Plumbing System and Sanitary Equipment",unchanged,"Plumbing System and Sanitary Equipment",review,low,review_family,valid_candidate,keep,"No obvious demo, test, placeholder, or restoration marker.",conservative_pattern,"Automatically extracted from course-code, year, cohort, teacher, or duplicate-instance text; review before import."
1497,155,"I4GEE-ESAS-S1-CMII41SAS-Structural Actions and Steel Design","I4GEE-ESAS-S1-CMII41SAS-Structural Actions and Steel Design",unchanged,"Structural Actions and Steel Design",review,low,review_family,valid_candidate,keep,"No obvious demo, test, placeholder, or restoration marker.",conservative_pattern,"Automatically extracted from course-code, year, cohort, teacher, or duplicate-instance text; review before import."
1495,155,"I4GEE-ESAS-S1-CMII41TEE-Transportation Engineering and Earthworks","I4GEE-ESAS-S1-CMII41TEE-Transportation Engineering and Earthworks",unchanged,"Transportation Engineering and Earthworks",review,low,review_family,valid_candidate,keep,"No obvious demo, test, placeholder, or restoration marker.",conservative_pattern,"Automatically extracted from course-code, year, cohort, teacher, or duplicate-instance text; review before import."
1501,155,"I4GEE-ESAS-S2-CMII42CPC-Civil Engineering Project and Cost Management","I4GEE-ESAS-S2-CMII42CPC-Civil Engineering Project and Cost Management",unchanged,"Civil Engineering Project and Cost Management",review,low,review_family,valid_candidate,keep,"No obvious demo, test, placeholder, or restoration marker.",conservative_pattern,"Automatically extracted from course-code, year, cohort, teacher, or duplicate-instance text; review before import."
1504,155,"I4GEE-ESAS-S2-CMII42FAC-Finance and Accounting for Civil Engineering Project","I4GEE-ESAS-S2-CMII42FAC-Finance and Accounting for Civil Engineering Project",unchanged,"Finance and Accounting for Civil Engineering Project",review,low,review_family,valid_candidate,keep,"No obvious demo, test, placeholder, or restoration marker.",conservative_pattern,"Automatically extracted from course-code, year, cohort, teacher, or duplicate-instance text; review before import."
1500,155,"I4GEE-ESAS-S2-CMII42GEF-Geotechnical Engineering for Foundations","I4GEE-ESAS-S2-CMII42GEF-Geotechnical Engineering for Foundations",unchanged,"Geotechnical Engineering for Foundations",review,low,review_family,valid_candidate,keep,"No obvious demo, test, placeholder, or restoration marker.",conservative_pattern,"Automatically extracted from course-code, year, cohort, teacher, or duplicate-instance text; review before import."
1502,155,"I4GEE-ESAS-S2-CMII42HAH-Hydraulics and Hydrology","I4GEE-ESAS-S2-CMII42HAH-Hydraulics and Hydrology",unchanged,"Hydraulics and Hydrology",review,low,review_family,valid_candidate,keep,"No obvious demo, test, placeholder, or restoration marker.",conservative_pattern,"Automatically extracted from course-code, year, cohort, teacher, or duplicate-instance text; review before import."
1503,155,"I4GEE-ESAS-S2-CMII42RCD-Reinforced Concrete Design","I4GEE-ESAS-S2-CMII42RCD-Reinforced Concrete Design",unchanged,"Reinforced Concrete Design",review,low,review_family,valid_candidate,keep,"No obvious demo, test, placeholder, or restoration marker.",conservative_pattern,"Automatically extracted from course-code, year, cohort, teacher, or duplicate-instance text; review before import."
802,70,"I4GEE-S1- English I","I4GEE-S1- English I",unchanged,"English I",review,low,review_family,valid_candidate,keep,"No obvious demo, test, placeholder, or restoration marker.",conservative_pattern,"Automatically extracted from course-code, year, cohort, teacher, or duplicate-instance text; review before import."
801,70,"I4GEE-S1- French I","I4GEE-S1- French I",unchanged,"French I",review,low,review_family,valid_candidate,keep,"No obvious demo, test, placeholder, or restoration marker.",conservative_pattern,"Automatically extracted from course-code, year, cohort, teacher, or duplicate-instance text; review before import."
805,70,"I4GEE-S2- English II","I4GEE-S2- English II",unchanged,"English II",review,low,review_family,valid_candidate,keep,"No obvious demo, test, placeholder, or restoration marker.",conservative_pattern,"Automatically extracted from course-code, year, cohort, teacher, or duplicate-instance text; review before import."
803,70,"I4GEE-S2- French II","I4GEE-S2- French II",unchanged,"French II",review,low,review_family,valid_candidate,keep,"No obvious demo, test, placeholder, or restoration marker.",conservative_pattern,"Automatically extracted from course-code, year, cohort, teacher, or duplicate-instance text; review before import."
837,70,"I4GEE-S2- Student Project Part I","I4GEE-S2- Student Project Part I",unchanged,"Student Project Part I",review,low,review_family,valid_candidate,keep,"No obvious demo, test, placeholder, or restoration marker.",conservative_pattern,"Automatically extracted from course-code, year, cohort, teacher, or duplicate-instance text; review before import."
324,49,"I4GGG-S1-GGGI41BGM Basic geological mapping","I4GGG-S1-GGGI41BGM Basic geological mapping",unchanged,"Basic geological mapping",review,low,review_family,valid_candidate,keep,"No obvious demo, test, placeholder, or restoration marker.",conservative_pattern,"Automatically extracted from course-code, year, cohort, teacher, or duplicate-instance text; review before import."
328,49,"I4GGG-S1-GGGI41FME Fluid mechanics","I4GGG-S1-GGGI41FME Fluid mechanics",unchanged,"Fluid mechanics",review,low,review_family,valid_candidate,keep,"No obvious demo, test, placeholder, or restoration marker.",conservative_pattern,"Automatically extracted from course-code, year, cohort, teacher, or duplicate-instance text; review before import."
318,49,"I4GGG-S1-GGGI41GEP Geophysics","I4GGG-S1-GGGI41GEP Geophysics",unchanged,Geophysics,review,low,review_family,valid_candidate,keep,"No obvious demo, test, placeholder, or restoration marker.",conservative_pattern,"Automatically extracted from course-code, year, cohort, teacher, or duplicate-instance text; review before import."
325,49,"I4GGG-S1-GGGI41HDG Hydrogeology","I4GGG-S1-GGGI41HDG Hydrogeology",unchanged,Hydrogeology,review,low,review_family,valid_candidate,keep,"No obvious demo, test, placeholder, or restoration marker.",conservative_pattern,"Automatically extracted from course-code, year, cohort, teacher, or duplicate-instance text; review before import."
321,49,"I4GGG-S1-GGGI41LAN English I","I4GGG-S1-GGGI41LAN English I",unchanged,"English I",review,low,review_family,valid_candidate,keep,"No obvious demo, test, placeholder, or restoration marker.",conservative_pattern,"Automatically extracted from course-code, year, cohort, teacher, or duplicate-instance text; review before import."
320,49,"I4GGG-S1-GGGI41LFR French I","I4GGG-S1-GGGI41LFR French I",unchanged,"French I",review,low,review_family,valid_candidate,keep,"No obvious demo, test, placeholder, or restoration marker.",conservative_pattern,"Automatically extracted from course-code, year, cohort, teacher, or duplicate-instance text; review before import."
319,49,"I4GGG-S1-GGGI41MIE Mineral exploration","I4GGG-S1-GGGI41MIE Mineral exploration",unchanged,"Mineral exploration",review,low,review_family,valid_candidate,keep,"No obvious demo, test, placeholder, or restoration marker.",conservative_pattern,"Automatically extracted from course-code, year, cohort, teacher, or duplicate-instance text; review before import."
326,49,"I4GGG-S1-GGGI41PGE Petroleum geology","I4GGG-S1-GGGI41PGE Petroleum geology",unchanged,"Petroleum geology",review,low,review_family,valid_candidate,keep,"No obvious demo, test, placeholder, or restoration marker.",conservative_pattern,"Automatically extracted from course-code, year, cohort, teacher, or duplicate-instance text; review before import."
327,49,"I4GGG-S1-GGGI41RBT Rock blasting techniques","I4GGG-S1-GGGI41RBT Rock blasting techniques",unchanged,"Rock blasting techniques",review,low,review_family,valid_candidate,keep,"No obvious demo, test, placeholder, or restoration marker.",conservative_pattern,"Automatically extracted from course-code, year, cohort, teacher, or duplicate-instance text; review before import."
336,49,"I4GGG-S1-GGGI42RME Rock mechanics","I4GGG-S1-GGGI42RME Rock mechanics",unchanged,"Rock mechanics",review,low,review_family,valid_candidate,keep,"No obvious demo, test, placeholder, or restoration marker.",conservative_pattern,"Automatically extracted from course-code, year, cohort, teacher, or duplicate-instance text; review before import."
331,49,"I4GGG-S2-GGGI42CPT Cement production technology","I4GGG-S2-GGGI42CPT Cement production technology",unchanged,"Cement production technology",review,low,review_family,valid_candidate,keep,"No obvious demo, test, placeholder, or restoration marker.",conservative_pattern,"Automatically extracted from course-code, year, cohort, teacher, or duplicate-instance text; review before import."
317,49,"I4GGG-S2-GGGI42DEX Deep Excavation","I4GGG-S2-GGGI42DEX Deep Excavation",unchanged,"Deep Excavation",review,low,review_family,valid_candidate,keep,"No obvious demo, test, placeholder, or restoration marker.",conservative_pattern,"Automatically extracted from course-code, year, cohort, teacher, or duplicate-instance text; review before import."
333,49,"I4GGG-S2-GGGI42DRT Drilling techniques","I4GGG-S2-GGGI42DRT Drilling techniques",unchanged,"Drilling techniques",review,low,review_family,valid_candidate,keep,"No obvious demo, test, placeholder, or restoration marker.",conservative_pattern,"Automatically extracted from course-code, year, cohort, teacher, or duplicate-instance text; review before import."
335,49,"I4GGG-S2-GGGI42FE1 Foundation engineering I","I4GGG-S2-GGGI42FE1 Foundation engineering I",unchanged,"Foundation engineering I",review,low,review_family,valid_candidate,keep,"No obvious demo, test, placeholder, or restoration marker.",conservative_pattern,"Automatically extracted from course-code, year, cohort, teacher, or duplicate-instance text; review before import."
323,49,"I4GGG-S2-GGGI42LAN English II","I4GGG-S2-GGGI42LAN English II",unchanged,"English II",review,low,review_family,valid_candidate,keep,"No obvious demo, test, placeholder, or restoration marker.",conservative_pattern,"Automatically extracted from course-code, year, cohort, teacher, or duplicate-instance text; review before import."
322,49,"I4GGG-S2-GGGI42LFR French II","I4GGG-S2-GGGI42LFR French II",unchanged,"French II",review,low,review_family,valid_candidate,keep,"No obvious demo, test, placeholder, or restoration marker.",conservative_pattern,"Automatically extracted from course-code, year, cohort, teacher, or duplicate-instance text; review before import."
332,49,"I4GGG-S2-GGGI42PCH Petroleum chemistry","I4GGG-S2-GGGI42PCH Petroleum chemistry",unchanged,"Petroleum chemistry",review,low,review_family,valid_candidate,keep,"No obvious demo, test, placeholder, or restoration marker.",conservative_pattern,"Automatically extracted from course-code, year, cohort, teacher, or duplicate-instance text; review before import."
330,49,"I4GGG-S2-GGGI42SUM Surface and Underground mining","I4GGG-S2-GGGI42SUM Surface and Underground mining",unchanged,"Surface and Underground mining",review,low,review_family,valid_candidate,keep,"No obvious demo, test, placeholder, or restoration marker.",conservative_pattern,"Automatically extracted from course-code, year, cohort, teacher, or duplicate-instance text; review before import."
329,49,"I4GGG-S2-GGGI42WLR Well logging and Reservoir evaluation","I4GGG-S2-GGGI42WLR Well logging and Reservoir evaluation",unchanged,"Well logging and Reservoir evaluation",review,low,review_family,valid_candidate,keep,"No obvious demo, test, placeholder, or restoration marker.",conservative_pattern,"Automatically extracted from course-code, year, cohort, teacher, or duplicate-instance text; review before import."
200,6,"I4GIC Compilation","I4GIC Compilation",unchanged,,none,,unchanged,valid_candidate,keep,"No obvious demo, test, placeholder, or restoration marker.",none,
194,46,"I4GIC Human computer interaction","I4GIC Human computer interaction",unchanged,,none,,unchanged,valid_candidate,keep,"No obvious demo, test, placeholder, or restoration marker.",none,
195,46,"I4GIC Software engineering II","I4GIC Software engineering II",unchanged,,none,,unchanged,valid_candidate,keep,"No obvious demo, test, placeholder, or restoration marker.",none,
1389,143,"I4GIC-AI-S1-AICS411-Ethical Hacking and Penetration Testing","I4GIC-AI-S1-AICS411-Ethical Hacking and Penetration Testing",unchanged,"Ethical Hacking and Penetration Testing",review,low,review_family,valid_candidate,keep,"No obvious demo, test, placeholder, or restoration marker.",conservative_pattern,"Automatically extracted from course-code, year, cohort, teacher, or duplicate-instance text; review before import."
1390,143,"I4GIC-AI-S1-AICS412-Deep Learning","I4GIC-AI-S1-AICS412-Deep Learning",unchanged,"Deep Learning",review,low,review_family,valid_candidate,keep,"No obvious demo, test, placeholder, or restoration marker.",conservative_pattern,"Automatically extracted from course-code, year, cohort, teacher, or duplicate-instance text; review before import."
1391,143,"I4GIC-AI-S1-AICS413-Signal Processing","I4GIC-AI-S1-AICS413-Signal Processing",unchanged,"Signal Processing",review,low,review_family,valid_candidate,keep,"No obvious demo, test, placeholder, or restoration marker.",conservative_pattern,"Automatically extracted from course-code, year, cohort, teacher, or duplicate-instance text; review before import."
1392,143,"I4GIC-AI-S1-AICS414-System and Network Security","I4GIC-AI-S1-AICS414-System and Network Security",unchanged,"System and Network Security",review,low,review_family,valid_candidate,keep,"No obvious demo, test, placeholder, or restoration marker.",conservative_pattern,"Automatically extracted from course-code, year, cohort, teacher, or duplicate-instance text; review before import."
1393,143,"I4GIC-AI-S1-AICS415-Software and Web Security","I4GIC-AI-S1-AICS415-Software and Web Security",unchanged,"Software and Web Security",review,low,review_family,valid_candidate,keep,"No obvious demo, test, placeholder, or restoration marker.",conservative_pattern,"Automatically extracted from course-code, year, cohort, teacher, or duplicate-instance text; review before import."
1394,143,"I4GIC-AI-S2-AICS421-Computer Vision","I4GIC-AI-S2-AICS421-Computer Vision",unchanged,"Computer Vision",review,low,review_family,valid_candidate,keep,"No obvious demo, test, placeholder, or restoration marker.",conservative_pattern,"Automatically extracted from course-code, year, cohort, teacher, or duplicate-instance text; review before import."
1395,143,"I4GIC-AI-S2-AICS422-Introduction to Robotics","I4GIC-AI-S2-AICS422-Introduction to Robotics",unchanged,"Introduction to Robotics",review,low,review_family,valid_candidate,keep,"No obvious demo, test, placeholder, or restoration marker.",conservative_pattern,"Automatically extracted from course-code, year, cohort, teacher, or duplicate-instance text; review before import."
1396,143,"I4GIC-AI-S2-AICS423-Natural Language Processing","I4GIC-AI-S2-AICS423-Natural Language Processing",unchanged,"Natural Language Processing",review,low,review_family,valid_candidate,keep,"No obvious demo, test, placeholder, or restoration marker.",conservative_pattern,"Automatically extracted from course-code, year, cohort, teacher, or duplicate-instance text; review before import."
1397,143,"I4GIC-AI-S2-AICS424-Capstone Project AI","I4GIC-AI-S2-AICS424-Capstone Project AI",unchanged,"Capstone Project AI",review,low,review_family,valid_candidate,keep,"No obvious demo, test, placeholder, or restoration marker.",conservative_pattern,"Automatically extracted from course-code, year, cohort, teacher, or duplicate-instance text; review before import."
278,46,"I4GIC-S1-GICI41BDA Advanced Database and Database Management Systems","I4GIC-S1-GICI41BDA Advanced Database and Database Management Systems",unchanged,"Advanced Database and Database Management Systems",review,low,review_family,valid_candidate,keep,"No obvious demo, test, placeholder, or restoration marker.",conservative_pattern,"Automatically extracted from course-code, year, cohort, teacher, or duplicate-instance text; review before import."
10,46,"I4GIC-S1-GICI41GEL Software Engineering-e","I4GIC-S1-GICI41GEL Software Engineering-e",unchanged,"Software Engineering-e",review,low,review_family,valid_candidate,keep,"No obvious demo, test, placeholder, or restoration marker.",conservative_pattern,"Automatically extracted from course-code, year, cohort, teacher, or duplicate-instance text; review before import."
49,46,"I4GIC-S1-GICI41IHM Human Computer Interaction","I4GIC-S1-GICI41IHM Human Computer Interaction",unchanged,"Human Computer Interaction",review,low,review_family,valid_candidate,keep,"No obvious demo, test, placeholder, or restoration marker.",conservative_pattern,"Automatically extracted from course-code, year, cohort, teacher, or duplicate-instance text; review before import."
276,46,"I4GIC-S1-GICI41PGI Internet Programming I-ccun","I4GIC-S1-GICI41PGI Internet Programming I-ccun",unchanged,"Internet Programming I",review,low,review_family,valid_candidate,keep,"No obvious demo, test, placeholder, or restoration marker.",conservative_pattern,"Automatically extracted from course-code, year, cohort, teacher, or duplicate-instance text; review before import."
274,46,"I4GIC-S1-GICI41RES Networks I","I4GIC-S1-GICI41RES Networks I",unchanged,"Networks I",review,low,review_family,valid_candidate,keep,"No obvious demo, test, placeholder, or restoration marker.",conservative_pattern,"Automatically extracted from course-code, year, cohort, teacher, or duplicate-instance text; review before import."
198,46,"I4GIC-S1-GICI41SSD Distributed Systems","I4GIC-S1-GICI41SSD Distributed Systems",unchanged,"Distributed Systems",review,low,review_family,valid_candidate,keep,"No obvious demo, test, placeholder, or restoration marker.",conservative_pattern,"Automatically extracted from course-code, year, cohort, teacher, or duplicate-instance text; review before import."
199,46,"I4GIC-S1-GICI41SSE Operating Systems I","I4GIC-S1-GICI41SSE Operating Systems I",unchanged,"Operating Systems I",review,low,review_family,valid_candidate,keep,"No obvious demo, test, placeholder, or restoration marker.",conservative_pattern,"Automatically extracted from course-code, year, cohort, teacher, or duplicate-instance text; review before import."
272,46,"I4GIC-S1-GICI41TLC Telecommunication","I4GIC-S1-GICI41TLC Telecommunication",unchanged,Telecommunication,review,low,review_family,valid_candidate,keep,"No obvious demo, test, placeholder, or restoration marker.",conservative_pattern,"Automatically extracted from course-code, year, cohort, teacher, or duplicate-instance text; review before import."
283,46,"I4GIC-S1-GICI42ACA Advanced Computer Architecture-e","I4GIC-S1-GICI42ACA Advanced Computer Architecture-e",unchanged,"Advanced Computer Architecture-e",review,low,review_family,valid_candidate,keep,"No obvious demo, test, placeholder, or restoration marker.",conservative_pattern,"Automatically extracted from course-code, year, cohort, teacher, or duplicate-instance text; review before import."
275,46,"I4GIC-S1-XXXIXXLAN English I","I4GIC-S1-XXXIXXLAN English I",unchanged,"XXXIXXLAN English I",review,low,review_family,valid_candidate,keep,"No obvious demo, test, placeholder, or restoration marker.",conservative_pattern,"Automatically extracted from course-code, year, cohort, teacher, or duplicate-instance text; review before import."
273,46,"I4GIC-S1-XXXIXXLFR French I","I4GIC-S1-XXXIXXLFR French I",unchanged,"XXXIXXLFR French I",review,low,review_family,valid_candidate,keep,"No obvious demo, test, placeholder, or restoration marker.",conservative_pattern,"Automatically extracted from course-code, year, cohort, teacher, or duplicate-instance text; review before import."
1554,46,"I4GIC-S2-GICI41IHM Human Computer Interaction -Lect Dararith-e","I4GIC-S2-GICI41IHM Human Computer Interaction -Lect Dararith-e",unchanged,"Human Computer Interaction -Lect Dararith-e",review,low,review_family,valid_candidate,keep,"No obvious demo, test, placeholder, or restoration marker.",conservative_pattern,"Automatically extracted from course-code, year, cohort, teacher, or duplicate-instance text; review before import."
196,46,"I4GIC-S2-GICI42ARS Systems and Networks Administration","I4GIC-S2-GICI42ARS Systems and Networks Administration",unchanged,"Systems and Networks Administration",review,low,review_family,valid_candidate,keep,"No obvious demo, test, placeholder, or restoration marker.",conservative_pattern,"Automatically extracted from course-code, year, cohort, teacher, or duplicate-instance text; review before import."
282,46,"I4GIC-S2-GICI42BDA Advanced Database and Database Management Systems","I4GIC-S2-GICI42BDA Advanced Database and Database Management Systems",unchanged,"Advanced Database and Database Management Systems",review,low,review_family,valid_candidate,keep,"No obvious demo, test, placeholder, or restoration marker.",conservative_pattern,"Automatically extracted from course-code, year, cohort, teacher, or duplicate-instance text; review before import."
40,46,"I4GIC-S2-GICI42CPL Compilation-e","I4GIC-S2-GICI42CPL Compilation-e",unchanged,Compilation-e,review,low,review_family,valid_candidate,keep,"No obvious demo, test, placeholder, or restoration marker.",conservative_pattern,"Automatically extracted from course-code, year, cohort, teacher, or duplicate-instance text; review before import."
285,46,"I4GIC-S2-GICI42DEV Networks Design","I4GIC-S2-GICI42DEV Networks Design",unchanged,"Networks Design",review,low,review_family,valid_candidate,keep,"No obvious demo, test, placeholder, or restoration marker.",conservative_pattern,"Automatically extracted from course-code, year, cohort, teacher, or duplicate-instance text; review before import."
284,46,"I4GIC-S2-GICI42DEV Software Development and IT Operations (DevOps)","I4GIC-S2-GICI42DEV Software Development and IT Operations (DevOps)",unchanged,"Software Development and IT Operations (DevOps)",review,low,review_family,valid_candidate,keep,"No obvious demo, test, placeholder, or restoration marker.",conservative_pattern,"Automatically extracted from course-code, year, cohort, teacher, or duplicate-instance text; review before import."
286,46,"I4GIC-S2-GICI42IMA Introduction to Mobile Application Development","I4GIC-S2-GICI42IMA Introduction to Mobile Application Development",unchanged,"Introduction to Mobile Application Development",review,low,review_family,valid_candidate,keep,"No obvious demo, test, placeholder, or restoration marker.",conservative_pattern,"Automatically extracted from course-code, year, cohort, teacher, or duplicate-instance text; review before import."
197,46,"I4GIC-S2-GICI42PGI Internet Programming II","I4GIC-S2-GICI42PGI Internet Programming II",unchanged,"Internet Programming II",review,low,review_family,valid_candidate,keep,"No obvious demo, test, placeholder, or restoration marker.",conservative_pattern,"Automatically extracted from course-code, year, cohort, teacher, or duplicate-instance text; review before import."
193,46,"I4GIC-S2-GICI42RES Networks II","I4GIC-S2-GICI42RES Networks II",unchanged,"Networks II",review,low,review_family,valid_candidate,keep,"No obvious demo, test, placeholder, or restoration marker.",conservative_pattern,"Automatically extracted from course-code, year, cohort, teacher, or duplicate-instance text; review before import."
279,46,"I4GIC-S2-GICI42SSE Operating Systems II","I4GIC-S2-GICI42SSE Operating Systems II",unchanged,"Operating Systems II",review,low,review_family,valid_candidate,keep,"No obvious demo, test, placeholder, or restoration marker.",conservative_pattern,"Automatically extracted from course-code, year, cohort, teacher, or duplicate-instance text; review before import."
281,46,"I4GIC-S2-XXXIXXLAN English II","I4GIC-S2-XXXIXXLAN English II",unchanged,"XXXIXXLAN English II",review,low,review_family,valid_candidate,keep,"No obvious demo, test, placeholder, or restoration marker.",conservative_pattern,"Automatically extracted from course-code, year, cohort, teacher, or duplicate-instance text; review before import."
280,46,"I4GIC-S2-XXXIXXLFR French II","I4GIC-S2-XXXIXXLFR French II",unchanged,"XXXIXXLFR French II",review,low,review_family,valid_candidate,keep,"No obvious demo, test, placeholder, or restoration marker.",conservative_pattern,"Automatically extracted from course-code, year, cohort, teacher, or duplicate-instance text; review before import."
1429,147,"I4GIC-SE-S1-CCPO028-Capstone Computing Project 1 ","I4GIC-SE-S1-CCPO028-Capstone Computing Project 1",approved,"Capstone Computing Project 1",review,low,review_family,valid_candidate,keep,"No obvious demo, test, placeholder, or restoration marker.",conservative_pattern,"Normalized outer, repeated, or non-breaking whitespace. Automatically extracted from course-code, year, cohort, teacher, or duplicate-instance text; review before import."
1426,147,"I4GIC-SE-S1-DISY025-Distributed Systems ","I4GIC-SE-S1-DISY025-Distributed Systems",approved,"Distributed Systems",review,low,review_family,valid_candidate,keep,"No obvious demo, test, placeholder, or restoration marker.",conservative_pattern,"Normalized outer, repeated, or non-breaking whitespace. Automatically extracted from course-code, year, cohort, teacher, or duplicate-instance text; review before import."
1427,147,I4GIC-SE-S1-ENTR026-Entrepreneurship ,I4GIC-SE-S1-ENTR026-Entrepreneurship,approved,Entrepreneurship,review,low,review_family,valid_candidate,keep,"No obvious demo, test, placeholder, or restoration marker.",conservative_pattern,"Normalized outer, repeated, or non-breaking whitespace. Automatically extracted from course-code, year, cohort, teacher, or duplicate-instance text; review before import."
1428,147,"I4GIC-SE-S1-ITPM027-IT Project Management ","I4GIC-SE-S1-ITPM027-IT Project Management",approved,"IT Project Management",review,low,review_family,valid_candidate,keep,"No obvious demo, test, placeholder, or restoration marker.",conservative_pattern,"Normalized outer, repeated, or non-breaking whitespace. Automatically extracted from course-code, year, cohort, teacher, or duplicate-instance text; review before import."
1425,147,"I4GIC-SE-S1-SECO024-Software Engineering Concepts ","I4GIC-SE-S1-SECO024-Software Engineering Concepts",approved,"Software Engineering Concepts",review,low,review_family,valid_candidate,keep,"No obvious demo, test, placeholder, or restoration marker.",conservative_pattern,"Normalized outer, repeated, or non-breaking whitespace. Automatically extracted from course-code, year, cohort, teacher, or duplicate-instance text; review before import."
1433,147,"I4GIC-SE-S2-BUIT038-Business Information Technology ","I4GIC-SE-S2-BUIT038-Business Information Technology",approved,"Business Information Technology",review,low,review_family,valid_candidate,keep,"No obvious demo, test, placeholder, or restoration marker.",conservative_pattern,"Normalized outer, repeated, or non-breaking whitespace. Automatically extracted from course-code, year, cohort, teacher, or duplicate-instance text; review before import."
1430,147,"I4GIC-SE-S2-MADO018-Mobile Application Development ","I4GIC-SE-S2-MADO018-Mobile Application Development",approved,"Mobile Application Development",review,low,review_family,valid_candidate,keep,"No obvious demo, test, placeholder, or restoration marker.",conservative_pattern,"Normalized outer, repeated, or non-breaking whitespace. Automatically extracted from course-code, year, cohort, teacher, or duplicate-instance text; review before import."
1432,147,"I4GIC-SE-S2-MALE031-Machine Learning ","I4GIC-SE-S2-MALE031-Machine Learning",approved,"Machine Learning",review,low,review_family,valid_candidate,keep,"No obvious demo, test, placeholder, or restoration marker.",conservative_pattern,"Normalized outer, repeated, or non-breaking whitespace. Automatically extracted from course-code, year, cohort, teacher, or duplicate-instance text; review before import."
1434,147,"I4GIC-SE-S2-REME033-Research Methodology ","I4GIC-SE-S2-REME033-Research Methodology",approved,"Research Methodology",review,low,review_family,valid_candidate,keep,"No obvious demo, test, placeholder, or restoration marker.",conservative_pattern,"Normalized outer, repeated, or non-breaking whitespace. Automatically extracted from course-code, year, cohort, teacher, or duplicate-instance text; review before import."
1431,147,"I4GIC-SE-S2-SSAR030-Software System Architecture ","I4GIC-SE-S2-SSAR030-Software System Architecture",approved,"Software System Architecture",review,low,review_family,valid_candidate,keep,"No obvious demo, test, placeholder, or restoration marker.",conservative_pattern,"Normalized outer, repeated, or non-breaking whitespace. Automatically extracted from course-code, year, cohort, teacher, or duplicate-instance text; review before import."
1271,62,"I4GIM-S1-INDI41ELN Electronics","I4GIM-S1-INDI41ELN Electronics",unchanged,Electronics,review,low,review_family,valid_candidate,keep,"No obvious demo, test, placeholder, or restoration marker.",conservative_pattern,"Automatically extracted from course-code, year, cohort, teacher, or duplicate-instance text; review before import."
568,62,"I4GIM-S1-INDI41ELP Power electronics","I4GIM-S1-INDI41ELP Power electronics",unchanged,"Power electronics",review,low,review_family,valid_candidate,keep,"No obvious demo, test, placeholder, or restoration marker.",conservative_pattern,"Automatically extracted from course-code, year, cohort, teacher, or duplicate-instance text; review before import."
556,62,"I4GIM-S1-INDI41FAO Computer-Aided Manufacturing (CAM)","I4GIM-S1-INDI41FAO Computer-Aided Manufacturing (CAM)",unchanged,"Computer-Aided Manufacturing (CAM)",review,low,review_family,valid_candidate,keep,"No obvious demo, test, placeholder, or restoration marker.",conservative_pattern,"Automatically extracted from course-code, year, cohort, teacher, or duplicate-instance text; review before import."
546,62,"I4GIM-S1-INDI41HDI Industrial Hydraulics","I4GIM-S1-INDI41HDI Industrial Hydraulics",unchanged,"Industrial Hydraulics",review,low,review_family,valid_candidate,keep,"No obvious demo, test, placeholder, or restoration marker.",conservative_pattern,"Automatically extracted from course-code, year, cohort, teacher, or duplicate-instance text; review before import."
576,62,"I4GIM-S1-INDI41LDA English I","I4GIM-S1-INDI41LDA English I",unchanged,"English I",review,low,review_family,valid_candidate,keep,"No obvious demo, test, placeholder, or restoration marker.",conservative_pattern,"Automatically extracted from course-code, year, cohort, teacher, or duplicate-instance text; review before import."
578,62,"I4GIM-S1-INDI41LDF French I","I4GIM-S1-INDI41LDF French I",unchanged,"French I",review,low,review_family,valid_candidate,keep,"No obvious demo, test, placeholder, or restoration marker.",conservative_pattern,"Automatically extracted from course-code, year, cohort, teacher, or duplicate-instance text; review before import."
1699,62,"I4GIM-S1-INDI41ML Machine Learning","I4GIM-S1-INDI41ML Machine Learning",unchanged,"Machine Learning",review,low,review_family,valid_candidate,keep,"No obvious demo, test, placeholder, or restoration marker.",conservative_pattern,"Automatically extracted from course-code, year, cohort, teacher, or duplicate-instance text; review before import."
564,62,"I4GIM-S1-INDI41ROP Operations Research","I4GIM-S1-INDI41ROP Operations Research",unchanged,"Operations Research",review,low,review_family,valid_candidate,keep,"No obvious demo, test, placeholder, or restoration marker.",conservative_pattern,"Automatically extracted from course-code, year, cohort, teacher, or duplicate-instance text; review before import."
580,62,"I4GIM-S1-INDI41RST Internship Report","I4GIM-S1-INDI41RST Internship Report",unchanged,"Internship Report",review,low,review_family,valid_candidate,keep,"No obvious demo, test, placeholder, or restoration marker.",conservative_pattern,"Automatically extracted from course-code, year, cohort, teacher, or duplicate-instance text; review before import."
545,62,"I4GIM-S1-INDI41SDG Welding technology","I4GIM-S1-INDI41SDG Welding technology",unchanged,"Welding technology",review,low,review_family,valid_candidate,keep,"No obvious demo, test, placeholder, or restoration marker.",conservative_pattern,"Automatically extracted from course-code, year, cohort, teacher, or duplicate-instance text; review before import."
551,62,"I4GIM-S1-INDI42EGI Industrial ergonomics","I4GIM-S1-INDI42EGI Industrial ergonomics",unchanged,"Industrial ergonomics",review,low,review_family,valid_candidate,keep,"No obvious demo, test, placeholder, or restoration marker.",conservative_pattern,"Automatically extracted from course-code, year, cohort, teacher, or duplicate-instance text; review before import."
552,62,"I4GIM-S1-INDI42SAS Servo-control systems","I4GIM-S1-INDI42SAS Servo-control systems",unchanged,"Servo-control systems",review,low,review_family,valid_candidate,keep,"No obvious demo, test, placeholder, or restoration marker.",conservative_pattern,"Automatically extracted from course-code, year, cohort, teacher, or duplicate-instance text; review before import."
554,62,"I4GIM-S1-MECI41DDG Dynamics of gas","I4GIM-S1-MECI41DDG Dynamics of gas",unchanged,"Dynamics of gas",review,low,review_family,valid_candidate,keep,"No obvious demo, test, placeholder, or restoration marker.",conservative_pattern,"Automatically extracted from course-code, year, cohort, teacher, or duplicate-instance text; review before import."
571,62,"I4GIM-S1-MECI41ELN Electronics","I4GIM-S1-MECI41ELN Electronics",unchanged,Electronics,review,low,review_family,valid_candidate,keep,"No obvious demo, test, placeholder, or restoration marker.",conservative_pattern,"Automatically extracted from course-code, year, cohort, teacher, or duplicate-instance text; review before import."
563,62,"I4GIM-S1-MECI41ELP Power Electronics","I4GIM-S1-MECI41ELP Power Electronics",unchanged,"Power Electronics",review,low,review_family,valid_candidate,keep,"No obvious demo, test, placeholder, or restoration marker.",conservative_pattern,"Automatically extracted from course-code, year, cohort, teacher, or duplicate-instance text; review before import."
557,62,"I4GIM-S1-MECI41HDI Industrial Hydraulics","I4GIM-S1-MECI41HDI Industrial Hydraulics",unchanged,"Industrial Hydraulics",review,low,review_family,valid_candidate,keep,"No obvious demo, test, placeholder, or restoration marker.",conservative_pattern,"Automatically extracted from course-code, year, cohort, teacher, or duplicate-instance text; review before import."
573,62,"I4GIM-S1-MECI41LDA English I","I4GIM-S1-MECI41LDA English I",unchanged,"English I",review,low,review_family,valid_candidate,keep,"No obvious demo, test, placeholder, or restoration marker.",conservative_pattern,"Automatically extracted from course-code, year, cohort, teacher, or duplicate-instance text; review before import."
572,62,"I4GIM-S1-MECI41LDF French I","I4GIM-S1-MECI41LDF French I",unchanged,"French I",review,low,review_family,valid_candidate,keep,"No obvious demo, test, placeholder, or restoration marker.",conservative_pattern,"Automatically extracted from course-code, year, cohort, teacher, or duplicate-instance text; review before import."
569,62,"I4GIM-S1-MECI41ODM Organs of machines","I4GIM-S1-MECI41ODM Organs of machines",unchanged,"Organs of machines",review,low,review_family,valid_candidate,keep,"No obvious demo, test, placeholder, or restoration marker.",conservative_pattern,"Automatically extracted from course-code, year, cohort, teacher, or duplicate-instance text; review before import."
567,62,"I4GIM-S1-MECI41RST Internship Report","I4GIM-S1-MECI41RST Internship Report",unchanged,"Internship Report",review,low,review_family,valid_candidate,keep,"No obvious demo, test, placeholder, or restoration marker.",conservative_pattern,"Automatically extracted from course-code, year, cohort, teacher, or duplicate-instance text; review before import."
555,62,"I4GIM-S1-MECI41SHP Statically Indeterminate Structures","I4GIM-S1-MECI41SHP Statically Indeterminate Structures",unchanged,"Statically Indeterminate Structures",review,low,review_family,valid_candidate,keep,"No obvious demo, test, placeholder, or restoration marker.",conservative_pattern,"Automatically extracted from course-code, year, cohort, teacher, or duplicate-instance text; review before import."
558,62,"I4GIM-S1-MECI41TDA Applied thermodynamics","I4GIM-S1-MECI41TDA Applied thermodynamics",unchanged,"Applied thermodynamics",review,low,review_family,valid_candidate,keep,"No obvious demo, test, placeholder, or restoration marker.",conservative_pattern,"Automatically extracted from course-code, year, cohort, teacher, or duplicate-instance text; review before import."
543,62,"I4GIM-S2-INDI41ODM Organs of machines","I4GIM-S2-INDI41ODM Organs of machines",unchanged,"Organs of machines",review,low,review_family,valid_candidate,keep,"No obvious demo, test, placeholder, or restoration marker.",conservative_pattern,"Automatically extracted from course-code, year, cohort, teacher, or duplicate-instance text; review before import."
544,62,"I4GIM-S2-INDI42ATM Automation","I4GIM-S2-INDI42ATM Automation",unchanged,Automation,review,low,review_family,valid_candidate,keep,"No obvious demo, test, placeholder, or restoration marker.",conservative_pattern,"Automatically extracted from course-code, year, cohort, teacher, or duplicate-instance text; review before import."
548,62,"I4GIM-S2-INDI42CDP Product design","I4GIM-S2-INDI42CDP Product design",unchanged,"Product design",review,low,review_family,valid_candidate,keep,"No obvious demo, test, placeholder, or restoration marker.",conservative_pattern,"Automatically extracted from course-code, year, cohort, teacher, or duplicate-instance text; review before import."
565,62,"I4GIM-S2-INDI42GEP Project Management","I4GIM-S2-INDI42GEP Project Management",unchanged,"Project Management",review,low,review_family,valid_candidate,keep,"No obvious demo, test, placeholder, or restoration marker.",conservative_pattern,"Automatically extracted from course-code, year, cohort, teacher, or duplicate-instance text; review before import."
577,62,"I4GIM-S2-INDI42LDA English II","I4GIM-S2-INDI42LDA English II",unchanged,"English II",review,low,review_family,valid_candidate,keep,"No obvious demo, test, placeholder, or restoration marker.",conservative_pattern,"Automatically extracted from course-code, year, cohort, teacher, or duplicate-instance text; review before import."
579,62,"I4GIM-S2-INDI42LDF French II","I4GIM-S2-INDI42LDF French II",unchanged,"French II",review,low,review_family,valid_candidate,keep,"No obvious demo, test, placeholder, or restoration marker.",conservative_pattern,"Automatically extracted from course-code, year, cohort, teacher, or duplicate-instance text; review before import."
47,62,"I4GIM-S2-INDI42MOM Metallic materials operations","I4GIM-S2-INDI42MOM Metallic materials operations",unchanged,"Metallic materials operations",review,low,review_family,valid_candidate,keep,"No obvious demo, test, placeholder, or restoration marker.",conservative_pattern,"Automatically extracted from course-code, year, cohort, teacher, or duplicate-instance text; review before import."
581,62,"I4GIM-S2-INDI42SL1 Lean Manufacturing I","I4GIM-S2-INDI42SL1 Lean Manufacturing I",unchanged,"Lean Manufacturing I",review,low,review_family,valid_candidate,keep,"No obvious demo, test, placeholder, or restoration marker.",conservative_pattern,"Automatically extracted from course-code, year, cohort, teacher, or duplicate-instance text; review before import."
550,62,"I4GIM-S2-INDI42SM2 Materials Science II","I4GIM-S2-INDI42SM2 Materials Science II",unchanged,"Materials Science II",review,low,review_family,valid_candidate,keep,"No obvious demo, test, placeholder, or restoration marker.",conservative_pattern,"Automatically extracted from course-code, year, cohort, teacher, or duplicate-instance text; review before import."
560,62,"I4GIM-S2-MECI42COM Mechanical constructions","I4GIM-S2-MECI42COM Mechanical constructions",unchanged,"Mechanical constructions",review,low,review_family,valid_candidate,keep,"No obvious demo, test, placeholder, or restoration marker.",conservative_pattern,"Automatically extracted from course-code, year, cohort, teacher, or duplicate-instance text; review before import."
561,62,"I4GIM-S2-MECI42ELF Finite elements","I4GIM-S2-MECI42ELF Finite elements",unchanged,"Finite elements",review,low,review_family,valid_candidate,keep,"No obvious demo, test, placeholder, or restoration marker.",conservative_pattern,"Automatically extracted from course-code, year, cohort, teacher, or duplicate-instance text; review before import."
562,62,"I4GIM-S2-MECI42ETH Heat exchangers","I4GIM-S2-MECI42ETH Heat exchangers",unchanged,"Heat exchangers",review,low,review_family,valid_candidate,keep,"No obvious demo, test, placeholder, or restoration marker.",conservative_pattern,"Automatically extracted from course-code, year, cohort, teacher, or duplicate-instance text; review before import."
553,62,"I4GIM-S2-MECI42FC1 Refrigeration and Air Conditioning I","I4GIM-S2-MECI42FC1 Refrigeration and Air Conditioning I",unchanged,"Refrigeration and Air Conditioning I",review,low,review_family,valid_candidate,keep,"No obvious demo, test, placeholder, or restoration marker.",conservative_pattern,"Automatically extracted from course-code, year, cohort, teacher, or duplicate-instance text; review before import."
574,62,"I4GIM-S2-MECI42LDA English II","I4GIM-S2-MECI42LDA English II",unchanged,"English II",review,low,review_family,valid_candidate,keep,"No obvious demo, test, placeholder, or restoration marker.",conservative_pattern,"Automatically extracted from course-code, year, cohort, teacher, or duplicate-instance text; review before import."
575,62,"I4GIM-S2-MECI42LDF French II","I4GIM-S2-MECI42LDF French II",unchanged,"French II",review,low,review_family,valid_candidate,keep,"No obvious demo, test, placeholder, or restoration marker.",conservative_pattern,"Automatically extracted from course-code, year, cohort, teacher, or duplicate-instance text; review before import."
570,62,"I4GIM-S2-MECI42MCI Internal combustion engines","I4GIM-S2-MECI42MCI Internal combustion engines",unchanged,"Internal combustion engines",review,low,review_family,valid_candidate,keep,"No obvious demo, test, placeholder, or restoration marker.",conservative_pattern,"Automatically extracted from course-code, year, cohort, teacher, or duplicate-instance text; review before import."
566,62,"I4GIM-S2-MECI42MNI Numerical method for engineering","I4GIM-S2-MECI42MNI Numerical method for engineering",unchanged,"Numerical method for engineering",review,low,review_family,valid_candidate,keep,"No obvious demo, test, placeholder, or restoration marker.",conservative_pattern,"Automatically extracted from course-code, year, cohort, teacher, or duplicate-instance text; review before import."
559,62,"I4GIM-S2-MECI42TBM Turbomachines","I4GIM-S2-MECI42TBM Turbomachines",unchanged,Turbomachines,review,low,review_family,valid_candidate,keep,"No obvious demo, test, placeholder, or restoration marker.",conservative_pattern,"Automatically extracted from course-code, year, cohort, teacher, or duplicate-instance text; review before import."
14,52,"I4GRU-S1-GRUI41GIS GIS and Remote Sensing-e","I4GRU-S1-GRUI41GIS GIS and Remote Sensing-e",unchanged,"GIS and Remote Sensing-e",review,low,review_family,valid_candidate,keep,"No obvious demo, test, placeholder, or restoration marker.",conservative_pattern,"Automatically extracted from course-code, year, cohort, teacher, or duplicate-instance text; review before import."
372,52,"I4GRU-S1-GRUI41LAN English I","I4GRU-S1-GRUI41LAN English I",unchanged,"English I",review,low,review_family,valid_candidate,keep,"No obvious demo, test, placeholder, or restoration marker.",conservative_pattern,"Automatically extracted from course-code, year, cohort, teacher, or duplicate-instance text; review before import."
367,52,"I4GRU-S1-GRUI41LFR French I","I4GRU-S1-GRUI41LFR French I",unchanged,"French I",review,low,review_family,valid_candidate,keep,"No obvious demo, test, placeholder, or restoration marker.",conservative_pattern,"Automatically extracted from course-code, year, cohort, teacher, or duplicate-instance text; review before import."
387,52,"I4GRU-S1-WEEI41BEE Biology for Environmental Engineering","I4GRU-S1-WEEI41BEE Biology for Environmental Engineering",unchanged,"Biology for Environmental Engineering",review,low,review_family,valid_candidate,keep,"No obvious demo, test, placeholder, or restoration marker.",conservative_pattern,"Automatically extracted from course-code, year, cohort, teacher, or duplicate-instance text; review before import."
386,52,"I4GRU-S1-WEEI41CEE Chemistry for Environmental Engineering ","I4GRU-S1-WEEI41CEE Chemistry for Environmental Engineering",approved,"Chemistry for Environmental Engineering",review,low,review_family,valid_candidate,keep,"No obvious demo, test, placeholder, or restoration marker.",conservative_pattern,"Normalized outer, repeated, or non-breaking whitespace. Automatically extracted from course-code, year, cohort, teacher, or duplicate-instance text; review before import."
381,52,"I4GRU-S1-WEEI41EEL Environmental Engineering Laboratory","I4GRU-S1-WEEI41EEL Environmental Engineering Laboratory",unchanged,"Environmental Engineering Laboratory",review,low,review_family,valid_candidate,keep,"No obvious demo, test, placeholder, or restoration marker.",conservative_pattern,"Automatically extracted from course-code, year, cohort, teacher, or duplicate-instance text; review before import."
378,52,"I4GRU-S1-WEEI41ENH Environmental Hydraulics","I4GRU-S1-WEEI41ENH Environmental Hydraulics",unchanged,"Environmental Hydraulics",review,low,review_family,valid_candidate,keep,"No obvious demo, test, placeholder, or restoration marker.",conservative_pattern,"Automatically extracted from course-code, year, cohort, teacher, or duplicate-instance text; review before import."
389,52,"I4GRU-S1-WEEI41UOP Unit Operations and Processes for Environmental Engineering","I4GRU-S1-WEEI41UOP Unit Operations and Processes for Environmental Engineering",unchanged,"Unit Operations and Processes for Environmental Engineering",review,low,review_family,valid_candidate,keep,"No obvious demo, test, placeholder, or restoration marker.",conservative_pattern,"Automatically extracted from course-code, year, cohort, teacher, or duplicate-instance text; review before import."
377,52,"I4GRU-S1-WRII41CMA Construction Materials","I4GRU-S1-WRII41CMA Construction Materials",unchanged,"Construction Materials",review,low,review_family,valid_candidate,keep,"No obvious demo, test, placeholder, or restoration marker.",conservative_pattern,"Automatically extracted from course-code, year, cohort, teacher, or duplicate-instance text; review before import."
369,52,"I4GRU-S1-WRII41EDD Earth Dam Design and Construction","I4GRU-S1-WRII41EDD Earth Dam Design and Construction",unchanged,"Earth Dam Design and Construction",review,low,review_family,valid_candidate,keep,"No obvious demo, test, placeholder, or restoration marker.",conservative_pattern,"Automatically extracted from course-code, year, cohort, teacher, or duplicate-instance text; review before import."
371,52,"I4GRU-S1-WRII41HYL Hydraulics","I4GRU-S1-WRII41HYL Hydraulics",unchanged,Hydraulics,review,low,review_family,valid_candidate,keep,"No obvious demo, test, placeholder, or restoration marker.",conservative_pattern,"Automatically extracted from course-code, year, cohort, teacher, or duplicate-instance text; review before import."
397,52,"I4GRU-S1-WRII41STA Structural Analysis","I4GRU-S1-WRII41STA Structural Analysis",unchanged,"Structural Analysis",review,low,review_family,valid_candidate,keep,"No obvious demo, test, placeholder, or restoration marker.",conservative_pattern,"Automatically extracted from course-code, year, cohort, teacher, or duplicate-instance text; review before import."
382,52,"I4GRU-S1-WRII41WRA Water Induced Disaster Risk Assessment","I4GRU-S1-WRII41WRA Water Induced Disaster Risk Assessment",unchanged,"Water Induced Disaster Risk Assessment",review,low,review_family,valid_candidate,keep,"No obvious demo, test, placeholder, or restoration marker.",conservative_pattern,"Automatically extracted from course-code, year, cohort, teacher, or duplicate-instance text; review before import."
370,52,"I4GRU-S2-GRUI42LAN English II","I4GRU-S2-GRUI42LAN English II",unchanged,"English II",review,low,review_family,valid_candidate,keep,"No obvious demo, test, placeholder, or restoration marker.",conservative_pattern,"Automatically extracted from course-code, year, cohort, teacher, or duplicate-instance text; review before import."
368,52,"I4GRU-S2-GRUI42LFR French II","I4GRU-S2-GRUI42LFR French II",unchanged,"French II",review,low,review_family,valid_candidate,keep,"No obvious demo, test, placeholder, or restoration marker.",conservative_pattern,"Automatically extracted from course-code, year, cohort, teacher, or duplicate-instance text; review before import."
43,52,"I4GRU-S2-GRUI42WRM Introduction to Integrated Water Resources Management","I4GRU-S2-GRUI42WRM Introduction to Integrated Water Resources Management",unchanged,"Introduction to Integrated Water Resources Management",review,low,review_family,valid_candidate,keep,"No obvious demo, test, placeholder, or restoration marker.",conservative_pattern,"Automatically extracted from course-code, year, cohort, teacher, or duplicate-instance text; review before import."
383,52,"I4GRU-S2-GRUI42WTP Water Treatment Process and Design","I4GRU-S2-GRUI42WTP Water Treatment Process and Design",unchanged,"Water Treatment Process and Design",review,low,review_family,valid_candidate,keep,"No obvious demo, test, placeholder, or restoration marker.",conservative_pattern,"Automatically extracted from course-code, year, cohort, teacher, or duplicate-instance text; review before import."
391,52,"I4GRU-S2-WEEI42EPC Environmental Pollution Control","I4GRU-S2-WEEI42EPC Environmental Pollution Control",unchanged,"Environmental Pollution Control",review,low,review_family,valid_candidate,keep,"No obvious demo, test, placeholder, or restoration marker.",conservative_pattern,"Automatically extracted from course-code, year, cohort, teacher, or duplicate-instance text; review before import."
388,52,"I4GRU-S2-WEEI42HIN Hydro-Informatics","I4GRU-S2-WEEI42HIN Hydro-Informatics",unchanged,Hydro-Informatics,review,low,review_family,valid_candidate,keep,"No obvious demo, test, placeholder, or restoration marker.",conservative_pattern,"Automatically extracted from course-code, year, cohort, teacher, or duplicate-instance text; review before import."
399,52,"I4GRU-S2-WEEI42PLD Plumbing Design-e","I4GRU-S2-WEEI42PLD Plumbing Design-e",unchanged,"Plumbing Design-e",review,low,review_family,valid_candidate,keep,"No obvious demo, test, placeholder, or restoration marker.",conservative_pattern,"Automatically extracted from course-code, year, cohort, teacher, or duplicate-instance text; review before import."
398,52,"I4GRU-S2-WEEI42WQM Water Quality Analysis and Management","I4GRU-S2-WEEI42WQM Water Quality Analysis and Management",unchanged,"Water Quality Analysis and Management",review,low,review_family,valid_candidate,keep,"No obvious demo, test, placeholder, or restoration marker.",conservative_pattern,"Automatically extracted from course-code, year, cohort, teacher, or duplicate-instance text; review before import."
390,52,"I4GRU-S2-WEEI42WSE Water Supply Engineering","I4GRU-S2-WEEI42WSE Water Supply Engineering",unchanged,"Water Supply Engineering",review,low,review_family,valid_candidate,keep,"No obvious demo, test, placeholder, or restoration marker.",conservative_pattern,"Automatically extracted from course-code, year, cohort, teacher, or duplicate-instance text; review before import."
380,52,"I4GRU-S2-WRI-WEEI42IWM Introduction to Integrated Water Resources Management-e","I4GRU-S2-WRI-WEEI42IWM Introduction to Integrated Water Resources Management-e",unchanged,"Introduction to Integrated Water Resources Management-e",review,low,review_family,valid_candidate,keep,"No obvious demo, test, placeholder, or restoration marker.",conservative_pattern,"Automatically extracted from course-code, year, cohort, teacher, or duplicate-instance text; review before import."
392,52,"I4GRU-S2-WRII42CRR Road Engineering and Construction","I4GRU-S2-WRII42CRR Road Engineering and Construction",unchanged,"Road Engineering and Construction",review,low,review_family,valid_candidate,keep,"No obvious demo, test, placeholder, or restoration marker.",conservative_pattern,"Automatically extracted from course-code, year, cohort, teacher, or duplicate-instance text; review before import."
384,52,"I4GRU-S2-WRII42GEX Groundwater Exploration","I4GRU-S2-WRII42GEX Groundwater Exploration",unchanged,"Groundwater Exploration",review,low,review_family,valid_candidate,keep,"No obvious demo, test, placeholder, or restoration marker.",conservative_pattern,"Automatically extracted from course-code, year, cohort, teacher, or duplicate-instance text; review before import."
395,52,"I4GRU-S2-WRII42HDP Hydropower Development and Pumping Stations","I4GRU-S2-WRII42HDP Hydropower Development and Pumping Stations",unchanged,"Hydropower Development and Pumping Stations",review,low,review_family,valid_candidate,keep,"No obvious demo, test, placeholder, or restoration marker.",conservative_pattern,"Automatically extracted from course-code, year, cohort, teacher, or duplicate-instance text; review before import."
394,52,"I4GRU-S2-WRII42IDS Irrigation and Drainage Systems","I4GRU-S2-WRII42IDS Irrigation and Drainage Systems",unchanged,"Irrigation and Drainage Systems",review,low,review_family,valid_candidate,keep,"No obvious demo, test, placeholder, or restoration marker.",conservative_pattern,"Automatically extracted from course-code, year, cohort, teacher, or duplicate-instance text; review before import."
373,52,"I4GRU-S2-WRII42OSM On-Site Safety Management","I4GRU-S2-WRII42OSM On-Site Safety Management",unchanged,"On-Site Safety Management",review,low,review_family,valid_candidate,keep,"No obvious demo, test, placeholder, or restoration marker.",conservative_pattern,"Automatically extracted from course-code, year, cohort, teacher, or duplicate-instance text; review before import."
376,52,"I4GRU-S2-WRII42RCD Reinforced Concrete Design","I4GRU-S2-WRII42RCD Reinforced Concrete Design",unchanged,"Reinforced Concrete Design",review,low,review_family,valid_candidate,keep,"No obvious demo, test, placeholder, or restoration marker.",conservative_pattern,"Automatically extracted from course-code, year, cohort, teacher, or duplicate-instance text; review before import."
1460,151,"I4GRU-SEB-S1-Colloquium I ","I4GRU-SEB-S1-Colloquium I",approved,"Colloquium I",review,low,review_family,valid_candidate,keep,"No obvious demo, test, placeholder, or restoration marker.",conservative_pattern,"Normalized outer, repeated, or non-breaking whitespace. Automatically extracted from course-code, year, cohort, teacher, or duplicate-instance text; review before import."
1461,151,"I4GRU-SEB-S1-Experimentation in science and engineering  ","I4GRU-SEB-S1-Experimentation in science and engineering",approved,"Experimentation in science and engineering",review,low,review_family,valid_candidate,keep,"No obvious demo, test, placeholder, or restoration marker.",conservative_pattern,"Normalized outer, repeated, or non-breaking whitespace. Automatically extracted from course-code, year, cohort, teacher, or duplicate-instance text; review before import."
1462,151,"I4GRU-SEB-S1-Market research project  ","I4GRU-SEB-S1-Market research project",approved,"Market research project",review,low,review_family,valid_candidate,keep,"No obvious demo, test, placeholder, or restoration marker.",conservative_pattern,"Normalized outer, repeated, or non-breaking whitespace. Automatically extracted from course-code, year, cohort, teacher, or duplicate-instance text; review before import."
1463,151,"I4GRU-SEB-S1-Procurement and Supply Management  ","I4GRU-SEB-S1-Procurement and Supply Management",approved,"Procurement and Supply Management",review,low,review_family,valid_candidate,keep,"No obvious demo, test, placeholder, or restoration marker.",conservative_pattern,"Normalized outer, repeated, or non-breaking whitespace. Automatically extracted from course-code, year, cohort, teacher, or duplicate-instance text; review before import."
1464,151,"I4GRU-SEB-S1-Resources recovery  ","I4GRU-SEB-S1-Resources recovery",approved,"Resources recovery",review,low,review_family,valid_candidate,keep,"No obvious demo, test, placeholder, or restoration marker.",conservative_pattern,"Normalized outer, repeated, or non-breaking whitespace. Automatically extracted from course-code, year, cohort, teacher, or duplicate-instance text; review before import."
1465,151,"I4GRU-SEB-S2-Colloquium II ","I4GRU-SEB-S2-Colloquium II",approved,"Colloquium II",review,low,review_family,valid_candidate,keep,"No obvious demo, test, placeholder, or restoration marker.",conservative_pattern,"Normalized outer, repeated, or non-breaking whitespace. Automatically extracted from course-code, year, cohort, teacher, or duplicate-instance text; review before import."
1467,151,"I4GRU-SEB-S2-Process and product engineering  ","I4GRU-SEB-S2-Process and product engineering",approved,"Process and product engineering",review,low,review_family,valid_candidate,keep,"No obvious demo, test, placeholder, or restoration marker.",conservative_pattern,"Normalized outer, repeated, or non-breaking whitespace. Automatically extracted from course-code, year, cohort, teacher, or duplicate-instance text; review before import."
1468,151,"I4GRU-SEB-S2-Technology management  ","I4GRU-SEB-S2-Technology management",approved,"Technology management",review,low,review_family,valid_candidate,keep,"No obvious demo, test, placeholder, or restoration marker.",conservative_pattern,"Normalized outer, repeated, or non-breaking whitespace. Automatically extracted from course-code, year, cohort, teacher, or duplicate-instance text; review before import."
1466,151,"I4GRU-SEB-S2-Wastewater treatment  ","I4GRU-SEB-S2-Wastewater treatment",approved,"Wastewater treatment",review,low,review_family,valid_candidate,keep,"No obvious demo, test, placeholder, or restoration marker.",conservative_pattern,"Normalized outer, repeated, or non-breaking whitespace. Automatically extracted from course-code, year, cohort, teacher, or duplicate-instance text; review before import."
1249,107,"I4GTI-S1-GCII41ADS Structural analysis for construction and public works 1","I4GTI-S1-GCII41ADS Structural analysis for construction and public works 1",unchanged,"Structural analysis for construction and public works 1",review,low,review_family,valid_candidate,keep,"No obvious demo, test, placeholder, or restoration marker.",conservative_pattern,"Automatically extracted from course-code, year, cohort, teacher, or duplicate-instance text; review before import."
1258,107,"I4GTI-S1-GCII41ATR Air transport","I4GTI-S1-GCII41ATR Air transport",unchanged,"Air transport",review,low,review_family,valid_candidate,keep,"No obvious demo, test, placeholder, or restoration marker.",conservative_pattern,"Automatically extracted from course-code, year, cohort, teacher, or duplicate-instance text; review before import."
1252,107,"I4GTI-S1-GCII41COM Steel design and construction","I4GTI-S1-GCII41COM Steel design and construction",unchanged,"Steel design and construction",review,low,review_family,valid_candidate,keep,"No obvious demo, test, placeholder, or restoration marker.",conservative_pattern,"Automatically extracted from course-code, year, cohort, teacher, or duplicate-instance text; review before import."
1248,107,"I4GTI-S1-GCII41MDS Soil Mechanics 1","I4GTI-S1-GCII41MDS Soil Mechanics 1",unchanged,"Soil Mechanics 1",review,low,review_family,valid_candidate,keep,"No obvious demo, test, placeholder, or restoration marker.",conservative_pattern,"Automatically extracted from course-code, year, cohort, teacher, or duplicate-instance text; review before import."
1255,107,"I4GTI-S1-GCII41ROU Road design 1","I4GTI-S1-GCII41ROU Road design 1",unchanged,"Road design 1",review,low,review_family,valid_candidate,keep,"No obvious demo, test, placeholder, or restoration marker.",conservative_pattern,"Automatically extracted from course-code, year, cohort, teacher, or duplicate-instance text; review before import."
1253,107,"I4GTI-S1-GCII41UDS Urban drainage system","I4GTI-S1-GCII41UDS Urban drainage system",unchanged,"Urban drainage system",review,low,review_family,valid_candidate,keep,"No obvious demo, test, placeholder, or restoration marker.",conservative_pattern,"Automatically extracted from course-code, year, cohort, teacher, or duplicate-instance text; review before import."
1244,107,"I4GTI-S1-GTII41BEA Reinforced Concrete","I4GTI-S1-GTII41BEA Reinforced Concrete",unchanged,"Reinforced Concrete",review,low,review_family,valid_candidate,keep,"No obvious demo, test, placeholder, or restoration marker.",conservative_pattern,"Automatically extracted from course-code, year, cohort, teacher, or duplicate-instance text; review before import."
1250,107,"I4GTI-S2-GCII42ADS Structural analysis for construction and public works 2","I4GTI-S2-GCII42ADS Structural analysis for construction and public works 2",unchanged,"Structural analysis for construction and public works 2",review,low,review_family,valid_candidate,keep,"No obvious demo, test, placeholder, or restoration marker.",conservative_pattern,"Automatically extracted from course-code, year, cohort, teacher, or duplicate-instance text; review before import."
1251,107,"I4GTI-S2-GCII42BPR Prestressed concrete","I4GTI-S2-GCII42BPR Prestressed concrete",unchanged,"Prestressed concrete",review,low,review_family,valid_candidate,keep,"No obvious demo, test, placeholder, or restoration marker.",conservative_pattern,"Automatically extracted from course-code, year, cohort, teacher, or duplicate-instance text; review before import."
1260,107,"I4GTI-S2-GCII42C3D Computer-Aided Design 2 (Civil 3D)","I4GTI-S2-GCII42C3D Computer-Aided Design 2 (Civil 3D)",unchanged,"Computer-Aided Design 2 (Civil 3D)",review,low,review_family,valid_candidate,keep,"No obvious demo, test, placeholder, or restoration marker.",conservative_pattern,"Automatically extracted from course-code, year, cohort, teacher, or duplicate-instance text; review before import."
1257,107,"I4GTI-S2-GCII42MDS Soil mechanics 2","I4GTI-S2-GCII42MDS Soil mechanics 2",unchanged,"Soil mechanics 2",review,low,review_family,valid_candidate,keep,"No obvious demo, test, placeholder, or restoration marker.",conservative_pattern,"Automatically extracted from course-code, year, cohort, teacher, or duplicate-instance text; review before import."
1254,107,"I4GTI-S2-GCII42MRP Marin ports","I4GTI-S2-GCII42MRP Marin ports",unchanged,"Marin ports",review,low,review_family,valid_candidate,keep,"No obvious demo, test, placeholder, or restoration marker.",conservative_pattern,"Automatically extracted from course-code, year, cohort, teacher, or duplicate-instance text; review before import."
1259,107,"I4GTI-S2-GCII42MSS Management of stocks and supplies","I4GTI-S2-GCII42MSS Management of stocks and supplies",unchanged,"Management of stocks and supplies",review,low,review_family,valid_candidate,keep,"No obvious demo, test, placeholder, or restoration marker.",conservative_pattern,"Automatically extracted from course-code, year, cohort, teacher, or duplicate-instance text; review before import."
1256,107,"I4GTI-S2-GCII42ROU Road design 2","I4GTI-S2-GCII42ROU Road design 2",unchanged,"Road design 2",review,low,review_family,valid_candidate,keep,"No obvious demo, test, placeholder, or restoration marker.",conservative_pattern,"Automatically extracted from course-code, year, cohort, teacher, or duplicate-instance text; review before import."
1247,107,"I4GTI-S2-GCII42SIM Site management","I4GTI-S2-GCII42SIM Site management",unchanged,"Site management",review,low,review_family,valid_candidate,keep,"No obvious demo, test, placeholder, or restoration marker.",conservative_pattern,"Automatically extracted from course-code, year, cohort, teacher, or duplicate-instance text; review before import."
920,75,"I4GTR-S1- Analog and Digital Communications","I4GTR-S1- Analog and Digital Communications",unchanged,"Analog and Digital Communications",review,low,review_family,valid_candidate,keep,"No obvious demo, test, placeholder, or restoration marker.",conservative_pattern,"Automatically extracted from course-code, year, cohort, teacher, or duplicate-instance text; review before import."
919,75,"I4GTR-S1- Digital Circuit Design","I4GTR-S1- Digital Circuit Design",unchanged,"Digital Circuit Design",review,low,review_family,valid_candidate,keep,"No obvious demo, test, placeholder, or restoration marker.",conservative_pattern,"Automatically extracted from course-code, year, cohort, teacher, or duplicate-instance text; review before import."
917,75,"I4GTR-S1- Digital Signal Processing","I4GTR-S1- Digital Signal Processing",unchanged,"Digital Signal Processing",review,low,review_family,valid_candidate,keep,"No obvious demo, test, placeholder, or restoration marker.",conservative_pattern,"Automatically extracted from course-code, year, cohort, teacher, or duplicate-instance text; review before import."
922,75,"I4GTR-S1- Electronic Workshop","I4GTR-S1- Electronic Workshop",unchanged,"Electronic Workshop",review,low,review_family,valid_candidate,keep,"No obvious demo, test, placeholder, or restoration marker.",conservative_pattern,"Automatically extracted from course-code, year, cohort, teacher, or duplicate-instance text; review before import."
923,75,"I4GTR-S1- English","I4GTR-S1- English",unchanged,English,review,low,review_family,valid_candidate,keep,"No obvious demo, test, placeholder, or restoration marker.",conservative_pattern,"Automatically extracted from course-code, year, cohort, teacher, or duplicate-instance text; review before import."
924,75,"I4GTR-S1- French","I4GTR-S1- French",unchanged,French,review,low,review_family,valid_candidate,keep,"No obvious demo, test, placeholder, or restoration marker.",conservative_pattern,"Automatically extracted from course-code, year, cohort, teacher, or duplicate-instance text; review before import."
915,75,"I4GTR-S1- Internship Report","I4GTR-S1- Internship Report",unchanged,"Internship Report",review,low,review_family,valid_candidate,keep,"No obvious demo, test, placeholder, or restoration marker.",conservative_pattern,"Automatically extracted from course-code, year, cohort, teacher, or duplicate-instance text; review before import."
916,75,"I4GTR-S1- Microwave Circuit and Antenna","I4GTR-S1- Microwave Circuit and Antenna",unchanged,"Microwave Circuit and Antenna",review,low,review_family,valid_candidate,keep,"No obvious demo, test, placeholder, or restoration marker.",conservative_pattern,"Automatically extracted from course-code, year, cohort, teacher, or duplicate-instance text; review before import."
929,75,"I4GTR-S1- Mobile Applications","I4GTR-S1- Mobile Applications",unchanged,"Mobile Applications",review,low,review_family,valid_candidate,keep,"No obvious demo, test, placeholder, or restoration marker.",conservative_pattern,"Automatically extracted from course-code, year, cohort, teacher, or duplicate-instance text; review before import."
921,75,"I4GTR-S1- TCP/IP and Internet","I4GTR-S1- TCP/IP and Internet",unchanged,"TCP/IP and Internet",review,low,review_family,valid_candidate,keep,"No obvious demo, test, placeholder, or restoration marker.",conservative_pattern,"Automatically extracted from course-code, year, cohort, teacher, or duplicate-instance text; review before import."
931,75,"I4GTR-S2- Data Communication and Network","I4GTR-S2- Data Communication and Network",unchanged,"Data Communication and Network",review,low,review_family,valid_candidate,keep,"No obvious demo, test, placeholder, or restoration marker.",conservative_pattern,"Automatically extracted from course-code, year, cohort, teacher, or duplicate-instance text; review before import."
930,75,"I4GTR-S2- Database Management Systems","I4GTR-S2- Database Management Systems",unchanged,"Database Management Systems",review,low,review_family,valid_candidate,keep,"No obvious demo, test, placeholder, or restoration marker.",conservative_pattern,"Automatically extracted from course-code, year, cohort, teacher, or duplicate-instance text; review before import."
934,75,"I4GTR-S2- English","I4GTR-S2- English",unchanged,English,review,low,review_family,valid_candidate,keep,"No obvious demo, test, placeholder, or restoration marker.",conservative_pattern,"Automatically extracted from course-code, year, cohort, teacher, or duplicate-instance text; review before import."
936,75,"I4GTR-S2- French","I4GTR-S2- French",unchanged,French,review,low,review_family,valid_candidate,keep,"No obvious demo, test, placeholder, or restoration marker.",conservative_pattern,"Automatically extracted from course-code, year, cohort, teacher, or duplicate-instance text; review before import."
927,75,"I4GTR-S2- Information theory","I4GTR-S2- Information theory",unchanged,"Information theory",review,low,review_family,valid_candidate,keep,"No obvious demo, test, placeholder, or restoration marker.",conservative_pattern,"Automatically extracted from course-code, year, cohort, teacher, or duplicate-instance text; review before import."
925,75,"I4GTR-S2- Network Interconnection","I4GTR-S2- Network Interconnection",unchanged,"Network Interconnection",review,low,review_family,valid_candidate,keep,"No obvious demo, test, placeholder, or restoration marker.",conservative_pattern,"Automatically extracted from course-code, year, cohort, teacher, or duplicate-instance text; review before import."
928,75,"I4GTR-S2- Network Security","I4GTR-S2- Network Security",unchanged,"Network Security",review,low,review_family,valid_candidate,keep,"No obvious demo, test, placeholder, or restoration marker.",conservative_pattern,"Automatically extracted from course-code, year, cohort, teacher, or duplicate-instance text; review before import."
926,75,"I4GTR-S2- Wireless Communications","I4GTR-S2- Wireless Communications",unchanged,"Wireless Communications",review,low,review_family,valid_candidate,keep,"No obvious demo, test, placeholder, or restoration marker.",conservative_pattern,"Automatically extracted from course-code, year, cohort, teacher, or duplicate-instance text; review before import."
1021,93,"I4SA-S2-EngI4 English I4","I4SA-S2-EngI4 English I4",unchanged,"EngI4 English I4",review,low,review_family,valid_candidate,keep,"No obvious demo, test, placeholder, or restoration marker.",conservative_pattern,"Automatically extracted from course-code, year, cohort, teacher, or duplicate-instance text; review before import."
1011,85,"I4SF-S1- I4-S2 French I4-A2","I4SF-S1- I4-S2 French I4-A2",unchanged,"I4-S2 French I4-A2",review,low,review_family,valid_candidate,keep,"No obvious demo, test, placeholder, or restoration marker.",conservative_pattern,"Automatically extracted from course-code, year, cohort, teacher, or duplicate-instance text; review before import."
1008,85,"I4SF-S1-FRI4-A2 I4-S1 French I4-A2","I4SF-S1-FRI4-A2 I4-S1 French I4-A2",unchanged,"A2 I4-S1 French I4-A2",review,low,review_family,valid_candidate,keep,"No obvious demo, test, placeholder, or restoration marker.",conservative_pattern,"Automatically extracted from course-code, year, cohort, teacher, or duplicate-instance text; review before import."
1010,85,"I4SF-S1-FRI4-B1 I4-S1 French I4-B1","I4SF-S1-FRI4-B1 I4-S1 French I4-B1",unchanged,"B1 I4-S1 French I4-B1",review,low,review_family,valid_candidate,keep,"No obvious demo, test, placeholder, or restoration marker.",conservative_pattern,"Automatically extracted from course-code, year, cohort, teacher, or duplicate-instance text; review before import."
1009,85,"I4SF-S1-FRI4-B2 I4-S1 French I4-B2","I4SF-S1-FRI4-B2 I4-S1 French I4-B2",unchanged,"B2 I4-S1 French I4-B2",review,low,review_family,valid_candidate,keep,"No obvious demo, test, placeholder, or restoration marker.",conservative_pattern,"Automatically extracted from course-code, year, cohort, teacher, or duplicate-instance text; review before import."
1014,85,"I4SF-S2- I4-S2 French I4-A2","I4SF-S2- I4-S2 French I4-A2",unchanged,"I4-S2 French I4-A2",review,low,review_family,valid_candidate,keep,"No obvious demo, test, placeholder, or restoration marker.",conservative_pattern,"Automatically extracted from course-code, year, cohort, teacher, or duplicate-instance text; review before import."
1012,85,"I4SF-S2- I4-S2 French I4-B1","I4SF-S2- I4-S2 French I4-B1",unchanged,"I4-S2 French I4-B1",review,low,review_family,valid_candidate,keep,"No obvious demo, test, placeholder, or restoration marker.",conservative_pattern,"Automatically extracted from course-code, year, cohort, teacher, or duplicate-instance text; review before import."
1013,85,"I4SF-S2- I4-S2 French I4-B2","I4SF-S2- I4-S2 French I4-B2",unchanged,"I4-S2 French I4-B2",review,low,review_family,valid_candidate,keep,"No obvious demo, test, placeholder, or restoration marker.",conservative_pattern,"Automatically extracted from course-code, year, cohort, teacher, or duplicate-instance text; review before import."
991,79,"I5AMS-S1-AMSI51ANG English","I5AMS-S1-AMSI51ANG English",unchanged,English,review,low,review_family,valid_candidate,keep,"No obvious demo, test, placeholder, or restoration marker.",conservative_pattern,"Automatically extracted from course-code, year, cohort, teacher, or duplicate-instance text; review before import."
986,79,"I5AMS-S1-AMSI51CPI IT Project Management","I5AMS-S1-AMSI51CPI IT Project Management",unchanged,"IT Project Management",review,low,review_family,valid_candidate,keep,"No obvious demo, test, placeholder, or restoration marker.",conservative_pattern,"Automatically extracted from course-code, year, cohort, teacher, or duplicate-instance text; review before import."
993,79,"I5AMS-S1-AMSI51CRS Cryptography and Security","I5AMS-S1-AMSI51CRS Cryptography and Security",unchanged,"Cryptography and Security",review,low,review_family,valid_candidate,keep,"No obvious demo, test, placeholder, or restoration marker.",conservative_pattern,"Automatically extracted from course-code, year, cohort, teacher, or duplicate-instance text; review before import."
989,79,"I5AMS-S1-AMSI51EDA Exploratory Data Analysis and Unsupervised Learning","I5AMS-S1-AMSI51EDA Exploratory Data Analysis and Unsupervised Learning",unchanged,"Exploratory Data Analysis and Unsupervised Learning",review,low,review_family,valid_candidate,keep,"No obvious demo, test, placeholder, or restoration marker.",conservative_pattern,"Automatically extracted from course-code, year, cohort, teacher, or duplicate-instance text; review before import."
994,79,"I5AMS-S1-AMSI51FMC Financial models in continuous times + numerical methods (elective)","I5AMS-S1-AMSI51FMC Financial models in continuous times + numerical methods (elective)",unchanged,"Financial models in continuous times + numerical methods (elective)",review,low,review_family,valid_candidate,keep,"No obvious demo, test, placeholder, or restoration marker.",conservative_pattern,"Automatically extracted from course-code, year, cohort, teacher, or duplicate-instance text; review before import."
992,79,"I5AMS-S1-AMSI51FRA French","I5AMS-S1-AMSI51FRA French",unchanged,French,review,low,review_family,valid_candidate,keep,"No obvious demo, test, placeholder, or restoration marker.",conservative_pattern,"Automatically extracted from course-code, year, cohort, teacher, or duplicate-instance text; review before import."
988,79,"I5AMS-S1-AMSI51IRW Information Retrieval Web Analytics","I5AMS-S1-AMSI51IRW Information Retrieval Web Analytics",unchanged,"Information Retrieval Web Analytics",review,low,review_family,valid_candidate,keep,"No obvious demo, test, placeholder, or restoration marker.",conservative_pattern,"Automatically extracted from course-code, year, cohort, teacher, or duplicate-instance text; review before import."
996,79,"I5AMS-S1-AMSI51NLP Elective Course 4 (Natural Language Processing)","I5AMS-S1-AMSI51NLP Elective Course 4 (Natural Language Processing)",unchanged,"Elective Course 4",review,low,review_family,valid_candidate,keep,"No obvious demo, test, placeholder, or restoration marker.",conservative_pattern,"Automatically extracted from course-code, year, cohort, teacher, or duplicate-instance text; review before import."
987,79,"I5AMS-S1-AMSI51PDS Programming for Data Science","I5AMS-S1-AMSI51PDS Programming for Data Science",unchanged,"Programming for Data Science",review,low,review_family,valid_candidate,keep,"No obvious demo, test, placeholder, or restoration marker.",conservative_pattern,"Automatically extracted from course-code, year, cohort, teacher, or duplicate-instance text; review before import."
995,79,"I5AMS-S1-AMSI51TSA Time Series Analysis and Forecasting","I5AMS-S1-AMSI51TSA Time Series Analysis and Forecasting",unchanged,"Time Series Analysis and Forecasting",review,low,review_family,valid_candidate,keep,"No obvious demo, test, placeholder, or restoration marker.",conservative_pattern,"Automatically extracted from course-code, year, cohort, teacher, or duplicate-instance text; review before import."
990,79,"I5AMS-S1-AMSI52IML Introduction to Machine Learning","I5AMS-S1-AMSI52IML Introduction to Machine Learning",unchanged,"Introduction to Machine Learning",review,low,review_family,valid_candidate,keep,"No obvious demo, test, placeholder, or restoration marker.",conservative_pattern,"Automatically extracted from course-code, year, cohort, teacher, or duplicate-instance text; review before import."
985,79,"I5AMS-S2- Final Year Internship","I5AMS-S2- Final Year Internship",unchanged,"Final Year Internship",review,low,review_family,valid_candidate,keep,"No obvious demo, test, placeholder, or restoration marker.",conservative_pattern,"Automatically extracted from course-code, year, cohort, teacher, or duplicate-instance text; review before import."
1207,104,"I5GAR-S1-ARCHHI51PPF Professional Practice","I5GAR-S1-ARCHHI51PPF Professional Practice",unchanged,"Professional Practice",review,low,review_family,valid_candidate,keep,"No obvious demo, test, placeholder, or restoration marker.",conservative_pattern,"Automatically extracted from course-code, year, cohort, teacher, or duplicate-instance text; review before import."
1218,104,"I5GAR-S1-GARI51 PP and GARI51 UB Pratique professional and Urbanism","I5GAR-S1-GARI51 PP and GARI51 UB Pratique professional and Urbanism",unchanged,"PP and GARI51 UB Pratique professional and Urbanism",review,low,review_family,valid_candidate,keep,"No obvious demo, test, placeholder, or restoration marker.",conservative_pattern,"Automatically extracted from course-code, year, cohort, teacher, or duplicate-instance text; review before import."
1204,104,"I5GAR-S1-GARI51ATA Architectural Design Workshop V","I5GAR-S1-GARI51ATA Architectural Design Workshop V",unchanged,"Architectural Design Workshop V",review,low,review_family,valid_candidate,keep,"No obvious demo, test, placeholder, or restoration marker.",conservative_pattern,"Automatically extracted from course-code, year, cohort, teacher, or duplicate-instance text; review before import."
1206,104,"I5GAR-S1-GARI51BRP Prestressed Concrete ","I5GAR-S1-GARI51BRP Prestressed Concrete",approved,"Prestressed Concrete",review,low,review_family,valid_candidate,keep,"No obvious demo, test, placeholder, or restoration marker.",conservative_pattern,"Normalized outer, repeated, or non-breaking whitespace. Automatically extracted from course-code, year, cohort, teacher, or duplicate-instance text; review before import."
1212,104,"I5GAR-S1-GARI51COB Wood Construction","I5GAR-S1-GARI51COB Wood Construction",unchanged,"Wood Construction",review,low,review_family,valid_candidate,keep,"No obvious demo, test, placeholder, or restoration marker.",conservative_pattern,"Automatically extracted from course-code, year, cohort, teacher, or duplicate-instance text; review before import."
1208,104,"I5GAR-S1-GARI51GES Project Management","I5GAR-S1-GARI51GES Project Management",unchanged,"Project Management",review,low,review_family,valid_candidate,keep,"No obvious demo, test, placeholder, or restoration marker.",conservative_pattern,"Automatically extracted from course-code, year, cohort, teacher, or duplicate-instance text; review before import."
1210,104,"I5GAR-S1-GARI51MRT Thesis Writing and Methodology","I5GAR-S1-GARI51MRT Thesis Writing and Methodology",unchanged,"Thesis Writing and Methodology",review,low,review_family,valid_candidate,keep,"No obvious demo, test, placeholder, or restoration marker.",conservative_pattern,"Automatically extracted from course-code, year, cohort, teacher, or duplicate-instance text; review before import."
1205,104,"I5GAR-S1-GARI51MTR Cost Estimation","I5GAR-S1-GARI51MTR Cost Estimation",unchanged,"Cost Estimation",review,low,review_family,valid_candidate,keep,"No obvious demo, test, placeholder, or restoration marker.",conservative_pattern,"Automatically extracted from course-code, year, cohort, teacher, or duplicate-instance text; review before import."
1213,104,"I5GAR-S1-GARI51PLA Planning","I5GAR-S1-GARI51PLA Planning",unchanged,Planning,review,low,review_family,valid_candidate,keep,"No obvious demo, test, placeholder, or restoration marker.",conservative_pattern,"Automatically extracted from course-code, year, cohort, teacher, or duplicate-instance text; review before import."
1209,104,"I5GAR-S1-GARI51SBG Stability of Tall Building","I5GAR-S1-GARI51SBG Stability of Tall Building",unchanged,"Stability of Tall Building",review,low,review_family,valid_candidate,keep,"No obvious demo, test, placeholder, or restoration marker.",conservative_pattern,"Automatically extracted from course-code, year, cohort, teacher, or duplicate-instance text; review before import."
1211,104,"I5GAR-S1-GARI51URB Urban Planning II","I5GAR-S1-GARI51URB Urban Planning II",unchanged,"Urban Planning II",review,low,review_family,valid_candidate,keep,"No obvious demo, test, placeholder, or restoration marker.",conservative_pattern,"Automatically extracted from course-code, year, cohort, teacher, or duplicate-instance text; review before import."
498,58,"I5GCA-Che-S1- Chemical Plant Safety","I5GCA-Che-S1- Chemical Plant Safety",unchanged,"Che-S1- Chemical Plant Safety",review,low,review_family,valid_candidate,keep,"No obvious demo, test, placeholder, or restoration marker.",conservative_pattern,"Automatically extracted from course-code, year, cohort, teacher, or duplicate-instance text; review before import."
489,58,"I5GCA-Che-S1- Computing Software for Chemical Reaction","I5GCA-Che-S1- Computing Software for Chemical Reaction",unchanged,"Che-S1- Computing Software for Chemical Reaction",review,low,review_family,valid_candidate,keep,"No obvious demo, test, placeholder, or restoration marker.",conservative_pattern,"Automatically extracted from course-code, year, cohort, teacher, or duplicate-instance text; review before import."
488,58,"I5GCA-Che-S1- Industrial Chemical Process","I5GCA-Che-S1- Industrial Chemical Process",unchanged,"Che-S1- Industrial Chemical Process",review,low,review_family,valid_candidate,keep,"No obvious demo, test, placeholder, or restoration marker.",conservative_pattern,"Automatically extracted from course-code, year, cohort, teacher, or duplicate-instance text; review before import."
490,58,"I5GCA-Che-S1- Project Management","I5GCA-Che-S1- Project Management",unchanged,"Che-S1- Project Management",review,low,review_family,valid_candidate,keep,"No obvious demo, test, placeholder, or restoration marker.",conservative_pattern,"Automatically extracted from course-code, year, cohort, teacher, or duplicate-instance text; review before import."
1279,58,"I5GCA-FST-S1 Project Management","I5GCA-FST-S1 Project Management",unchanged,"S1 Project Management",review,low,review_family,valid_candidate,keep,"No obvious demo, test, placeholder, or restoration marker.",conservative_pattern,"Automatically extracted from course-code, year, cohort, teacher, or duplicate-instance text; review before import."
499,58,"I5GCA-FST-S1- Agro-Food Industry Management","I5GCA-FST-S1- Agro-Food Industry Management",unchanged,"Agro-Food Industry Management",review,low,review_family,valid_candidate,keep,"No obvious demo, test, placeholder, or restoration marker.",conservative_pattern,"Automatically extracted from course-code, year, cohort, teacher, or duplicate-instance text; review before import."
491,58,"I5GCA-FST-S1- Automation and Control","I5GCA-FST-S1- Automation and Control",unchanged,"Automation and Control",review,low,review_family,valid_candidate,keep,"No obvious demo, test, placeholder, or restoration marker.",conservative_pattern,"Automatically extracted from course-code, year, cohort, teacher, or duplicate-instance text; review before import."
501,58,"I5GCA-FST-S1- Entrepreneurship","I5GCA-FST-S1- Entrepreneurship",unchanged,Entrepreneurship,review,low,review_family,valid_candidate,keep,"No obvious demo, test, placeholder, or restoration marker.",conservative_pattern,"Automatically extracted from course-code, year, cohort, teacher, or duplicate-instance text; review before import."
497,58,"I5GCA-FST-S1- Food Processing II","I5GCA-FST-S1- Food Processing II",unchanged,"Food Processing II",review,low,review_family,valid_candidate,keep,"No obvious demo, test, placeholder, or restoration marker.",conservative_pattern,"Automatically extracted from course-code, year, cohort, teacher, or duplicate-instance text; review before import."
495,58,"I5GCA-FST-S1- Quality Assurance","I5GCA-FST-S1- Quality Assurance",unchanged,"Quality Assurance",review,low,review_family,valid_candidate,keep,"No obvious demo, test, placeholder, or restoration marker.",conservative_pattern,"Automatically extracted from course-code, year, cohort, teacher, or duplicate-instance text; review before import."
492,58,"I5GCA-FST-S1- Seminar","I5GCA-FST-S1- Seminar",unchanged,Seminar,review,low,review_family,valid_candidate,keep,"No obvious demo, test, placeholder, or restoration marker.",conservative_pattern,"Automatically extracted from course-code, year, cohort, teacher, or duplicate-instance text; review before import."
496,58,"I5GCA-FST-S1- Sensory Evaluation","I5GCA-FST-S1- Sensory Evaluation",unchanged,"Sensory Evaluation",review,low,review_family,valid_candidate,keep,"No obvious demo, test, placeholder, or restoration marker.",conservative_pattern,"Automatically extracted from course-code, year, cohort, teacher, or duplicate-instance text; review before import."
494,58,"I5GCA-S1- English","I5GCA-S1- English",unchanged,English,review,low,review_family,valid_candidate,keep,"No obvious demo, test, placeholder, or restoration marker.",conservative_pattern,"Automatically extracted from course-code, year, cohort, teacher, or duplicate-instance text; review before import."
487,58,"I5GCA-S1- French","I5GCA-S1- French",unchanged,French,review,low,review_family,valid_candidate,keep,"No obvious demo, test, placeholder, or restoration marker.",conservative_pattern,"Automatically extracted from course-code, year, cohort, teacher, or duplicate-instance text; review before import."
1272,58,"I5GCA-S1-Food Product Development","I5GCA-S1-Food Product Development",unchanged,"Food Product Development",review,low,review_family,valid_candidate,keep,"No obvious demo, test, placeholder, or restoration marker.",conservative_pattern,"Automatically extracted from course-code, year, cohort, teacher, or duplicate-instance text; review before import."
493,58,"I5GCA-S2- Final Year Internship","I5GCA-S2- Final Year Internship",unchanged,"Final Year Internship",review,low,review_family,valid_candidate,keep,"No obvious demo, test, placeholder, or restoration marker.",conservative_pattern,"Automatically extracted from course-code, year, cohort, teacher, or duplicate-instance text; review before import."
1316,58,"I5GCATBK-FST-S1- Food Processing II","I5GCATBK-FST-S1- Food Processing II",unchanged,"Food Processing II",review,low,review_family,valid_candidate,keep,"No obvious demo, test, placeholder, or restoration marker.",conservative_pattern,"Automatically extracted from course-code, year, cohort, teacher, or duplicate-instance text; review before import."
1366,140,"I5GCI-CMIE-S1-CMII51ACD-Advanced Concrete Design and Construction","I5GCI-CMIE-S1-CMII51ACD-Advanced Concrete Design and Construction",unchanged,"Advanced Concrete Design and Construction",review,low,review_family,valid_candidate,keep,"No obvious demo, test, placeholder, or restoration marker.",conservative_pattern,"Automatically extracted from course-code, year, cohort, teacher, or duplicate-instance text; review before import."
1362,140,"I5GCI-CMIE-S1-CMII51CER-Civil Engineering Research Project 1","I5GCI-CMIE-S1-CMII51CER-Civil Engineering Research Project 1",unchanged,"Civil Engineering Research Project 1",review,low,review_family,valid_candidate,keep,"No obvious demo, test, placeholder, or restoration marker.",conservative_pattern,"Automatically extracted from course-code, year, cohort, teacher, or duplicate-instance text; review before import."
1363,140,"I5GCI-CMIE-S1-CMII51CPL-Civil Engineering Practices, Quality and Legislation","I5GCI-CMIE-S1-CMII51CPL-Civil Engineering Practices, Quality and Legislation",unchanged,"Civil Engineering Practices, Quality and Legislation",review,low,review_family,valid_candidate,keep,"No obvious demo, test, placeholder, or restoration marker.",conservative_pattern,"Automatically extracted from course-code, year, cohort, teacher, or duplicate-instance text; review before import."
1364,140,"I5GCI-CMIE-S1-CMII51ISD-Integrated Structural Design","I5GCI-CMIE-S1-CMII51ISD-Integrated Structural Design",unchanged,"Integrated Structural Design",review,low,review_family,valid_candidate,keep,"No obvious demo, test, placeholder, or restoration marker.",conservative_pattern,"Automatically extracted from course-code, year, cohort, teacher, or duplicate-instance text; review before import."
1367,140,"I5GCI-CMIE-S1-CMII51SDY-Structural Dynamics","I5GCI-CMIE-S1-CMII51SDY-Structural Dynamics",unchanged,"Structural Dynamics",review,low,review_family,valid_candidate,keep,"No obvious demo, test, placeholder, or restoration marker.",conservative_pattern,"Automatically extracted from course-code, year, cohort, teacher, or duplicate-instance text; review before import."
1365,140,"I5GCI-CMIE-S1-CMII51TRP-Traffic and Road Pavement Engineering","I5GCI-CMIE-S1-CMII51TRP-Traffic and Road Pavement Engineering",unchanged,"Traffic and Road Pavement Engineering",review,low,review_family,valid_candidate,keep,"No obvious demo, test, placeholder, or restoration marker.",conservative_pattern,"Automatically extracted from course-code, year, cohort, teacher, or duplicate-instance text; review before import."
1368,140,"I5GCI-CMIE-S2-CMII52CER-Civil Engineering Research Project 2 (Final Year Internship)","I5GCI-CMIE-S2-CMII52CER-Civil Engineering Research Project 2 (Final Year Internship)",unchanged,"Civil Engineering Research Project 2",review,low,review_family,valid_candidate,keep,"No obvious demo, test, placeholder, or restoration marker.",conservative_pattern,"Automatically extracted from course-code, year, cohort, teacher, or duplicate-instance text; review before import."
718,66,"I5GCI-S1-GCII51ATA Architectural Design Workshop V","I5GCI-S1-GCII51ATA Architectural Design Workshop V",unchanged,"Architectural Design Workshop V",review,low,review_family,valid_candidate,keep,"No obvious demo, test, placeholder, or restoration marker.",conservative_pattern,"Automatically extracted from course-code, year, cohort, teacher, or duplicate-instance text; review before import."
733,66,"I5GCI-S1-GCII51BPR Prestressed Concrete II","I5GCI-S1-GCII51BPR Prestressed Concrete II",unchanged,"Prestressed Concrete II",review,low,review_family,valid_candidate,keep,"No obvious demo, test, placeholder, or restoration marker.",conservative_pattern,"Automatically extracted from course-code, year, cohort, teacher, or duplicate-instance text; review before import."
731,66,"I5GCI-S1-GCII51CDS Structural Design by Computer Aids","I5GCI-S1-GCII51CDS Structural Design by Computer Aids",unchanged,"Structural Design by Computer Aids",review,low,review_family,valid_candidate,keep,"No obvious demo, test, placeholder, or restoration marker.",conservative_pattern,"Automatically extracted from course-code, year, cohort, teacher, or duplicate-instance text; review before import."
723,66,"I5GCI-S1-GCII51COL Construction Law","I5GCI-S1-GCII51COL Construction Law",unchanged,"Construction Law",review,low,review_family,valid_candidate,keep,"No obvious demo, test, placeholder, or restoration marker.",conservative_pattern,"Automatically extracted from course-code, year, cohort, teacher, or duplicate-instance text; review before import."
726,66,"I5GCI-S1-GCII51CTT Conception of Earthquakes","I5GCI-S1-GCII51CTT Conception of Earthquakes",unchanged,"Conception of Earthquakes",review,low,review_family,valid_candidate,keep,"No obvious demo, test, placeholder, or restoration marker.",conservative_pattern,"Automatically extracted from course-code, year, cohort, teacher, or duplicate-instance text; review before import."
734,66,"I5GCI-S1-GCII51LAN English for Work and Career: Engineering Skills","I5GCI-S1-GCII51LAN English for Work and Career: Engineering Skills",unchanged,"English for Work and Career: Engineering Skills",review,low,review_family,valid_candidate,keep,"No obvious demo, test, placeholder, or restoration marker.",conservative_pattern,"Automatically extracted from course-code, year, cohort, teacher, or duplicate-instance text; review before import."
727,66,"I5GCI-S1-GCII51LFR Professional Integration","I5GCI-S1-GCII51LFR Professional Integration",unchanged,"Professional Integration",review,low,review_family,valid_candidate,keep,"No obvious demo, test, placeholder, or restoration marker.",conservative_pattern,"Automatically extracted from course-code, year, cohort, teacher, or duplicate-instance text; review before import."
729,66,"I5GCI-S1-GCII51MAR Contract","I5GCI-S1-GCII51MAR Contract",unchanged,Contract,review,low,review_family,valid_candidate,keep,"No obvious demo, test, placeholder, or restoration marker.",conservative_pattern,"Automatically extracted from course-code, year, cohort, teacher, or duplicate-instance text; review before import."
732,66,"I5GCI-S1-GCII51MET Quantity Estimation","I5GCI-S1-GCII51MET Quantity Estimation",unchanged,"Quantity Estimation",review,low,review_family,valid_candidate,keep,"No obvious demo, test, placeholder, or restoration marker.",conservative_pattern,"Automatically extracted from course-code, year, cohort, teacher, or duplicate-instance text; review before import."
722,66,"I5GCI-S1-GCII51MRT Thesis Writing and Methodology","I5GCI-S1-GCII51MRT Thesis Writing and Methodology",unchanged,"Thesis Writing and Methodology",review,low,review_family,valid_candidate,keep,"No obvious demo, test, placeholder, or restoration marker.",conservative_pattern,"Automatically extracted from course-code, year, cohort, teacher, or duplicate-instance text; review before import."
720,66,"I5GCI-S1-GCII51MTR Cost Estimation","I5GCI-S1-GCII51MTR Cost Estimation",unchanged,"Cost Estimation",review,low,review_family,valid_candidate,keep,"No obvious demo, test, placeholder, or restoration marker.",conservative_pattern,"Automatically extracted from course-code, year, cohort, teacher, or duplicate-instance text; review before import."
724,66,"I5GCI-S1-GCII51PNF Planning","I5GCI-S1-GCII51PNF Planning",unchanged,Planning,review,low,review_family,valid_candidate,keep,"No obvious demo, test, placeholder, or restoration marker.",conservative_pattern,"Automatically extracted from course-code, year, cohort, teacher, or duplicate-instance text; review before import."
725,66,"I5GCI-S1-GCII51PON Bridge Design and Construction","I5GCI-S1-GCII51PON Bridge Design and Construction",unchanged,"Bridge Design and Construction",review,low,review_family,valid_candidate,keep,"No obvious demo, test, placeholder, or restoration marker.",conservative_pattern,"Automatically extracted from course-code, year, cohort, teacher, or duplicate-instance text; review before import."
736,66,"I5GCI-S2-GCII52SST Final Year Internship","I5GCI-S2-GCII52SST Final Year Internship",unchanged,"Final Year Internship",review,low,review_family,valid_candidate,keep,"No obvious demo, test, placeholder, or restoration marker.",conservative_pattern,"Automatically extracted from course-code, year, cohort, teacher, or duplicate-instance text; review before import."
861,71,"I5GEE-EA-S1- Embedded Electronics","I5GEE-EA-S1- Embedded Electronics",unchanged,"Embedded Electronics",review,low,review_family,valid_candidate,keep,"No obvious demo, test, placeholder, or restoration marker.",conservative_pattern,"Automatically extracted from course-code, year, cohort, teacher, or duplicate-instance text; review before import."
852,71,"I5GEE-EA-S1- Extra-Low Voltage Design","I5GEE-EA-S1- Extra-Low Voltage Design",unchanged,"Extra-Low Voltage Design",review,low,review_family,valid_candidate,keep,"No obvious demo, test, placeholder, or restoration marker.",conservative_pattern,"Automatically extracted from course-code, year, cohort, teacher, or duplicate-instance text; review before import."
862,71,"I5GEE-EA-S1- Industrial Automation","I5GEE-EA-S1- Industrial Automation",unchanged,"Industrial Automation",review,low,review_family,valid_candidate,keep,"No obvious demo, test, placeholder, or restoration marker.",conservative_pattern,"Automatically extracted from course-code, year, cohort, teacher, or duplicate-instance text; review before import."
856,71,"I5GEE-EA-S1- Project management","I5GEE-EA-S1- Project management",unchanged,"Project management",review,low,review_family,valid_candidate,keep,"No obvious demo, test, placeholder, or restoration marker.",conservative_pattern,"Automatically extracted from course-code, year, cohort, teacher, or duplicate-instance text; review before import."
855,71,"I5GEE-EA-S1- Technopreneurship","I5GEE-EA-S1- Technopreneurship",unchanged,Technopreneurship,review,low,review_family,valid_candidate,keep,"No obvious demo, test, placeholder, or restoration marker.",conservative_pattern,"Automatically extracted from course-code, year, cohort, teacher, or duplicate-instance text; review before import."
851,71,"I5GEE-EA-S1-Work Life and social psychology","I5GEE-EA-S1-Work Life and social psychology",unchanged,"Work Life and social psychology",review,low,review_family,valid_candidate,keep,"No obvious demo, test, placeholder, or restoration marker.",conservative_pattern,"Automatically extracted from course-code, year, cohort, teacher, or duplicate-instance text; review before import."
850,71,"I5GEE-EE-S1- Energy Efficiency and Conservation","I5GEE-EE-S1- Energy Efficiency and Conservation",unchanged,"Energy Efficiency and Conservation",review,low,review_family,valid_candidate,keep,"No obvious demo, test, placeholder, or restoration marker.",conservative_pattern,"Automatically extracted from course-code, year, cohort, teacher, or duplicate-instance text; review before import."
860,71,"I5GEE-EE-S1- Power System Quality and Reliability ","I5GEE-EE-S1- Power System Quality and Reliability",approved,"Power System Quality and Reliability",review,low,review_family,valid_candidate,keep,"No obvious demo, test, placeholder, or restoration marker.",conservative_pattern,"Normalized outer, repeated, or non-breaking whitespace. Automatically extracted from course-code, year, cohort, teacher, or duplicate-instance text; review before import."
844,71,"I5GEE-EE-S1- Project management","I5GEE-EE-S1- Project management",unchanged,"Project management",review,low,review_family,valid_candidate,keep,"No obvious demo, test, placeholder, or restoration marker.",conservative_pattern,"Automatically extracted from course-code, year, cohort, teacher, or duplicate-instance text; review before import."
848,71,"I5GEE-EE-S1- Technologies for sustainable energy","I5GEE-EE-S1- Technologies for sustainable energy",unchanged,"Technologies for sustainable energy",review,low,review_family,valid_candidate,keep,"No obvious demo, test, placeholder, or restoration marker.",conservative_pattern,"Automatically extracted from course-code, year, cohort, teacher, or duplicate-instance text; review before import."
864,71,"I5GEE-EE-S1- Technopreneurship","I5GEE-EE-S1- Technopreneurship",unchanged,Technopreneurship,review,low,review_family,valid_candidate,keep,"No obvious demo, test, placeholder, or restoration marker.",conservative_pattern,"Automatically extracted from course-code, year, cohort, teacher, or duplicate-instance text; review before import."
854,71,"I5GEE-EE-S1- Work Life and social psychology","I5GEE-EE-S1- Work Life and social psychology",unchanged,"Work Life and social psychology",review,low,review_family,valid_candidate,keep,"No obvious demo, test, placeholder, or restoration marker.",conservative_pattern,"Automatically extracted from course-code, year, cohort, teacher, or duplicate-instance text; review before import."
1509,156,"I5GEE-ESAS-S1-CMII51ACD-Advanced Concrete Design and Construction","I5GEE-ESAS-S1-CMII51ACD-Advanced Concrete Design and Construction",unchanged,"Advanced Concrete Design and Construction",review,low,review_family,valid_candidate,keep,"No obvious demo, test, placeholder, or restoration marker.",conservative_pattern,"Automatically extracted from course-code, year, cohort, teacher, or duplicate-instance text; review before import."
1505,156,"I5GEE-ESAS-S1-CMII51CER-Civil Engineering Research Project 1","I5GEE-ESAS-S1-CMII51CER-Civil Engineering Research Project 1",unchanged,"Civil Engineering Research Project 1",review,low,review_family,valid_candidate,keep,"No obvious demo, test, placeholder, or restoration marker.",conservative_pattern,"Automatically extracted from course-code, year, cohort, teacher, or duplicate-instance text; review before import."
1506,156,"I5GEE-ESAS-S1-CMII51CPL-Civil Engineering Practices, Quality and Legislation","I5GEE-ESAS-S1-CMII51CPL-Civil Engineering Practices, Quality and Legislation",unchanged,"Civil Engineering Practices, Quality and Legislation",review,low,review_family,valid_candidate,keep,"No obvious demo, test, placeholder, or restoration marker.",conservative_pattern,"Automatically extracted from course-code, year, cohort, teacher, or duplicate-instance text; review before import."
1507,156,"I5GEE-ESAS-S1-CMII51ISD-Integrated Structural Design","I5GEE-ESAS-S1-CMII51ISD-Integrated Structural Design",unchanged,"Integrated Structural Design",review,low,review_family,valid_candidate,keep,"No obvious demo, test, placeholder, or restoration marker.",conservative_pattern,"Automatically extracted from course-code, year, cohort, teacher, or duplicate-instance text; review before import."
1510,156,"I5GEE-ESAS-S1-CMII51SDY-Structural Dynamics","I5GEE-ESAS-S1-CMII51SDY-Structural Dynamics",unchanged,"Structural Dynamics",review,low,review_family,valid_candidate,keep,"No obvious demo, test, placeholder, or restoration marker.",conservative_pattern,"Automatically extracted from course-code, year, cohort, teacher, or duplicate-instance text; review before import."
1508,156,"I5GEE-ESAS-S1-CMII51TRP-Traffic and Road Pavement Engineering","I5GEE-ESAS-S1-CMII51TRP-Traffic and Road Pavement Engineering",unchanged,"Traffic and Road Pavement Engineering",review,low,review_family,valid_candidate,keep,"No obvious demo, test, placeholder, or restoration marker.",conservative_pattern,"Automatically extracted from course-code, year, cohort, teacher, or duplicate-instance text; review before import."
1511,156,"I5GEE-ESAS-S2-CMII52CER-Civil Engineering Research Project 2 (Final Year Internship)","I5GEE-ESAS-S2-CMII52CER-Civil Engineering Research Project 2 (Final Year Internship)",unchanged,"Civil Engineering Research Project 2",review,low,review_family,valid_candidate,keep,"No obvious demo, test, placeholder, or restoration marker.",conservative_pattern,"Automatically extracted from course-code, year, cohort, teacher, or duplicate-instance text; review before import."
853,71,"I5GEE-S1- English","I5GEE-S1- English",unchanged,English,review,low,review_family,valid_candidate,keep,"No obvious demo, test, placeholder, or restoration marker.",conservative_pattern,"Automatically extracted from course-code, year, cohort, teacher, or duplicate-instance text; review before import."
846,71,"I5GEE-S1- English I","I5GEE-S1- English I",unchanged,"English I",review,low,review_family,valid_candidate,keep,"No obvious demo, test, placeholder, or restoration marker.",conservative_pattern,"Automatically extracted from course-code, year, cohort, teacher, or duplicate-instance text; review before import."
858,71,"I5GEE-S1- English II","I5GEE-S1- English II",unchanged,"English II",review,low,review_family,valid_candidate,keep,"No obvious demo, test, placeholder, or restoration marker.",conservative_pattern,"Automatically extracted from course-code, year, cohort, teacher, or duplicate-instance text; review before import."
847,71,"I5GEE-S1- French I","I5GEE-S1- French I",unchanged,"French I",review,low,review_family,valid_candidate,keep,"No obvious demo, test, placeholder, or restoration marker.",conservative_pattern,"Automatically extracted from course-code, year, cohort, teacher, or duplicate-instance text; review before import."
345,50,"I5GGG-S1-GGGI51EMM Economics and Management of mineral resources","I5GGG-S1-GGGI51EMM Economics and Management of mineral resources",unchanged,"Economics and Management of mineral resources",review,low,review_family,valid_candidate,keep,"No obvious demo, test, placeholder, or restoration marker.",conservative_pattern,"Automatically extracted from course-code, year, cohort, teacher, or duplicate-instance text; review before import."
340,50,"I5GGG-S1-GGGI51FE2 Foundation engineering II","I5GGG-S1-GGGI51FE2 Foundation engineering II",unchanged,"Foundation engineering II",review,low,review_family,valid_candidate,keep,"No obvious demo, test, placeholder, or restoration marker.",conservative_pattern,"Automatically extracted from course-code, year, cohort, teacher, or duplicate-instance text; review before import."
349,50,"I5GGG-S1-GGGI51FPE Fundamental of petroleum engineering","I5GGG-S1-GGGI51FPE Fundamental of petroleum engineering",unchanged,"Fundamental of petroleum engineering",review,low,review_family,valid_candidate,keep,"No obvious demo, test, placeholder, or restoration marker.",conservative_pattern,"Automatically extracted from course-code, year, cohort, teacher, or duplicate-instance text; review before import."
11,50,"I5GGG-S1-GGGI51GEE Geo-environment","I5GGG-S1-GGGI51GEE Geo-environment",unchanged,Geo-environment,review,low,review_family,valid_candidate,keep,"No obvious demo, test, placeholder, or restoration marker.",conservative_pattern,"Automatically extracted from course-code, year, cohort, teacher, or duplicate-instance text; review before import."
342,50,"I5GGG-S1-GGGI51GSC Exploitation of gravel, sand and clay","I5GGG-S1-GGGI51GSC Exploitation of gravel, sand and clay",unchanged,"Exploitation of gravel, sand and clay",review,low,review_family,valid_candidate,keep,"No obvious demo, test, placeholder, or restoration marker.",conservative_pattern,"Automatically extracted from course-code, year, cohort, teacher, or duplicate-instance text; review before import."
351,50,"I5GGG-S1-GGGI51LAN English","I5GGG-S1-GGGI51LAN English",unchanged,English,review,low,review_family,valid_candidate,keep,"No obvious demo, test, placeholder, or restoration marker.",conservative_pattern,"Automatically extracted from course-code, year, cohort, teacher, or duplicate-instance text; review before import."
339,50,"I5GGG-S1-GGGI51LFR French","I5GGG-S1-GGGI51LFR French",unchanged,French,review,low,review_family,valid_candidate,keep,"No obvious demo, test, placeholder, or restoration marker.",conservative_pattern,"Automatically extracted from course-code, year, cohort, teacher, or duplicate-instance text; review before import."
348,50,"I5GGG-S1-GGGI51MIP Mineral processing","I5GGG-S1-GGGI51MIP Mineral processing",unchanged,"Mineral processing",review,low,review_family,valid_candidate,keep,"No obvious demo, test, placeholder, or restoration marker.",conservative_pattern,"Automatically extracted from course-code, year, cohort, teacher, or duplicate-instance text; review before import."
344,50,"I5GGG-S1-GGGI51MPM Mining project management","I5GGG-S1-GGGI51MPM Mining project management",unchanged,"Mining project management",review,low,review_family,valid_candidate,keep,"No obvious demo, test, placeholder, or restoration marker.",conservative_pattern,"Automatically extracted from course-code, year, cohort, teacher, or duplicate-instance text; review before import."
343,50,"I5GGG-S1-GGGI51OGD Oil and Gas resources development","I5GGG-S1-GGGI51OGD Oil and Gas resources development",unchanged,"Oil and Gas resources development",review,low,review_family,valid_candidate,keep,"No obvious demo, test, placeholder, or restoration marker.",conservative_pattern,"Automatically extracted from course-code, year, cohort, teacher, or duplicate-instance text; review before import."
347,50,"I5GGG-S1-GGGI51WSE Work safety and Ethics","I5GGG-S1-GGGI51WSE Work safety and Ethics",unchanged,"Work safety and Ethics",review,low,review_family,valid_candidate,keep,"No obvious demo, test, placeholder, or restoration marker.",conservative_pattern,"Automatically extracted from course-code, year, cohort, teacher, or duplicate-instance text; review before import."
341,50,"I5GGG-S2-GGGI52FYP Final Year Internship","I5GGG-S2-GGGI52FYP Final Year Internship",unchanged,"Final Year Internship",review,low,review_family,valid_candidate,keep,"No obvious demo, test, placeholder, or restoration marker.",conservative_pattern,"Automatically extracted from course-code, year, cohort, teacher, or duplicate-instance text; review before import."
1398,144,"I5GIC-AI-S1-AICS511-Digital Forensics","I5GIC-AI-S1-AICS511-Digital Forensics",unchanged,"Digital Forensics",review,low,review_family,valid_candidate,keep,"No obvious demo, test, placeholder, or restoration marker.",conservative_pattern,"Automatically extracted from course-code, year, cohort, teacher, or duplicate-instance text; review before import."
1399,144,"I5GIC-AI-S1-AICS512-Cyber Attack","I5GIC-AI-S1-AICS512-Cyber Attack",unchanged,"Cyber Attack",review,low,review_family,valid_candidate,keep,"No obvious demo, test, placeholder, or restoration marker.",conservative_pattern,"Automatically extracted from course-code, year, cohort, teacher, or duplicate-instance text; review before import."
1400,144,"I5GIC-AI-S1-AICS513-Risk Management","I5GIC-AI-S1-AICS513-Risk Management",unchanged,"Risk Management",review,low,review_family,valid_candidate,keep,"No obvious demo, test, placeholder, or restoration marker.",conservative_pattern,"Automatically extracted from course-code, year, cohort, teacher, or duplicate-instance text; review before import."
1401,144,"I5GIC-AI-S1-AICS514-Capstone Project Cybersecurity","I5GIC-AI-S1-AICS514-Capstone Project Cybersecurity",unchanged,"Capstone Project Cybersecurity",review,low,review_family,valid_candidate,keep,"No obvious demo, test, placeholder, or restoration marker.",conservative_pattern,"Automatically extracted from course-code, year, cohort, teacher, or duplicate-instance text; review before import."
1402,144,"I5GIC-AI-S2-AICS521-Internship 1 (year 4)","I5GIC-AI-S2-AICS521-Internship 1 (year 4)",unchanged,"Internship 1 (year 4)",review,low,review_family,valid_candidate,keep,"No obvious demo, test, placeholder, or restoration marker.",conservative_pattern,"Automatically extracted from course-code, year, cohort, teacher, or duplicate-instance text; review before import."
1403,144,"I5GIC-AI-S2-AICS522-Internship 2 (year 5)","I5GIC-AI-S2-AICS522-Internship 2 (year 5)",unchanged,"Internship 2 (year 5)",review,low,review_family,valid_candidate,keep,"No obvious demo, test, placeholder, or restoration marker.",conservative_pattern,"Automatically extracted from course-code, year, cohort, teacher, or duplicate-instance text; review before import."
1622,47,I5GIC-Internship2024,I5GIC-Internship2024,unchanged,Internship2024,review,low,review_family,valid_candidate,keep,"No obvious demo, test, placeholder, or restoration marker.",conservative_pattern,"Automatically extracted from course-code, year, cohort, teacher, or duplicate-instance text; review before import."
291,47,"I5GIC-S1-GICI42STA Internship Report","I5GIC-S1-GICI42STA Internship Report",unchanged,"Internship Report",review,low,review_family,valid_candidate,keep,"No obvious demo, test, placeholder, or restoration marker.",conservative_pattern,"Automatically extracted from course-code, year, cohort, teacher, or duplicate-instance text; review before import."
287,47,"I5GIC-S1-GICI51CC Cloud Computing-ccun","I5GIC-S1-GICI51CC Cloud Computing-ccun",unchanged,"Cloud Computing",review,low,review_family,valid_candidate,keep,"No obvious demo, test, placeholder, or restoration marker.",conservative_pattern,"Automatically extracted from course-code, year, cohort, teacher, or duplicate-instance text; review before import."
292,47,"I5GIC-S1-GICI51CPI IT Project Management-ccun","I5GIC-S1-GICI51CPI IT Project Management-ccun",unchanged,"IT Project Management",review,low,review_family,valid_candidate,keep,"No obvious demo, test, placeholder, or restoration marker.",conservative_pattern,"Automatically extracted from course-code, year, cohort, teacher, or duplicate-instance text; review before import."
296,47,"I5GIC-S1-GICI51DM Data Mining","I5GIC-S1-GICI51DM Data Mining",unchanged,"Data Mining",review,low,review_family,valid_candidate,keep,"No obvious demo, test, placeholder, or restoration marker.",conservative_pattern,"Automatically extracted from course-code, year, cohort, teacher, or duplicate-instance text; review before import."
1322,47,"I5GIC-S1-GICI51INA Artificial Intelligence","I5GIC-S1-GICI51INA Artificial Intelligence",unchanged,"Artificial Intelligence",review,low,review_family,valid_candidate,keep,"No obvious demo, test, placeholder, or restoration marker.",conservative_pattern,"Automatically extracted from course-code, year, cohort, teacher, or duplicate-instance text; review before import."
290,47,"I5GIC-S1-GICI51INA Artificial Intelligence 2022OldMaterials","I5GIC-S1-GICI51INA Artificial Intelligence 2022OldMaterials",unchanged,"Artificial Intelligence 2022OldMaterials",review,low,review_family,valid_candidate,keep,"No obvious demo, test, placeholder, or restoration marker.",conservative_pattern,"Automatically extracted from course-code, year, cohort, teacher, or duplicate-instance text; review before import."
297,47,"I5GIC-S1-GICI51INS Information Security-ccun","I5GIC-S1-GICI51INS Information Security-ccun",unchanged,"Information Security",review,low,review_family,valid_candidate,keep,"No obvious demo, test, placeholder, or restoration marker.",conservative_pattern,"Automatically extracted from course-code, year, cohort, teacher, or duplicate-instance text; review before import."
288,47,"I5GIC-S1-GICI51MOS Modeling and Simulation","I5GIC-S1-GICI51MOS Modeling and Simulation",unchanged,"Modeling and Simulation",review,low,review_family,valid_candidate,keep,"No obvious demo, test, placeholder, or restoration marker.",conservative_pattern,"Automatically extracted from course-code, year, cohort, teacher, or duplicate-instance text; review before import."
1280,47,"I5GIC-S1-GICI51NLP Natural Language Processing-ccun","I5GIC-S1-GICI51NLP Natural Language Processing-ccun",unchanged,"Natural Language Processing",review,low,review_family,valid_candidate,keep,"No obvious demo, test, placeholder, or restoration marker.",conservative_pattern,"Automatically extracted from course-code, year, cohort, teacher, or duplicate-instance text; review before import."
19,47,"I5GIC-S1-GICI51NLP Natural Language Processing2022old","I5GIC-S1-GICI51NLP Natural Language Processing2022old",unchanged,"Natural Language Processing2022old",review,low,review_family,valid_candidate,keep,"No obvious demo, test, placeholder, or restoration marker.",conservative_pattern,"Automatically extracted from course-code, year, cohort, teacher, or duplicate-instance text; review before import."
289,47,"I5GIC-S1-GICI51RAS Networks Security-ccun","I5GIC-S1-GICI51RAS Networks Security-ccun",unchanged,"Networks Security",review,low,review_family,valid_candidate,keep,"No obvious demo, test, placeholder, or restoration marker.",conservative_pattern,"Automatically extracted from course-code, year, cohort, teacher, or duplicate-instance text; review before import."
298,47,"I5GIC-S1-GICI51RM Research Methodology","I5GIC-S1-GICI51RM Research Methodology",unchanged,"Research Methodology",review,low,review_family,valid_candidate,keep,"No obvious demo, test, placeholder, or restoration marker.",conservative_pattern,"Automatically extracted from course-code, year, cohort, teacher, or duplicate-instance text; review before import."
295,47,"I5GIC-S1-GICI51SAD System Architecture Design","I5GIC-S1-GICI51SAD System Architecture Design",unchanged,"System Architecture Design",review,low,review_family,valid_candidate,keep,"No obvious demo, test, placeholder, or restoration marker.",conservative_pattern,"Automatically extracted from course-code, year, cohort, teacher, or duplicate-instance text; review before import."
13,47,"I5GIC-S1-GICI51TRM Image Processing OLD","I5GIC-S1-GICI51TRM Image Processing OLD",unchanged,"Image Processing",review,low,review_family,historical_course,keep,"Hidden legacy course with substantial enrollments, completions, and historical activity.",conservative_pattern,"Automatically extracted from course-code, year, cohort, teacher, or duplicate-instance text; review before import."
1705,47,"I5GIC-S1-GICI51TRM Image Processing-e","I5GIC-S1-GICI51TRM Image Processing-e",unchanged,"Image Processing-e",review,low,review_family,valid_candidate,keep,"No obvious demo, test, placeholder, or restoration marker.",conservative_pattern,"Automatically extracted from course-code, year, cohort, teacher, or duplicate-instance text; review before import."
293,47,"I5GIC-S1-XXXIXXLAN English for Work and Career: Engineering Skills","I5GIC-S1-XXXIXXLAN English for Work and Career: Engineering Skills",unchanged,"XXXIXXLAN English for Work and Career: Engineering Skills",review,low,review_family,valid_candidate,keep,"No obvious demo, test, placeholder, or restoration marker.",conservative_pattern,"Automatically extracted from course-code, year, cohort, teacher, or duplicate-instance text; review before import."
294,47,"I5GIC-S1-XXXIXXLFR Professional Integration","I5GIC-S1-XXXIXXLFR Professional Integration",unchanged,"XXXIXXLFR Professional Integration",review,low,review_family,valid_candidate,keep,"No obvious demo, test, placeholder, or restoration marker.",conservative_pattern,"Automatically extracted from course-code, year, cohort, teacher, or duplicate-instance text; review before import."
299,47,"I5GIC-S2-GICI52STA Final Year Internship","I5GIC-S2-GICI52STA Final Year Internship",unchanged,"Final Year Internship",review,low,review_family,valid_candidate,keep,"No obvious demo, test, placeholder, or restoration marker.",conservative_pattern,"Automatically extracted from course-code, year, cohort, teacher, or duplicate-instance text; review before import."
1435,148,"I5GIC-SE-S1-CCPT034-Capstone Computing Project 2 ","I5GIC-SE-S1-CCPT034-Capstone Computing Project 2",approved,"Capstone Computing Project 2",review,low,review_family,valid_candidate,keep,"No obvious demo, test, placeholder, or restoration marker.",conservative_pattern,"Normalized outer, repeated, or non-breaking whitespace. Automatically extracted from course-code, year, cohort, teacher, or duplicate-instance text; review before import."
1438,148,"I5GIC-SE-S1-DPDP037-Data Privacy and Data Protection ","I5GIC-SE-S1-DPDP037-Data Privacy and Data Protection",approved,"Data Privacy and Data Protection",review,low,review_family,valid_candidate,keep,"No obvious demo, test, placeholder, or restoration marker.",conservative_pattern,"Normalized outer, repeated, or non-breaking whitespace. Automatically extracted from course-code, year, cohort, teacher, or duplicate-instance text; review before import."
1436,148,"I5GIC-SE-S1-SOEN035-Software Engineering ","I5GIC-SE-S1-SOEN035-Software Engineering",approved,"Software Engineering",review,low,review_family,valid_candidate,keep,"No obvious demo, test, placeholder, or restoration marker.",conservative_pattern,"Normalized outer, repeated, or non-breaking whitespace. Automatically extracted from course-code, year, cohort, teacher, or duplicate-instance text; review before import."
1437,148,"I5GIC-SE-S1-SYAD036-System Administration ","I5GIC-SE-S1-SYAD036-System Administration",approved,"System Administration",review,low,review_family,valid_candidate,keep,"No obvious demo, test, placeholder, or restoration marker.",conservative_pattern,"Normalized outer, repeated, or non-breaking whitespace. Automatically extracted from course-code, year, cohort, teacher, or duplicate-instance text; review before import."
1439,148,"I5GIC-SE-S2-Internship 1 (year 4) ","I5GIC-SE-S2-Internship 1 (year 4)",approved,"Internship 1 (year 4)",review,low,review_family,valid_candidate,keep,"No obvious demo, test, placeholder, or restoration marker.",conservative_pattern,"Normalized outer, repeated, or non-breaking whitespace. Automatically extracted from course-code, year, cohort, teacher, or duplicate-instance text; review before import."
1440,148,"I5GIC-SE-S2-Internship 2 (year 5) ","I5GIC-SE-S2-Internship 2 (year 5)",approved,"Internship 2 (year 5)",review,low,review_family,valid_candidate,keep,"No obvious demo, test, placeholder, or restoration marker.",conservative_pattern,"Normalized outer, repeated, or non-breaking whitespace. Automatically extracted from course-code, year, cohort, teacher, or duplicate-instance text; review before import."
598,63,"I5GIM-S1-INDI51CDE Design of Experiments","I5GIM-S1-INDI51CDE Design of Experiments",unchanged,"Design of Experiments",review,low,review_family,valid_candidate,keep,"No obvious demo, test, placeholder, or restoration marker.",conservative_pattern,"Automatically extracted from course-code, year, cohort, teacher, or duplicate-instance text; review before import."
597,63,"I5GIM-S1-INDI51ESS Engineering Ethics, Health and Safety","I5GIM-S1-INDI51ESS Engineering Ethics, Health and Safety",unchanged,"Engineering Ethics, Health and Safety",review,low,review_family,valid_candidate,keep,"No obvious demo, test, placeholder, or restoration marker.",conservative_pattern,"Automatically extracted from course-code, year, cohort, teacher, or duplicate-instance text; review before import."
591,63,"I5GIM-S1-INDI51GDP Operations Management","I5GIM-S1-INDI51GDP Operations Management",unchanged,"Operations Management",review,low,review_family,valid_candidate,keep,"No obvious demo, test, placeholder, or restoration marker.",conservative_pattern,"Automatically extracted from course-code, year, cohort, teacher, or duplicate-instance text; review before import."
599,63,"I5GIM-S1-INDI51LDA English for Work and Career: Engineering Skills","I5GIM-S1-INDI51LDA English for Work and Career: Engineering Skills",unchanged,"English for Work and Career: Engineering Skills",review,low,review_family,valid_candidate,keep,"No obvious demo, test, placeholder, or restoration marker.",conservative_pattern,"Automatically extracted from course-code, year, cohort, teacher, or duplicate-instance text; review before import."
604,63,"I5GIM-S1-INDI51MDR Research Methodology","I5GIM-S1-INDI51MDR Research Methodology",unchanged,"Research Methodology",review,low,review_family,valid_candidate,keep,"No obvious demo, test, placeholder, or restoration marker.",conservative_pattern,"Automatically extracted from course-code, year, cohort, teacher, or duplicate-instance text; review before import."
602,63,"I5GIM-S1-INDI51MIP Professional Integration","I5GIM-S1-INDI51MIP Professional Integration",unchanged,"Professional Integration",review,low,review_family,valid_candidate,keep,"No obvious demo, test, placeholder, or restoration marker.",conservative_pattern,"Automatically extracted from course-code, year, cohort, teacher, or duplicate-instance text; review before import."
588,63,"I5GIM-S1-INDI51PIA Advanced Manufacturing Process","I5GIM-S1-INDI51PIA Advanced Manufacturing Process",unchanged,"Advanced Manufacturing Process",review,low,review_family,valid_candidate,keep,"No obvious demo, test, placeholder, or restoration marker.",conservative_pattern,"Automatically extracted from course-code, year, cohort, teacher, or duplicate-instance text; review before import."
590,63,"I5GIM-S1-INDI51RGT Regulation","I5GIM-S1-INDI51RGT Regulation",unchanged,Regulation,review,low,review_family,valid_candidate,keep,"No obvious demo, test, placeholder, or restoration marker.",conservative_pattern,"Automatically extracted from course-code, year, cohort, teacher, or duplicate-instance text; review before import."
595,63,"I5GIM-S1-INDI51SL2 Lean Manufacturing II","I5GIM-S1-INDI51SL2 Lean Manufacturing II",unchanged,"Lean Manufacturing II",review,low,review_family,valid_candidate,keep,"No obvious demo, test, placeholder, or restoration marker.",conservative_pattern,"Automatically extracted from course-code, year, cohort, teacher, or duplicate-instance text; review before import."
592,63,"I5GIM-S1-INDI51TVC Green Boiler Technology","I5GIM-S1-INDI51TVC Green Boiler Technology",unchanged,"Green Boiler Technology",review,low,review_family,valid_candidate,keep,"No obvious demo, test, placeholder, or restoration marker.",conservative_pattern,"Automatically extracted from course-code, year, cohort, teacher, or duplicate-instance text; review before import."
583,63,"I5GIM-S1-MECI51CEL Power Plant Engineering","I5GIM-S1-MECI51CEL Power Plant Engineering",unchanged,"Power Plant Engineering",review,low,review_family,valid_candidate,keep,"No obvious demo, test, placeholder, or restoration marker.",conservative_pattern,"Automatically extracted from course-code, year, cohort, teacher, or duplicate-instance text; review before import."
594,63,"I5GIM-S1-MECI51ENR New and Renewable Energies","I5GIM-S1-MECI51ENR New and Renewable Energies",unchanged,"New and Renewable Energies",review,low,review_family,valid_candidate,keep,"No obvious demo, test, placeholder, or restoration marker.",conservative_pattern,"Automatically extracted from course-code, year, cohort, teacher, or duplicate-instance text; review before import."
586,63,"I5GIM-S1-MECI51FC2 Refrigeration and Air Conditioning II","I5GIM-S1-MECI51FC2 Refrigeration and Air Conditioning II",unchanged,"Refrigeration and Air Conditioning II",review,low,review_family,valid_candidate,keep,"No obvious demo, test, placeholder, or restoration marker.",conservative_pattern,"Automatically extracted from course-code, year, cohort, teacher, or duplicate-instance text; review before import."
601,63,"I5GIM-S1-MECI51LDA English for Work and Career: Engineering Skills","I5GIM-S1-MECI51LDA English for Work and Career: Engineering Skills",unchanged,"English for Work and Career: Engineering Skills",review,low,review_family,valid_candidate,keep,"No obvious demo, test, placeholder, or restoration marker.",conservative_pattern,"Automatically extracted from course-code, year, cohort, teacher, or duplicate-instance text; review before import."
267,63,"I5GIM-S1-MECI51MDR Research Methodology","I5GIM-S1-MECI51MDR Research Methodology",unchanged,"Research Methodology",review,low,review_family,valid_candidate,keep,"No obvious demo, test, placeholder, or restoration marker.",conservative_pattern,"Automatically extracted from course-code, year, cohort, teacher, or duplicate-instance text; review before import."
603,63,"I5GIM-S1-MECI51MIP Professional Integration","I5GIM-S1-MECI51MIP Professional Integration",unchanged,"Professional Integration",review,low,review_family,valid_candidate,keep,"No obvious demo, test, placeholder, or restoration marker.",conservative_pattern,"Automatically extracted from course-code, year, cohort, teacher, or duplicate-instance text; review before import."
582,63,"I5GIM-S1-MECI51OGE Enterprises organization and management","I5GIM-S1-MECI51OGE Enterprises organization and management",unchanged,"Enterprises organization and management",review,low,review_family,valid_candidate,keep,"No obvious demo, test, placeholder, or restoration marker.",conservative_pattern,"Automatically extracted from course-code, year, cohort, teacher, or duplicate-instance text; review before import."
589,63,"I5GIM-S1-MECI51PFC Refrigeration and Air Conditioning Project","I5GIM-S1-MECI51PFC Refrigeration and Air Conditioning Project",unchanged,"Refrigeration and Air Conditioning Project",review,low,review_family,valid_candidate,keep,"No obvious demo, test, placeholder, or restoration marker.",conservative_pattern,"Automatically extracted from course-code, year, cohort, teacher, or duplicate-instance text; review before import."
596,63,"I5GIM-S1-MECI51TDL Thermics of Locales","I5GIM-S1-MECI51TDL Thermics of Locales",unchanged,"Thermics of Locales",review,low,review_family,valid_candidate,keep,"No obvious demo, test, placeholder, or restoration marker.",conservative_pattern,"Automatically extracted from course-code, year, cohort, teacher, or duplicate-instance text; review before import."
587,63,"I5GIM-S1-MECI51TDM Theory of Engines","I5GIM-S1-MECI51TDM Theory of Engines",unchanged,"Theory of Engines",review,low,review_family,valid_candidate,keep,"No obvious demo, test, placeholder, or restoration marker.",conservative_pattern,"Automatically extracted from course-code, year, cohort, teacher, or duplicate-instance text; review before import."
585,63,"I5GIM-S1-MECI51VBT Vibration","I5GIM-S1-MECI51VBT Vibration",unchanged,Vibration,review,low,review_family,valid_candidate,keep,"No obvious demo, test, placeholder, or restoration marker.",conservative_pattern,"Automatically extracted from course-code, year, cohort, teacher, or duplicate-instance text; review before import."
593,63,"I5GIM-S2-INDI52SFE Final Year Internship","I5GIM-S2-INDI52SFE Final Year Internship",unchanged,"Final Year Internship",review,low,review_family,valid_candidate,keep,"No obvious demo, test, placeholder, or restoration marker.",conservative_pattern,"Automatically extracted from course-code, year, cohort, teacher, or duplicate-instance text; review before import."
584,63,"I5GIM-S2-MECI52SFE Final Year Internship","I5GIM-S2-MECI52SFE Final Year Internship",unchanged,"Final Year Internship",review,low,review_family,valid_candidate,keep,"No obvious demo, test, placeholder, or restoration marker.",conservative_pattern,"Automatically extracted from course-code, year, cohort, teacher, or duplicate-instance text; review before import."
406,53,"I5GRU-S1-GRUI42ITR Internship Report","I5GRU-S1-GRUI42ITR Internship Report",unchanged,"Internship Report",review,low,review_family,valid_candidate,keep,"No obvious demo, test, placeholder, or restoration marker.",conservative_pattern,"Automatically extracted from course-code, year, cohort, teacher, or duplicate-instance text; review before import."
405,53,"I5GRU-S1-GRUI51LAN English","I5GRU-S1-GRUI51LAN English",unchanged,English,review,low,review_family,valid_candidate,keep,"No obvious demo, test, placeholder, or restoration marker.",conservative_pattern,"Automatically extracted from course-code, year, cohort, teacher, or duplicate-instance text; review before import."
413,53,"I5GRU-S1-GRUI51LAN English for Work and Career: Engineering Skills","I5GRU-S1-GRUI51LAN English for Work and Career: Engineering Skills",unchanged,"English for Work and Career: Engineering Skills",review,low,review_family,valid_candidate,keep,"No obvious demo, test, placeholder, or restoration marker.",conservative_pattern,"Automatically extracted from course-code, year, cohort, teacher, or duplicate-instance text; review before import."
401,53,"I5GRU-S1-GRUI51LFR French","I5GRU-S1-GRUI51LFR French",unchanged,French,review,low,review_family,valid_candidate,keep,"No obvious demo, test, placeholder, or restoration marker.",conservative_pattern,"Automatically extracted from course-code, year, cohort, teacher, or duplicate-instance text; review before import."
420,53,"I5GRU-S1-GRUI51LFR Professional Integration","I5GRU-S1-GRUI51LFR Professional Integration",unchanged,"Professional Integration",review,low,review_family,valid_candidate,keep,"No obvious demo, test, placeholder, or restoration marker.",conservative_pattern,"Automatically extracted from course-code, year, cohort, teacher, or duplicate-instance text; review before import."
416,53,"I5GRU-S1-WEEI51DWT Design of Wastewater Treatment and Collection System","I5GRU-S1-WEEI51DWT Design of Wastewater Treatment and Collection System",unchanged,"Design of Wastewater Treatment and Collection System",review,low,review_family,valid_candidate,keep,"No obvious demo, test, placeholder, or restoration marker.",conservative_pattern,"Automatically extracted from course-code, year, cohort, teacher, or duplicate-instance text; review before import."
418,53,"I5GRU-S1-WEEI51EEP Environmental Engineering Project","I5GRU-S1-WEEI51EEP Environmental Engineering Project",unchanged,"Environmental Engineering Project",review,low,review_family,valid_candidate,keep,"No obvious demo, test, placeholder, or restoration marker.",conservative_pattern,"Automatically extracted from course-code, year, cohort, teacher, or duplicate-instance text; review before import."
411,53,"I5GRU-S1-WEEI51EIA Environmental Impact Assessment","I5GRU-S1-WEEI51EIA Environmental Impact Assessment",unchanged,"Environmental Impact Assessment",review,low,review_family,valid_candidate,keep,"No obvious demo, test, placeholder, or restoration marker.",conservative_pattern,"Automatically extracted from course-code, year, cohort, teacher, or duplicate-instance text; review before import."
412,53,"I5GRU-S1-WEEI51RSM Research Methodology ","I5GRU-S1-WEEI51RSM Research Methodology",approved,"Research Methodology",review,low,review_family,valid_candidate,keep,"No obvious demo, test, placeholder, or restoration marker.",conservative_pattern,"Normalized outer, repeated, or non-breaking whitespace. Automatically extracted from course-code, year, cohort, teacher, or duplicate-instance text; review before import."
414,53,"I5GRU-S1-WEEI51SGE Sustainable and Green Energy Systems","I5GRU-S1-WEEI51SGE Sustainable and Green Energy Systems",unchanged,"Sustainable and Green Energy Systems",review,low,review_family,valid_candidate,keep,"No obvious demo, test, placeholder, or restoration marker.",conservative_pattern,"Automatically extracted from course-code, year, cohort, teacher, or duplicate-instance text; review before import."
417,53,"I5GRU-S1-WEEI51SWM Solid Waste Management","I5GRU-S1-WEEI51SWM Solid Waste Management",unchanged,"Solid Waste Management",review,low,review_family,valid_candidate,keep,"No obvious demo, test, placeholder, or restoration marker.",conservative_pattern,"Automatically extracted from course-code, year, cohort, teacher, or duplicate-instance text; review before import."
419,53,"I5GRU-S1-WEEI51UDS Urban Drainage and Sewage System","I5GRU-S1-WEEI51UDS Urban Drainage and Sewage System",unchanged,"Urban Drainage and Sewage System",review,low,review_family,valid_candidate,keep,"No obvious demo, test, placeholder, or restoration marker.",conservative_pattern,"Automatically extracted from course-code, year, cohort, teacher, or duplicate-instance text; review before import."
410,53,"I5GRU-S1-WEEI51WSF Work Safety","I5GRU-S1-WEEI51WSF Work Safety",unchanged,"Work Safety",review,low,review_family,valid_candidate,keep,"No obvious demo, test, placeholder, or restoration marker.",conservative_pattern,"Automatically extracted from course-code, year, cohort, teacher, or duplicate-instance text; review before import."
415,53,"I5GRU-S1-WRII51CEC Cost Estimating and Contracting","I5GRU-S1-WRII51CEC Cost Estimating and Contracting",unchanged,"Cost Estimating and Contracting",review,low,review_family,valid_candidate,keep,"No obvious demo, test, placeholder, or restoration marker.",conservative_pattern,"Automatically extracted from course-code, year, cohort, teacher, or duplicate-instance text; review before import."
20,53,"I5GRU-S1-WRII51CIA Climate Change Impacts and Adaptation-e","I5GRU-S1-WRII51CIA Climate Change Impacts and Adaptation-e",unchanged,"Climate Change Impacts and Adaptation-e",review,low,review_family,valid_candidate,keep,"No obvious demo, test, placeholder, or restoration marker.",conservative_pattern,"Automatically extracted from course-code, year, cohort, teacher, or duplicate-instance text; review before import."
400,53,"I5GRU-S1-WRII51HYS Hydraulic Structures","I5GRU-S1-WRII51HYS Hydraulic Structures",unchanged,"Hydraulic Structures",review,low,review_family,valid_candidate,keep,"No obvious demo, test, placeholder, or restoration marker.",conservative_pattern,"Automatically extracted from course-code, year, cohort, teacher, or duplicate-instance text; review before import."
407,53,"I5GRU-S1-WRII51LMN Land Management","I5GRU-S1-WRII51LMN Land Management",unchanged,"Land Management",review,low,review_family,valid_candidate,keep,"No obvious demo, test, placeholder, or restoration marker.",conservative_pattern,"Automatically extracted from course-code, year, cohort, teacher, or duplicate-instance text; review before import."
408,53,"I5GRU-S1-WRII51MDP Multi-Disciplinary Design Project","I5GRU-S1-WRII51MDP Multi-Disciplinary Design Project",unchanged,"Multi-Disciplinary Design Project",review,low,review_family,valid_candidate,keep,"No obvious demo, test, placeholder, or restoration marker.",conservative_pattern,"Automatically extracted from course-code, year, cohort, teacher, or duplicate-instance text; review before import."
402,53,"I5GRU-S1-WRII51WRE Water Resources Economics","I5GRU-S1-WRII51WRE Water Resources Economics",unchanged,"Water Resources Economics",review,low,review_family,valid_candidate,keep,"No obvious demo, test, placeholder, or restoration marker.",conservative_pattern,"Automatically extracted from course-code, year, cohort, teacher, or duplicate-instance text; review before import."
409,53,"I5GRU-S2-GRUI52FYI Final Year Internship","I5GRU-S2-GRUI52FYI Final Year Internship",unchanged,"Final Year Internship",review,low,review_family,valid_candidate,keep,"No obvious demo, test, placeholder, or restoration marker.",conservative_pattern,"Automatically extracted from course-code, year, cohort, teacher, or duplicate-instance text; review before import."
1470,152,"I5GRU-SEB-S1-Circular Economic Project  ","I5GRU-SEB-S1-Circular Economic Project",approved,"Circular Economic Project",review,low,review_family,valid_candidate,keep,"No obvious demo, test, placeholder, or restoration marker.",conservative_pattern,"Normalized outer, repeated, or non-breaking whitespace. Automatically extracted from course-code, year, cohort, teacher, or duplicate-instance text; review before import."
1469,152,"I5GRU-SEB-S1-Grand Challenges for Business ","I5GRU-SEB-S1-Grand Challenges for Business",approved,"Grand Challenges for Business",review,low,review_family,valid_candidate,keep,"No obvious demo, test, placeholder, or restoration marker.",conservative_pattern,"Normalized outer, repeated, or non-breaking whitespace. Automatically extracted from course-code, year, cohort, teacher, or duplicate-instance text; review before import."
1473,152,"I5GRU-SEB-S1-Leading and managing organization  ","I5GRU-SEB-S1-Leading and managing organization",approved,"Leading and managing organization",review,low,review_family,valid_candidate,keep,"No obvious demo, test, placeholder, or restoration marker.",conservative_pattern,"Normalized outer, repeated, or non-breaking whitespace. Automatically extracted from course-code, year, cohort, teacher, or duplicate-instance text; review before import."
1471,152,"I5GRU-SEB-S1-Project management principle  ","I5GRU-SEB-S1-Project management principle",approved,"Project management principle",review,low,review_family,valid_candidate,keep,"No obvious demo, test, placeholder, or restoration marker.",conservative_pattern,"Normalized outer, repeated, or non-breaking whitespace. Automatically extracted from course-code, year, cohort, teacher, or duplicate-instance text; review before import."
1472,152,"I5GRU-SEB-S1-The politic of environment and sustainability  ","I5GRU-SEB-S1-The politic of environment and sustainability",approved,"The politic of environment and sustainability",review,low,review_family,valid_candidate,keep,"No obvious demo, test, placeholder, or restoration marker.",conservative_pattern,"Normalized outer, repeated, or non-breaking whitespace. Automatically extracted from course-code, year, cohort, teacher, or duplicate-instance text; review before import."
1474,152,"I5GRU-SEB-S2-Final year internship ","I5GRU-SEB-S2-Final year internship",approved,"Final year internship",review,low,review_family,valid_candidate,keep,"No obvious demo, test, placeholder, or restoration marker.",conservative_pattern,"Normalized outer, repeated, or non-breaking whitespace. Automatically extracted from course-code, year, cohort, teacher, or duplicate-instance text; review before import."
944,76,"I5GTR-S1- English for Work and Career: Engineering Skills","I5GTR-S1- English for Work and Career: Engineering Skills",unchanged,"English for Work and Career: Engineering Skills",review,low,review_family,valid_candidate,keep,"No obvious demo, test, placeholder, or restoration marker.",conservative_pattern,"Automatically extracted from course-code, year, cohort, teacher, or duplicate-instance text; review before import."
941,76,"I5GTR-S1- Industrial Networks","I5GTR-S1- Industrial Networks",unchanged,"Industrial Networks",review,low,review_family,valid_candidate,keep,"No obvious demo, test, placeholder, or restoration marker.",conservative_pattern,"Automatically extracted from course-code, year, cohort, teacher, or duplicate-instance text; review before import."
943,76,"I5GTR-S1- Mobile Communication","I5GTR-S1- Mobile Communication",unchanged,"Mobile Communication",review,low,review_family,valid_candidate,keep,"No obvious demo, test, placeholder, or restoration marker.",conservative_pattern,"Automatically extracted from course-code, year, cohort, teacher, or duplicate-instance text; review before import."
939,76,"I5GTR-S1- Network Design","I5GTR-S1- Network Design",unchanged,"Network Design",review,low,review_family,valid_candidate,keep,"No obvious demo, test, placeholder, or restoration marker.",conservative_pattern,"Automatically extracted from course-code, year, cohort, teacher, or duplicate-instance text; review before import."
940,76,"I5GTR-S1- Numerical Method and Optimization","I5GTR-S1- Numerical Method and Optimization",unchanged,"Numerical Method and Optimization",review,low,review_family,valid_candidate,keep,"No obvious demo, test, placeholder, or restoration marker.",conservative_pattern,"Automatically extracted from course-code, year, cohort, teacher, or duplicate-instance text; review before import."
938,76,"I5GTR-S1- Optical Communications","I5GTR-S1- Optical Communications",unchanged,"Optical Communications",review,low,review_family,valid_candidate,keep,"No obvious demo, test, placeholder, or restoration marker.",conservative_pattern,"Automatically extracted from course-code, year, cohort, teacher, or duplicate-instance text; review before import."
946,76,"I5GTR-S1- Professional Integration","I5GTR-S1- Professional Integration",unchanged,"Professional Integration",review,low,review_family,valid_candidate,keep,"No obvious demo, test, placeholder, or restoration marker.",conservative_pattern,"Automatically extracted from course-code, year, cohort, teacher, or duplicate-instance text; review before import."
937,76,"I5GTR-S1- Soft Skill","I5GTR-S1- Soft Skill",unchanged,"Soft Skill",review,low,review_family,valid_candidate,keep,"No obvious demo, test, placeholder, or restoration marker.",conservative_pattern,"Automatically extracted from course-code, year, cohort, teacher, or duplicate-instance text; review before import."
942,76,"I5GTR-S1- Telecommunication Systems","I5GTR-S1- Telecommunication Systems",unchanged,"Telecommunication Systems",review,low,review_family,valid_candidate,keep,"No obvious demo, test, placeholder, or restoration marker.",conservative_pattern,"Automatically extracted from course-code, year, cohort, teacher, or duplicate-instance text; review before import."
945,76,"I5GTR-S2- Final Year Internship","I5GTR-S2- Final Year Internship",unchanged,"Final Year Internship",review,low,review_family,valid_candidate,keep,"No obvious demo, test, placeholder, or restoration marker.",conservative_pattern,"Automatically extracted from course-code, year, cohort, teacher, or duplicate-instance text; review before import."
1015,88,"I5SF-S1-MIP Professional Integration","I5SF-S1-MIP Professional Integration",unchanged,"MIP Professional Integration",review,low,review_family,valid_candidate,keep,"No obvious demo, test, placeholder, or restoration marker.",conservative_pattern,"Automatically extracted from course-code, year, cohort, teacher, or duplicate-instance text; review before import."
1221,53,"I5WRI-S1-WRI142PMN Project Management","I5WRI-S1-WRI142PMN Project Management",unchanged,"Project Management",review,low,review_family,valid_candidate,keep,"No obvious demo, test, placeholder, or restoration marker.",conservative_pattern,"Automatically extracted from course-code, year, cohort, teacher, or duplicate-instance text; review before import."
1749,354,"Industrial Hydraulics and Pneumatics Systems","Industrial Hydraulics and Pneumatics Systems",unchanged,,none,,unchanged,valid_candidate,keep,"No obvious demo, test, placeholder, or restoration marker.",none,
2237,239,"Inferential statistics","Inferential statistics",unchanged,,none,,unchanged,valid_candidate,keep,"No obvious demo, test, placeholder, or restoration marker.",none,
1712,176,"Information System Analysis","Information System Analysis",unchanged,,none,,unchanged,valid_candidate,keep,"No obvious demo, test, placeholder, or restoration marker.",none,
1713,176,"Information System Analysis","Information System Analysis",unchanged,,none,,unchanged,valid_candidate,keep,"No obvious demo, test, placeholder, or restoration marker.",none,
1715,176,"Information System Analysis","Information System Analysis",unchanged,,none,,unchanged,valid_candidate,keep,"No obvious demo, test, placeholder, or restoration marker.",none,
1718,176,"Information System Analysis","Information System Analysis",unchanged,,none,,unchanged,valid_candidate,keep,"No obvious demo, test, placeholder, or restoration marker.",none,
1701,176,"Information System Analysis A1","Information System Analysis A1",unchanged,,none,,unchanged,valid_candidate,keep,"No obvious demo, test, placeholder, or restoration marker.",none,
1720,176,"Information System Analysis A3","Information System Analysis A3",unchanged,,none,,unchanged,valid_candidate,keep,"No obvious demo, test, placeholder, or restoration marker.",none,
1716,176,"Information System Analysis A5","Information System Analysis A5",unchanged,,none,,unchanged,valid_candidate,keep,"No obvious demo, test, placeholder, or restoration marker.",none,
1717,176,"Information System Analysis A6","Information System Analysis A6",unchanged,,none,,unchanged,valid_candidate,keep,"No obvious demo, test, placeholder, or restoration marker.",none,
1594,207,"Information Technology","Information Technology",unchanged,,none,,unchanged,valid_candidate,keep,"No obvious demo, test, placeholder, or restoration marker.",none,
1650,207,"Information Technology and Communication","Information Technology and Communication",unchanged,,none,,unchanged,valid_candidate,keep,"No obvious demo, test, placeholder, or restoration marker.",none,
171,10,"Informatique I1 G30 (2022)","Informatique I1 G30 (2022)",unchanged,,none,,unchanged,valid_candidate,keep,"No obvious demo, test, placeholder, or restoration marker.",none,
172,10,"Informatique I1 G49 (2022)","Informatique I1 G49 (2022)",unchanged,,none,,unchanged,valid_candidate,keep,"No obvious demo, test, placeholder, or restoration marker.",none,
58,23,Informatique_TP,Informatique_TP,unchanged,,none,,unchanged,valid_candidate,keep,"No obvious demo, test, placeholder, or restoration marker.",none,
1660,197,"Innovation Business Development","Innovation Business Development",unchanged,,none,,unchanged,valid_candidate,keep,"No obvious demo, test, placeholder, or restoration marker.",none,
1658,207,"Inorganic Chemistry","Inorganic Chemistry",unchanged,,none,,unchanged,valid_candidate,keep,"No obvious demo, test, placeholder, or restoration marker.",none,
2033,239,"Instrumentation and Control for Biological Systems","Instrumentation and Control for Biological Systems",unchanged,,none,,unchanged,valid_candidate,keep,"No obvious demo, test, placeholder, or restoration marker.",none,
70,22,"Internet Programming","Internet Programming",unchanged,,none,,unchanged,valid_candidate,keep,"No obvious demo, test, placeholder, or restoration marker.",none,
2098,383,"Internet Programming & MySQL with PHP","Internet Programming & MySQL with PHP",unchanged,,none,,unchanged,valid_candidate,keep,"No obvious demo, test, placeholder, or restoration marker.",none,
1584,191,"Introduction to Business & Economics","Introduction to Business & Economics",unchanged,,none,,unchanged,valid_candidate,keep,"No obvious demo, test, placeholder, or restoration marker.",none,
1673,287,"Introduction to Bussiness S2/Y1","Introduction to Bussiness S2/Y1",unchanged,,none,,unchanged,valid_candidate,keep,"No obvious demo, test, placeholder, or restoration marker.",none,
1670,296,"Introduction to Computer (NUCK_IT_Year1/S1)","Introduction to Computer (NUCK_IT_Year1/S1)",unchanged,,none,,unchanged,valid_candidate,keep,"No obvious demo, test, placeholder, or restoration marker.",none,
1675,270,"Introduction to Computer System S1-CourseCode-2024-RUPP","Introduction to Computer System S1-CourseCode-2024-RUPP",unchanged,,none,,unchanged,valid_candidate,keep,"No obvious demo, test, placeholder, or restoration marker.",none,
1597,208,"Introduction to Entrepreneurship","Introduction to Entrepreneurship",unchanged,,none,,unchanged,valid_candidate,keep,"No obvious demo, test, placeholder, or restoration marker.",none,
1588,201,"Introduction to Human Nutrition","Introduction to Human Nutrition",unchanged,,none,,unchanged,valid_candidate,keep,"No obvious demo, test, placeholder, or restoration marker.",none,
1669,292,"Introduction to law S1-CourseCode-2024-UME","Introduction to law S1-CourseCode-2024-UME",unchanged,,none,,unchanged,valid_candidate,keep,"No obvious demo, test, placeholder, or restoration marker.",none,
1748,356,"Introduction to Research Methodology","Introduction to Research Methodology",unchanged,,none,,unchanged,valid_candidate,keep,"No obvious demo, test, placeholder, or restoration marker.",none,
1707,200,"Inventory Planning and Logistic Management","Inventory Planning and Logistic Management",unchanged,,none,,unchanged,valid_candidate,keep,"No obvious demo, test, placeholder, or restoration marker.",none,
1629,384,IOT,IOT,unchanged,,none,,unchanged,valid_candidate,keep,"No obvious demo, test, placeholder, or restoration marker.",none,
1733,176,"ISA E6","ISA E6",unchanged,,none,,unchanged,valid_candidate,keep,"No obvious demo, test, placeholder, or restoration marker.",none,
1734,176,"ISA E7","ISA E7",unchanged,,none,,unchanged,valid_candidate,keep,"No obvious demo, test, placeholder, or restoration marker.",none,
1732,176,"ISA M5","ISA M5",unchanged,,none,,unchanged,valid_candidate,keep,"No obvious demo, test, placeholder, or restoration marker.",none,
1687,306,"IT Essential I(IT_Y1_S1)","IT Essential I(IT_Y1_S1)",unchanged,,none,,unchanged,valid_candidate,keep,"No obvious demo, test, placeholder, or restoration marker.",none,
182,39,"IT Professional Training""Basic course"" - Siem Reap","IT Professional Training""Basic course"" - Siem Reap",unchanged,,none,,unchanged,valid_candidate,keep,"No obvious demo, test, placeholder, or restoration marker.",none,
1261,214,"ITC-LMS Training","ITC-LMS Training",unchanged,,none,,unchanged,valid_candidate,keep,"No obvious demo, test, placeholder, or restoration marker.",none,
1679,263,"Java Programming","Java Programming",unchanged,,none,,unchanged,valid_candidate,keep,"No obvious demo, test, placeholder, or restoration marker.",none,
1641,384,Java2024,Java2024,unchanged,,none,,unchanged,valid_candidate,keep,"No obvious demo, test, placeholder, or restoration marker.",none,
109,15,"Knife roller","Knife roller",unchanged,,none,,unchanged,valid_candidate,keep,"No obvious demo, test, placeholder, or restoration marker.",none,
24,13,"Land Use And Land Cover Changes, Northwestern Uplands Of Cambodia","Land Use And Land Cover Changes, Northwestern Uplands Of Cambodia",unchanged,,none,,unchanged,valid_candidate,keep,"No obvious demo, test, placeholder, or restoration marker.",none,
27,15,"Laser Land Leveling","Laser Land Leveling",unchanged,,none,,unchanged,valid_candidate,keep,"No obvious demo, test, placeholder, or restoration marker.",none,
1690,292,"Laws and justice 101 -UME","Laws and justice 101 -UME",unchanged,,none,,unchanged,valid_candidate,keep,"No obvious demo, test, placeholder, or restoration marker.",none,
2040,334,"Leadership(So Mondara)","Leadership(So Mondara)",unchanged,Leadership,review,low,review_family,valid_candidate,keep,"No obvious demo, test, placeholder, or restoration marker.",conservative_pattern,"Automatically extracted from course-code, year, cohort, teacher, or duplicate-instance text; review before import."
1532,6,"Learning Management System Training","Learning Management System Training",unchanged,,none,,unchanged,valid_candidate,keep,"No obvious demo, test, placeholder, or restoration marker.",none,
158,10,"Linear Algebra Exam","Linear Algebra Exam",unchanged,,none,,unchanged,valid_candidate,keep,"No obvious demo, test, placeholder, or restoration marker.",none,
72,23,"Linear Transformations and Canonical Form","Linear Transformations and Canonical Form",unchanged,,none,,unchanged,valid_candidate,keep,"No obvious demo, test, placeholder, or restoration marker.",none,
2089,382,"Linux System Administrator 1","Linux System Administrator 1",unchanged,,none,,unchanged,valid_candidate,keep,"No obvious demo, test, placeholder, or restoration marker.",none,
2095,383,"Linux System Administrator 2","Linux System Administrator 2",unchanged,,none,,unchanged,valid_candidate,keep,"No obvious demo, test, placeholder, or restoration marker.",none,
1575,178,"Literature Studies 201","Literature Studies 201",unchanged,,none,,unchanged,valid_candidate,keep,"No obvious demo, test, placeholder, or restoration marker.",none,
106,6,"Literature Studies 201----------","Literature Studies 201----------",unchanged,"Literature Studies 201",review,low,review_family,valid_candidate,keep,"No obvious demo, test, placeholder, or restoration marker.",conservative_pattern,"Automatically extracted from course-code, year, cohort, teacher, or duplicate-instance text; review before import."
1781,178,"Literature Study","Literature Study",unchanged,,none,,unchanged,valid_candidate,keep,"No obvious demo, test, placeholder, or restoration marker.",none,
1638,384,"LMS support Mission 1 Tranning","LMS support Mission 1 Tranning",unchanged,,none,,unchanged,valid_candidate,keep,"No obvious demo, test, placeholder, or restoration marker.",none,
1668,384,"LMS2 Trainning-UHST","LMS2 Trainning-UHST",unchanged,Trainning-UHST,review,low,review_family,valid_candidate,keep,"No obvious demo, test, placeholder, or restoration marker.",conservative_pattern,"Automatically extracted from course-code, year, cohort, teacher, or duplicate-instance text; review before import."
1064,118,"M1-DAS-S1-DASM11ARN Artificial Intelligence","M1-DAS-S1-DASM11ARN Artificial Intelligence",unchanged,"Artificial Intelligence",review,low,review_family,valid_candidate,keep,"No obvious demo, test, placeholder, or restoration marker.",conservative_pattern,"Automatically extracted from course-code, year, cohort, teacher, or duplicate-instance text; review before import."
1285,118,"M1-DAS-S1-DASM11BIN Bayesian Inference","M1-DAS-S1-DASM11BIN Bayesian Inference",unchanged,"Bayesian Inference",review,low,review_family,valid_candidate,keep,"No obvious demo, test, placeholder, or restoration marker.",conservative_pattern,"Automatically extracted from course-code, year, cohort, teacher, or duplicate-instance text; review before import."
1284,118,"M1-DAS-S1-DASM11DLN Deep Learning","M1-DAS-S1-DASM11DLN Deep Learning",unchanged,"Deep Learning",review,low,review_family,valid_candidate,keep,"No obvious demo, test, placeholder, or restoration marker.",conservative_pattern,"Automatically extracted from course-code, year, cohort, teacher, or duplicate-instance text; review before import."
1287,118,"M1-DAS-S1-DASM11IDS Introduction to Data Science","M1-DAS-S1-DASM11IDS Introduction to Data Science",unchanged,"Introduction to Data Science",review,low,review_family,valid_candidate,keep,"No obvious demo, test, placeholder, or restoration marker.",conservative_pattern,"Automatically extracted from course-code, year, cohort, teacher, or duplicate-instance text; review before import."
1288,118,"M1-DAS-S1-DASM11ML1 Introduction to Machine Learning","M1-DAS-S1-DASM11ML1 Introduction to Machine Learning",unchanged,"Introduction to Machine Learning",review,low,review_family,valid_candidate,keep,"No obvious demo, test, placeholder, or restoration marker.",conservative_pattern,"Automatically extracted from course-code, year, cohort, teacher, or duplicate-instance text; review before import."
1084,118,"M1-DAS-S1-DASM11NLP Natural Language Processing","M1-DAS-S1-DASM11NLP Natural Language Processing",unchanged,"Natural Language Processing",review,low,review_family,valid_candidate,keep,"No obvious demo, test, placeholder, or restoration marker.",conservative_pattern,"Automatically extracted from course-code, year, cohort, teacher, or duplicate-instance text; review before import."
1289,118,"M1-DAS-S1-DASM11PRO Programming for Data Science","M1-DAS-S1-DASM11PRO Programming for Data Science",unchanged,"Programming for Data Science",review,low,review_family,valid_candidate,keep,"No obvious demo, test, placeholder, or restoration marker.",conservative_pattern,"Automatically extracted from course-code, year, cohort, teacher, or duplicate-instance text; review before import."
1286,118,"M1-DAS-S1-GSCM11EDA Exploratory Data Analysis and Unsupervised Learning (EDA)","M1-DAS-S1-GSCM11EDA Exploratory Data Analysis and Unsupervised Learning (EDA)",unchanged,"Exploratory Data Analysis and Unsupervised Learning (EDA)",review,low,review_family,valid_candidate,keep,"No obvious demo, test, placeholder, or restoration marker.",conservative_pattern,"Automatically extracted from course-code, year, cohort, teacher, or duplicate-instance text; review before import."
1546,118,"M1-DAS-S2-GSCM12CLC Cloud Computing","M1-DAS-S2-GSCM12CLC Cloud Computing",unchanged,"Cloud Computing",review,low,review_family,valid_candidate,keep,"No obvious demo, test, placeholder, or restoration marker.",conservative_pattern,"Automatically extracted from course-code, year, cohort, teacher, or duplicate-instance text; review before import."
1548,118,"M1-DAS-S2-GSCM12DSP Data Science Capstone Project","M1-DAS-S2-GSCM12DSP Data Science Capstone Project",unchanged,"Data Science Capstone Project",review,low,review_family,valid_candidate,keep,"No obvious demo, test, placeholder, or restoration marker.",conservative_pattern,"Automatically extracted from course-code, year, cohort, teacher, or duplicate-instance text; review before import."
1549,118,"M1-DAS-S2-GSCM12IRW Information Web Retrieval Analytics","M1-DAS-S2-GSCM12IRW Information Web Retrieval Analytics",unchanged,"Information Web Retrieval Analytics",review,low,review_family,valid_candidate,keep,"No obvious demo, test, placeholder, or restoration marker.",conservative_pattern,"Automatically extracted from course-code, year, cohort, teacher, or duplicate-instance text; review before import."
1547,118,"M1-DAS-S2-GSCM12TSA Time Series Analysis and Forecasting","M1-DAS-S2-GSCM12TSA Time Series Analysis and Forecasting",unchanged,"Time Series Analysis and Forecasting",review,low,review_family,valid_candidate,keep,"No obvious demo, test, placeholder, or restoration marker.",conservative_pattern,"Automatically extracted from course-code, year, cohort, teacher, or duplicate-instance text; review before import."
1306,120,"M1-ETM-S1-ETMM11ECO Energy Conversion System","M1-ETM-S1-ETMM11ECO Energy Conversion System",unchanged,"Energy Conversion System",review,low,review_family,valid_candidate,keep,"No obvious demo, test, placeholder, or restoration marker.",conservative_pattern,"Automatically extracted from course-code, year, cohort, teacher, or duplicate-instance text; review before import."
1302,120,"M1-ETM-S1-ETMM11ECS Energy Conversion System","M1-ETM-S1-ETMM11ECS Energy Conversion System",unchanged,"Energy Conversion System",review,low,review_family,valid_candidate,keep,"No obvious demo, test, placeholder, or restoration marker.",conservative_pattern,"Automatically extracted from course-code, year, cohort, teacher, or duplicate-instance text; review before import."
1307,120,"M1-ETM-S1-ETMM11ELE Energy Life Cycle and Emission Analysis ","M1-ETM-S1-ETMM11ELE Energy Life Cycle and Emission Analysis",approved,"Energy Life Cycle and Emission Analysis",review,low,review_family,valid_candidate,keep,"No obvious demo, test, placeholder, or restoration marker.",conservative_pattern,"Normalized outer, repeated, or non-breaking whitespace. Automatically extracted from course-code, year, cohort, teacher, or duplicate-instance text; review before import."
1300,120,"M1-ETM-S1-ETMM11EOT Engineering Optimization Tool","M1-ETM-S1-ETMM11EOT Engineering Optimization Tool",unchanged,"Engineering Optimization Tool",review,low,review_family,valid_candidate,keep,"No obvious demo, test, placeholder, or restoration marker.",conservative_pattern,"Automatically extracted from course-code, year, cohort, teacher, or duplicate-instance text; review before import."
1304,120,"M1-ETM-S1-ETMM11ERA Energy Efficiency, regulation and Audit","M1-ETM-S1-ETMM11ERA Energy Efficiency, regulation and Audit",unchanged,"Energy Efficiency, regulation and Audit",review,low,review_family,valid_candidate,keep,"No obvious demo, test, placeholder, or restoration marker.",conservative_pattern,"Automatically extracted from course-code, year, cohort, teacher, or duplicate-instance text; review before import."
1301,120,"M1-ETM-S1-ETMM11ERE Energy Research","M1-ETM-S1-ETMM11ERE Energy Research",unchanged,"Energy Research",review,low,review_family,valid_candidate,keep,"No obvious demo, test, placeholder, or restoration marker.",conservative_pattern,"Automatically extracted from course-code, year, cohort, teacher, or duplicate-instance text; review before import."
1305,120,"M1-ETM-S1-ETMM11ESU Energy Sustainability","M1-ETM-S1-ETMM11ESU Energy Sustainability",unchanged,"Energy Sustainability",review,low,review_family,valid_candidate,keep,"No obvious demo, test, placeholder, or restoration marker.",conservative_pattern,"Automatically extracted from course-code, year, cohort, teacher, or duplicate-instance text; review before import."
1303,120,"M1-ETM-S1-ETMM11TET Thermal Energy Technology ","M1-ETM-S1-ETMM11TET Thermal Energy Technology",approved,"Thermal Energy Technology",review,low,review_family,valid_candidate,keep,"No obvious demo, test, placeholder, or restoration marker.",conservative_pattern,"Normalized outer, repeated, or non-breaking whitespace. Automatically extracted from course-code, year, cohort, teacher, or duplicate-instance text; review before import."
1542,120,"M1-ETM-S2-GSCM12CIR Communication and interpersonal relation ","M1-ETM-S2-GSCM12CIR Communication and interpersonal relation",approved,"Communication and interpersonal relation",review,low,review_family,valid_candidate,keep,"No obvious demo, test, placeholder, or restoration marker.",conservative_pattern,"Normalized outer, repeated, or non-breaking whitespace. Automatically extracted from course-code, year, cohort, teacher, or duplicate-instance text; review before import."
1541,120,"M1-ETM-S2-GSCM12CRE Advance Control for Renewable Energy Integration","M1-ETM-S2-GSCM12CRE Advance Control for Renewable Energy Integration",unchanged,"Advance Control for Renewable Energy Integration",review,low,review_family,valid_candidate,keep,"No obvious demo, test, placeholder, or restoration marker.",conservative_pattern,"Automatically extracted from course-code, year, cohort, teacher, or duplicate-instance text; review before import."
1544,120,"M1-ETM-S2-GSCM12EBM Energy Business Modeling","M1-ETM-S2-GSCM12EBM Energy Business Modeling",unchanged,"Energy Business Modeling",review,low,review_family,valid_candidate,keep,"No obvious demo, test, placeholder, or restoration marker.",conservative_pattern,"Automatically extracted from course-code, year, cohort, teacher, or duplicate-instance text; review before import."
1539,120,"M1-ETM-S2-GSCM12EES Electrical Energy and Smart-Power System","M1-ETM-S2-GSCM12EES Electrical Energy and Smart-Power System",unchanged,"Electrical Energy and Smart-Power System",review,low,review_family,valid_candidate,keep,"No obvious demo, test, placeholder, or restoration marker.",conservative_pattern,"Automatically extracted from course-code, year, cohort, teacher, or duplicate-instance text; review before import."
1543,120,"M1-ETM-S2-GSCM12ENR Energy Research Project 2","M1-ETM-S2-GSCM12ENR Energy Research Project 2",unchanged,"Energy Research Project 2",review,low,review_family,valid_candidate,keep,"No obvious demo, test, placeholder, or restoration marker.",conservative_pattern,"Automatically extracted from course-code, year, cohort, teacher, or duplicate-instance text; review before import."
1540,120,"M1-ETM-S2-GSCM12TEM Thermal Energy Management ","M1-ETM-S2-GSCM12TEM Thermal Energy Management",approved,"Thermal Energy Management",review,low,review_family,valid_candidate,keep,"No obvious demo, test, placeholder, or restoration marker.",conservative_pattern,"Normalized outer, repeated, or non-breaking whitespace. Automatically extracted from course-code, year, cohort, teacher, or duplicate-instance text; review before import."
1545,120,"M1-ETM-S2-GSCM12WSP Work Life and Social Psychology ","M1-ETM-S2-GSCM12WSP Work Life and Social Psychology",approved,"Work Life and Social Psychology",review,low,review_family,valid_candidate,keep,"No obvious demo, test, placeholder, or restoration marker.",conservative_pattern,"Normalized outer, repeated, or non-breaking whitespace. Automatically extracted from course-code, year, cohort, teacher, or duplicate-instance text; review before import."
1091,98,"M1GS-S1- Argo-Food Industry Management","M1GS-S1- Argo-Food Industry Management",unchanged,"Argo-Food Industry Management",review,low,review_family,valid_candidate,keep,"No obvious demo, test, placeholder, or restoration marker.",conservative_pattern,"Automatically extracted from course-code, year, cohort, teacher, or duplicate-instance text; review before import."
1088,98,"M1GS-S1- Exploratory Data Analysis and Unsupervised Learning (EDA)","M1GS-S1- Exploratory Data Analysis and Unsupervised Learning (EDA)",unchanged,"Exploratory Data Analysis and Unsupervised Learning (EDA)",review,low,review_family,valid_candidate,keep,"No obvious demo, test, placeholder, or restoration marker.",conservative_pattern,"Automatically extracted from course-code, year, cohort, teacher, or duplicate-instance text; review before import."
1067,98,"M1GS-S1- Mathematics for Machine Learning","M1GS-S1- Mathematics for Machine Learning",unchanged,"Mathematics for Machine Learning",review,low,review_family,valid_candidate,keep,"No obvious demo, test, placeholder, or restoration marker.",conservative_pattern,"Automatically extracted from course-code, year, cohort, teacher, or duplicate-instance text; review before import."
1082,118,"M1GS-S1-DASM11IMP Image Processing","M1GS-S1-DASM11IMP Image Processing",unchanged,"Image Processing",review,low,review_family,valid_candidate,keep,"No obvious demo, test, placeholder, or restoration marker.",conservative_pattern,"Automatically extracted from course-code, year, cohort, teacher, or duplicate-instance text; review before import."
1052,98,"M1GS-S1-DOCM11TQA Functional Testing and QA","M1GS-S1-DOCM11TQA Functional Testing and QA",unchanged,"Functional Testing and QA",review,low,review_family,valid_candidate,keep,"No obvious demo, test, placeholder, or restoration marker.",conservative_pattern,"Automatically extracted from course-code, year, cohort, teacher, or duplicate-instance text; review before import."
1154,100,"M1SA-S1-en English","M1SA-S1-en English",unchanged,"en English",review,low,review_family,valid_candidate,keep,"No obvious demo, test, placeholder, or restoration marker.",conservative_pattern,"Automatically extracted from course-code, year, cohort, teacher, or duplicate-instance text; review before import."
1153,100,"M1SA-S2-en English ","M1SA-S2-en English",approved,"en English",review,low,review_family,valid_candidate,keep,"No obvious demo, test, placeholder, or restoration marker.",conservative_pattern,"Normalized outer, repeated, or non-breaking whitespace. Automatically extracted from course-code, year, cohort, teacher, or duplicate-instance text; review before import."
1290,119,"M2-DAS-S1-DASM21BDT Big Data","M2-DAS-S1-DASM21BDT Big Data",unchanged,"Big Data",review,low,review_family,valid_candidate,keep,"No obvious demo, test, placeholder, or restoration marker.",conservative_pattern,"Automatically extracted from course-code, year, cohort, teacher, or duplicate-instance text; review before import."
1291,119,"M2-DAS-S1-DASM21DAV Datawarehouse and Visualizaiton","M2-DAS-S1-DASM21DAV Datawarehouse and Visualizaiton",unchanged,"Datawarehouse and Visualizaiton",review,low,review_family,valid_candidate,keep,"No obvious demo, test, placeholder, or restoration marker.",conservative_pattern,"Automatically extracted from course-code, year, cohort, teacher, or duplicate-instance text; review before import."
1292,119,"M2-DAS-S1-DASM21ML2 Adanced Machine Learning","M2-DAS-S1-DASM21ML2 Adanced Machine Learning",unchanged,"Adanced Machine Learning",review,low,review_family,valid_candidate,keep,"No obvious demo, test, placeholder, or restoration marker.",conservative_pattern,"Automatically extracted from course-code, year, cohort, teacher, or duplicate-instance text; review before import."
1293,119,"M2-DAS-S2-DASM22DLS Data Science Lab Seminar","M2-DAS-S2-DASM22DLS Data Science Lab Seminar",unchanged,"Data Science Lab Seminar",review,low,review_family,valid_candidate,keep,"No obvious demo, test, placeholder, or restoration marker.",conservative_pattern,"Automatically extracted from course-code, year, cohort, teacher, or duplicate-instance text; review before import."
1295,123,"M2-MIC-S1-MICM21ADC Advanced Digital Communication","M2-MIC-S1-MICM21ADC Advanced Digital Communication",unchanged,"Advanced Digital Communication",review,low,review_family,valid_candidate,keep,"No obvious demo, test, placeholder, or restoration marker.",conservative_pattern,"Automatically extracted from course-code, year, cohort, teacher, or duplicate-instance text; review before import."
1294,123,"M2-MIC-S1-MICM21MCE Mechatronics Engineering","M2-MIC-S1-MICM21MCE Mechatronics Engineering",unchanged,"Mechatronics Engineering",review,low,review_family,valid_candidate,keep,"No obvious demo, test, placeholder, or restoration marker.",conservative_pattern,"Automatically extracted from course-code, year, cohort, teacher, or duplicate-instance text; review before import."
1296,123,"M2-MIC-S1-MICM21MCP Mechatronics Design Project","M2-MIC-S1-MICM21MCP Mechatronics Design Project",unchanged,"Mechatronics Design Project",review,low,review_family,valid_candidate,keep,"No obvious demo, test, placeholder, or restoration marker.",conservative_pattern,"Automatically extracted from course-code, year, cohort, teacher, or duplicate-instance text; review before import."
1297,123,"M2-MIC-S1-MICM21SYE System Engineering","M2-MIC-S1-MICM21SYE System Engineering",unchanged,"System Engineering",review,low,review_family,valid_candidate,keep,"No obvious demo, test, placeholder, or restoration marker.",conservative_pattern,"Automatically extracted from course-code, year, cohort, teacher, or duplicate-instance text; review before import."
1308,125,"M2-MSE-S1-MSEM21SP1 UESP1-Mécanique et hydraulique avancées des sols et des roches","M2-MSE-S1-MSEM21SP1 UESP1-Mécanique et hydraulique avancées des sols et des roches",unchanged,"UESP1-Mécanique et hydraulique avancées des sols et des roches",review,low,review_family,valid_candidate,keep,"No obvious demo, test, placeholder, or restoration marker.",conservative_pattern,"Automatically extracted from course-code, year, cohort, teacher, or duplicate-instance text; review before import."
1309,125,"M2-MSE-S1-MSEM21SP2 UESP2-Durabilité et Résilience des Matériaux","M2-MSE-S1-MSEM21SP2 UESP2-Durabilité et Résilience des Matériaux",unchanged,"UESP2-Durabilité et Résilience des Matériaux",review,low,review_family,valid_candidate,keep,"No obvious demo, test, placeholder, or restoration marker.",conservative_pattern,"Automatically extracted from course-code, year, cohort, teacher, or duplicate-instance text; review before import."
1139,125,"M2-MSE-S1-MSEM21SP3 UESP3-Construction Mixte Acier-Béton","M2-MSE-S1-MSEM21SP3 UESP3-Construction Mixte Acier-Béton",unchanged,"UESP3-Construction Mixte Acier-Béton",review,low,review_family,valid_candidate,keep,"No obvious demo, test, placeholder, or restoration marker.",conservative_pattern,"Automatically extracted from course-code, year, cohort, teacher, or duplicate-instance text; review before import."
1135,125,"M2-MSE-S1-MSEM21UE1 UE1-Stabilité et mécanique non linéaire/Grande Transformation/Analyse Limite","M2-MSE-S1-MSEM21UE1 UE1-Stabilité et mécanique non linéaire/Grande Transformation/Analyse Limite",unchanged,"UE1-Stabilité et mécanique non linéaire/Grande Transformation/Analyse Limite",review,low,review_family,valid_candidate,keep,"No obvious demo, test, placeholder, or restoration marker.",conservative_pattern,"Automatically extracted from course-code, year, cohort, teacher, or duplicate-instance text; review before import."
1310,125,"M2-MSE-S1-MSEM21UE2 UE2-Lois de comportement mécanique non linéaires des matériaux","M2-MSE-S1-MSEM21UE2 UE2-Lois de comportement mécanique non linéaires des matériaux",unchanged,"UE2-Lois de comportement mécanique non linéaires des matériaux",review,low,review_family,valid_candidate,keep,"No obvious demo, test, placeholder, or restoration marker.",conservative_pattern,"Automatically extracted from course-code, year, cohort, teacher, or duplicate-instance text; review before import."
1311,125,"M2-MSE-S1-MSEM21UE3 UE3-Méthode Numérique","M2-MSE-S1-MSEM21UE3 UE3-Méthode Numérique",unchanged,"UE3-Méthode Numérique",review,low,review_family,valid_candidate,keep,"No obvious demo, test, placeholder, or restoration marker.",conservative_pattern,"Automatically extracted from course-code, year, cohort, teacher, or duplicate-instance text; review before import."
1125,127,"M2-TIE-S1-TIEM21TAS Traffic & Simulation","M2-TIE-S1-TIEM21TAS Traffic & Simulation",unchanged,"Traffic & Simulation",review,low,review_family,valid_candidate,keep,"No obvious demo, test, placeholder, or restoration marker.",conservative_pattern,"Automatically extracted from course-code, year, cohort, teacher, or duplicate-instance text; review before import."
1299,127,"M2-TIE-S1-TIEM21TLS M-TIE LAB Seminar","M2-TIE-S1-TIEM21TLS M-TIE LAB Seminar",unchanged,"M-TIE LAB Seminar",review,low,review_family,valid_candidate,keep,"No obvious demo, test, placeholder, or restoration marker.",conservative_pattern,"Automatically extracted from course-code, year, cohort, teacher, or duplicate-instance text; review before import."
1298,127,"M2-TIE-S1-TIEM21UPP Urban Transport Planning & Policy","M2-TIE-S1-TIEM21UPP Urban Transport Planning & Policy",unchanged,"Urban Transport Planning & Policy",review,low,review_family,valid_candidate,keep,"No obvious demo, test, placeholder, or restoration marker.",conservative_pattern,"Automatically extracted from course-code, year, cohort, teacher, or duplicate-instance text; review before import."
1666,197,Macroeconomics,Macroeconomics,unchanged,,none,,unchanged,valid_candidate,keep,"No obvious demo, test, placeholder, or restoration marker.",none,
1746,355,"Managerial Accounting I","Managerial Accounting I",unchanged,,none,,unchanged,valid_candidate,keep,"No obvious demo, test, placeholder, or restoration marker.",none,
1624,334,"Marketing Management","Marketing Management",unchanged,,none,,unchanged,valid_candidate,keep,"No obvious demo, test, placeholder, or restoration marker.",none,
1805,334,"Marketing Management(2024-2025)","Marketing Management(2024-2025)",unchanged,,none,,unchanged,valid_candidate,keep,"No obvious demo, test, placeholder, or restoration marker.",none,
104,24,"Materials Science 2","Materials Science 2",unchanged,,none,,unchanged,valid_candidate,keep,"No obvious demo, test, placeholder, or restoration marker.",none,
2059,375,"Mathematic for Computing","Mathematic for Computing",unchanged,,none,,unchanged,valid_candidate,keep,"No obvious demo, test, placeholder, or restoration marker.",none,
1765,362,"Mathematics for Business (Im Champong)","Mathematics for Business (Im Champong)",unchanged,"Mathematics for Business",review,low,review_family,valid_candidate,keep,"No obvious demo, test, placeholder, or restoration marker.",conservative_pattern,"Automatically extracted from course-code, year, cohort, teacher, or duplicate-instance text; review before import."
2241,197,"Mathematics for business and economics","Mathematics for business and economics",unchanged,,none,,unchanged,valid_candidate,keep,"No obvious demo, test, placeholder, or restoration marker.",none,
1806,207,"Mathematics with Application","Mathematics with Application",unchanged,,none,,unchanged,valid_candidate,keep,"No obvious demo, test, placeholder, or restoration marker.",none,
1577,337,"MATLAB Programming","MATLAB Programming",unchanged,,none,,unchanged,valid_candidate,keep,"No obvious demo, test, placeholder, or restoration marker.",none,
2109,388,"Microbial risk assessment for food safety","Microbial risk assessment for food safety",unchanged,,none,,unchanged,valid_candidate,keep,"No obvious demo, test, placeholder, or restoration marker.",none,
1706,207,Microbiology,Microbiology,unchanged,,none,,unchanged,valid_candidate,keep,"No obvious demo, test, placeholder, or restoration marker.",none,
1646,246,Microbiology,Microbiology,unchanged,,none,,unchanged,valid_candidate,keep,"No obvious demo, test, placeholder, or restoration marker.",none,
1664,197,Microeconomics,Microeconomics,unchanged,,none,,unchanged,valid_candidate,keep,"No obvious demo, test, placeholder, or restoration marker.",none,
125,35,"MIP (i5)(PRUM Rithy)","MIP (i5)(PRUM Rithy)",unchanged,"MIP (i5)",review,low,review_family,valid_candidate,keep,"No obvious demo, test, placeholder, or restoration marker.",conservative_pattern,"Automatically extracted from course-code, year, cohort, teacher, or duplicate-instance text; review before import."
2085,381,"Mobile App","Mobile App",unchanged,,none,,unchanged,valid_candidate,keep,"No obvious demo, test, placeholder, or restoration marker.",none,
68,20,"Modul 5","Modul 5",unchanged,,none,,unchanged,valid_candidate,keep,"No obvious demo, test, placeholder, or restoration marker.",none,
118,35,"Moodle basic training -AUF","Moodle basic training -AUF",unchanged,,none,,unchanged,valid_candidate,keep,"No obvious demo, test, placeholder, or restoration marker.",none,
1163,214,"Moodle User Guide","Moodle User Guide",unchanged,,none,,unchanged,valid_candidate,keep,"No obvious demo, test, placeholder, or restoration marker.",none,
2243,390,MRD-UNICEF,MRD-UNICEF,unchanged,,none,,unchanged,valid_candidate,keep,"No obvious demo, test, placeholder, or restoration marker.",none,
1636,378,"MS NOS Administration","MS NOS Administration",unchanged,,none,,unchanged,valid_candidate,keep,"No obvious demo, test, placeholder, or restoration marker.",none,
1630,384,"MS. Visual C#","MS. Visual C#",unchanged,,none,,unchanged,valid_candidate,keep,"No obvious demo, test, placeholder, or restoration marker.",none,
1689,306,"Multimedia Technology","Multimedia Technology",unchanged,,none,,unchanged,valid_candidate,keep,"No obvious demo, test, placeholder, or restoration marker.",none,
1700,167,"Natural Resource Management and Development","Natural Resource Management and Development",unchanged,,none,,unchanged,valid_candidate,keep,"No obvious demo, test, placeholder, or restoration marker.",none,
2091,382,"Network Security","Network Security",unchanged,,none,,unchanged,valid_candidate,keep,"No obvious demo, test, placeholder, or restoration marker.",none,
2099,383,"Network Security","Network Security",unchanged,,none,,unchanged,valid_candidate,keep,"No obvious demo, test, placeholder, or restoration marker.",none,
176,31,"New product development","New product development",unchanged,,none,,unchanged,valid_candidate,keep,"No obvious demo, test, placeholder, or restoration marker.",none,
35,15,"No-till Planter","No-till Planter",unchanged,,none,,unchanged,valid_candidate,keep,"No obvious demo, test, placeholder, or restoration marker.",none,
2239,278,NUCK_IT_Year3,NUCK_IT_Year3,unchanged,,none,,unchanged,valid_candidate,keep,"No obvious demo, test, placeholder, or restoration marker.",none,
2105,388,"Nutrition goes to school","Nutrition goes to school",unchanged,,none,,unchanged,valid_candidate,keep,"No obvious demo, test, placeholder, or restoration marker.",none,
2079,379,"Object Programming Languages","Object Programming Languages",unchanged,,none,,unchanged,valid_candidate,keep,"No obvious demo, test, placeholder, or restoration marker.",none,
1627,375,"Office Application","Office Application",unchanged,,none,,unchanged,valid_candidate,keep,"No obvious demo, test, placeholder, or restoration marker.",none,
1635,384,"Open Source Admin 1","Open Source Admin 1",unchanged,,none,,unchanged,valid_candidate,keep,"No obvious demo, test, placeholder, or restoration marker.",none,
1599,208,"Payment for Ecosystem Service","Payment for Ecosystem Service",unchanged,,none,,unchanged,valid_candidate,keep,"No obvious demo, test, placeholder, or restoration marker.",none,
1682,300,"Personal Finance S1-CourseCode-2024-UME","Personal Finance S1-CourseCode-2024-UME",unchanged,,none,,unchanged,valid_candidate,keep,"No obvious demo, test, placeholder, or restoration marker.",none,
2103,387,Philosophy,Philosophy,unchanged,,none,,unchanged,valid_candidate,keep,"No obvious demo, test, placeholder, or restoration marker.",none,
2048,363,"Philosophy S2 (Chen Mao)","Philosophy S2 (Chen Mao)",unchanged,"Philosophy S2",review,low,review_family,valid_candidate,keep,"No obvious demo, test, placeholder, or restoration marker.",conservative_pattern,"Automatically extracted from course-code, year, cohort, teacher, or duplicate-instance text; review before import."
2050,363,"Philosophy S2 (En Lin)","Philosophy S2 (En Lin)",unchanged,"Philosophy S2",review,low,review_family,valid_candidate,keep,"No obvious demo, test, placeholder, or restoration marker.",conservative_pattern,"Automatically extracted from course-code, year, cohort, teacher, or duplicate-instance text; review before import."
2052,363,"Philosophy S2 (Haun Socheat)","Philosophy S2 (Haun Socheat)",unchanged,"Philosophy S2",review,low,review_family,valid_candidate,keep,"No obvious demo, test, placeholder, or restoration marker.",conservative_pattern,"Automatically extracted from course-code, year, cohort, teacher, or duplicate-instance text; review before import."
2051,363,"Philosophy S2 (Ong Savan)","Philosophy S2 (Ong Savan)",unchanged,"Philosophy S2",review,low,review_family,valid_candidate,keep,"No obvious demo, test, placeholder, or restoration marker.",conservative_pattern,"Automatically extracted from course-code, year, cohort, teacher, or duplicate-instance text; review before import."
1798,363,"Phisolophy(CHEN Mao)","Phisolophy(CHEN Mao)",unchanged,Phisolophy,review,low,review_family,valid_candidate,keep,"No obvious demo, test, placeholder, or restoration marker.",conservative_pattern,"Automatically extracted from course-code, year, cohort, teacher, or duplicate-instance text; review before import."
1762,363,"Phisolophy(EN Lin)","Phisolophy(EN Lin)",unchanged,Phisolophy,review,low,review_family,valid_candidate,keep,"No obvious demo, test, placeholder, or restoration marker.",conservative_pattern,"Automatically extracted from course-code, year, cohort, teacher, or duplicate-instance text; review before import."
1761,363,"Phisolophy(Haun Socheat)","Phisolophy(Haun Socheat)",unchanged,Phisolophy,review,low,review_family,valid_candidate,keep,"No obvious demo, test, placeholder, or restoration marker.",conservative_pattern,"Automatically extracted from course-code, year, cohort, teacher, or duplicate-instance text; review before import."
1625,363,"Phisolophy(SOUN Socheat)","Phisolophy(SOUN Socheat)",unchanged,Phisolophy,review,low,review_family,valid_candidate,keep,"No obvious demo, test, placeholder, or restoration marker.",conservative_pattern,"Automatically extracted from course-code, year, cohort, teacher, or duplicate-instance text; review before import."
1763,363,"Phisolophy(UNG Savann)","Phisolophy(UNG Savann)",unchanged,Phisolophy,review,low,review_family,valid_candidate,keep,"No obvious demo, test, placeholder, or restoration marker.",conservative_pattern,"Automatically extracted from course-code, year, cohort, teacher, or duplicate-instance text; review before import."
1657,239,"Physics I","Physics I",unchanged,,none,,unchanged,valid_candidate,keep,"No obvious demo, test, placeholder, or restoration marker.",none,
1590,202,"Postharvest Technology","Postharvest Technology",unchanged,,none,,unchanged,valid_candidate,keep,"No obvious demo, test, placeholder, or restoration marker.",none,
1598,208,"Principle Economic","Principle Economic",unchanged,,none,,unchanged,valid_candidate,keep,"No obvious demo, test, placeholder, or restoration marker.",none,
1589,201,"Principle of Food Science and Technology","Principle of Food Science and Technology",unchanged,,none,,unchanged,valid_candidate,keep,"No obvious demo, test, placeholder, or restoration marker.",none,
338,49,"Principles of Remote Sensing","Principles of Remote Sensing",unchanged,,none,,unchanged,valid_candidate,keep,"No obvious demo, test, placeholder, or restoration marker.",none,
337,49,"Principles of slope stability-I4-S2-GGG","Principles of slope stability-I4-S2-GGG",unchanged,,none,,unchanged,valid_candidate,keep,"No obvious demo, test, placeholder, or restoration marker.",none,
161,10,"Probability Exam","Probability Exam",unchanged,,none,,unchanged,valid_candidate,keep,"No obvious demo, test, placeholder, or restoration marker.",none,
86,10,Probability-I2,Probability-I2,unchanged,,none,,unchanged,valid_candidate,keep,"No obvious demo, test, placeholder, or restoration marker.",none,
67,24,"Processing of Food","Processing of Food",unchanged,,none,,unchanged,valid_candidate,keep,"No obvious demo, test, placeholder, or restoration marker.",none,
169,214,"Professional Developments course","Professional Developments course",unchanged,,none,,unchanged,valid_candidate,keep,"No obvious demo, test, placeholder, or restoration marker.",none,
2058,371,"Programing Language 1","Programing Language 1",unchanged,,none,,unchanged,valid_candidate,keep,"No obvious demo, test, placeholder, or restoration marker.",none,
2066,376,"Programing Language 2 ","Programing Language 2",approved,,none,,approved_display,valid_candidate,keep,"No obvious demo, test, placeholder, or restoration marker.",safe_formatting,"Normalized outer, repeated, or non-breaking whitespace."
1582,375,"Programming Language 1","Programming Language 1",unchanged,,none,,unchanged,valid_candidate,keep,"No obvious demo, test, placeholder, or restoration marker.",none,
1665,197,"Project Management","Project Management",unchanged,,none,,unchanged,valid_candidate,keep,"No obvious demo, test, placeholder, or restoration marker.",none,
2107,384,"Prompt Engineering for Coding with AI","Prompt Engineering for Coding with AI",unchanged,,none,,unchanged,valid_candidate,keep,"No obvious demo, test, placeholder, or restoration marker.",none,
2090,382,"Python Programing 1","Python Programing 1",unchanged,,none,,unchanged,valid_candidate,keep,"No obvious demo, test, placeholder, or restoration marker.",none,
2096,383,"Python Programing 2","Python Programing 2",unchanged,,none,,unchanged,valid_candidate,keep,"No obvious demo, test, placeholder, or restoration marker.",none,
1745,354,"Refrigerant and Air Conditioning","Refrigerant and Air Conditioning",unchanged,,none,,unchanged,valid_candidate,keep,"No obvious demo, test, placeholder, or restoration marker.",none,
2034,239,"Renewable Energy in Agriculture","Renewable Energy in Agriculture",unchanged,,none,,unchanged,valid_candidate,keep,"No obvious demo, test, placeholder, or restoration marker.",none,
2093,382,"Research Methodology","Research Methodology",unchanged,,none,,unchanged,valid_candidate,keep,"No obvious demo, test, placeholder, or restoration marker.",none,
2035,370,"Research Methodology ","Research Methodology",approved,,none,,approved_display,valid_candidate,keep,"No obvious demo, test, placeholder, or restoration marker.",safe_formatting,"Normalized outer, repeated, or non-breaking whitespace."
1616,365,"RUA/Body Structure and Function III","RUA/Body Structure and Function III",unchanged,,none,,unchanged,valid_candidate,keep,"No obvious demo, test, placeholder, or restoration marker.",none,
2238,214,"Scientific Communication","Scientific Communication",unchanged,,none,,unchanged,valid_candidate,keep,"No obvious demo, test, placeholder, or restoration marker.",none,
206,90,"SDP I2-S2-2023","SDP I2-S2-2023",unchanged,,none,,unchanged,valid_candidate,keep,"No obvious demo, test, placeholder, or restoration marker.",none,
1592,204,"Sensory Test","Sensory Test",unchanged,,none,,unchanged,valid_candidate,keep,"No obvious demo, test, placeholder, or restoration marker.",none,
89,33,"Simple and Professional content","Simple and Professional content",unchanged,,none,,unchanged,valid_candidate,keep,"No obvious demo, test, placeholder, or restoration marker.",none,
2092,382,"Software Project Management","Software Project Management",unchanged,,none,,unchanged,valid_candidate,keep,"No obvious demo, test, placeholder, or restoration marker.",none,
31,14,"Soil Aggregate","Soil Aggregate",unchanged,,none,,unchanged,valid_candidate,keep,"No obvious demo, test, placeholder, or restoration marker.",none,
26,14,"Soil Organic Matter","Soil Organic Matter",unchanged,,none,,unchanged,valid_candidate,keep,"No obvious demo, test, placeholder, or restoration marker.",none,
1158,214,"Soil science ","Soil science",approved,,none,,approved_display,valid_candidate,keep,"No obvious demo, test, placeholder, or restoration marker.",safe_formatting,"Normalized outer, repeated, or non-breaking whitespace."
1702,176,"Statistic Analysis E2","Statistic Analysis E2",unchanged,,none,,unchanged,valid_candidate,keep,"No obvious demo, test, placeholder, or restoration marker.",none,
1719,176,"Statistic Analysis E4","Statistic Analysis E4",unchanged,,none,,unchanged,valid_candidate,keep,"No obvious demo, test, placeholder, or restoration marker.",none,
157,10,"Statistic Exam","Statistic Exam",unchanged,,none,,unchanged,valid_candidate,keep,"No obvious demo, test, placeholder, or restoration marker.",none,
1735,343,"Statistics for Business(BUN Chantha)","Statistics for Business(BUN Chantha)",unchanged,"Statistics for Business",review,low,review_family,valid_candidate,keep,"No obvious demo, test, placeholder, or restoration marker.",conservative_pattern,"Automatically extracted from course-code, year, cohort, teacher, or duplicate-instance text; review before import."
1742,343,"Statistics for Business(CHAP Sopeap)","Statistics for Business(CHAP Sopeap)",unchanged,"Statistics for Business",review,low,review_family,valid_candidate,keep,"No obvious demo, test, placeholder, or restoration marker.",conservative_pattern,"Automatically extracted from course-code, year, cohort, teacher, or duplicate-instance text; review before import."
1737,343,"Statistics for Business(KIM Sovannthida)","Statistics for Business(KIM Sovannthida)",unchanged,"Statistics for Business",review,low,review_family,valid_candidate,keep,"No obvious demo, test, placeholder, or restoration marker.",conservative_pattern,"Automatically extracted from course-code, year, cohort, teacher, or duplicate-instance text; review before import."
1741,343,"Statistics for Business(PHOK Sophal)","Statistics for Business(PHOK Sophal)",unchanged,"Statistics for Business",review,low,review_family,valid_candidate,keep,"No obvious demo, test, placeholder, or restoration marker.",conservative_pattern,"Automatically extracted from course-code, year, cohort, teacher, or duplicate-instance text; review before import."
1739,343,"Statistics for Business(PHOUNG Sokchann)","Statistics for Business(PHOUNG Sokchann)",unchanged,"Statistics for Business",review,low,review_family,valid_candidate,keep,"No obvious demo, test, placeholder, or restoration marker.",conservative_pattern,"Automatically extracted from course-code, year, cohort, teacher, or duplicate-instance text; review before import."
1743,343,"Statistics for Business(SO Channdara)","Statistics for Business(SO Channdara)",unchanged,"Statistics for Business",review,low,review_family,valid_candidate,keep,"No obvious demo, test, placeholder, or restoration marker.",conservative_pattern,"Automatically extracted from course-code, year, cohort, teacher, or duplicate-instance text; review before import."
1740,343,"Statistics for Business(SOM Vuthy)","Statistics for Business(SOM Vuthy)",unchanged,"Statistics for Business",review,low,review_family,valid_candidate,keep,"No obvious demo, test, placeholder, or restoration marker.",conservative_pattern,"Automatically extracted from course-code, year, cohort, teacher, or duplicate-instance text; review before import."
1738,343,"Statistics for Business(THAP Kylean)","Statistics for Business(THAP Kylean)",unchanged,"Statistics for Business",review,low,review_family,valid_candidate,keep,"No obvious demo, test, placeholder, or restoration marker.",conservative_pattern,"Automatically extracted from course-code, year, cohort, teacher, or duplicate-instance text; review before import."
103,16,"Structures Hyperstatiques","Structures Hyperstatiques",unchanged,,none,,unchanged,valid_candidate,keep,"No obvious demo, test, placeholder, or restoration marker.",none,
1659,168,"Support2 course test","Support2 course test",unchanged,,none,,unchanged,non_production,exclude_from_analytics,"Name explicitly indicates a support/test course.",none,
1600,208,"Sustainable Agricultural Development","Sustainable Agricultural Development",unchanged,,none,,unchanged,valid_candidate,keep,"No obvious demo, test, placeholder, or restoration marker.",none,
1614,365,"Swine Production","Swine Production",unchanged,,none,,unchanged,valid_candidate,keep,"No obvious demo, test, placeholder, or restoration marker.",none,
2081,381,"System Analysis & Design","System Analysis & Design",unchanged,,none,,unchanged,valid_candidate,keep,"No obvious demo, test, placeholder, or restoration marker.",none,
168,6,"Systems and Networks Administration","Systems and Networks Administration",unchanged,,none,,unchanged,valid_candidate,keep,"No obvious demo, test, placeholder, or restoration marker.",none,
74,24,T1,T1,unchanged,,none,,unchanged,non_production,exclude_from_analytics,"Unusually short placeholder name with only one enrollment.",none,
1164,59,"T1-GCA-S1 Basic Measurement and  Calibration Techniques in the laboratory","T1-GCA-S1 Basic Measurement and Calibration Techniques in the laboratory",approved,"S1 Basic Measurement and Calibration Techniques in the laboratory",review,low,review_family,valid_candidate,keep,"No obvious demo, test, placeholder, or restoration marker.",conservative_pattern,"Normalized outer, repeated, or non-breaking whitespace. Automatically extracted from course-code, year, cohort, teacher, or duplicate-instance text; review before import."
1273,111,"T1-S1-T11INF Introduction to ICT(Informatic)","T1-S1-T11INF Introduction to ICT(Informatic)",unchanged,"T11INF Introduction to ICT(Informatic)",review,low,review_family,valid_candidate,keep,"No obvious demo, test, placeholder, or restoration marker.",conservative_pattern,"Automatically extracted from course-code, year, cohort, teacher, or duplicate-instance text; review before import."
516,59,"T1GCA-S1- Analytical Chemistry","T1GCA-S1- Analytical Chemistry",unchanged,"Analytical Chemistry",review,low,review_family,valid_candidate,keep,"No obvious demo, test, placeholder, or restoration marker.",conservative_pattern,"Automatically extracted from course-code, year, cohort, teacher, or duplicate-instance text; review before import."
507,59,"T1GCA-S1- Biochemistry","T1GCA-S1- Biochemistry",unchanged,Biochemistry,review,low,review_family,valid_candidate,keep,"No obvious demo, test, placeholder, or restoration marker.",conservative_pattern,"Automatically extracted from course-code, year, cohort, teacher, or duplicate-instance text; review before import."
517,59,"T1GCA-S1- Food Chemistry","T1GCA-S1- Food Chemistry",unchanged,"Food Chemistry",review,low,review_family,valid_candidate,keep,"No obvious demo, test, placeholder, or restoration marker.",conservative_pattern,"Automatically extracted from course-code, year, cohort, teacher, or duplicate-instance text; review before import."
504,59,"T1GCA-S1- Fundamental Chemistry","T1GCA-S1- Fundamental Chemistry",unchanged,"Fundamental Chemistry",review,low,review_family,valid_candidate,keep,"No obvious demo, test, placeholder, or restoration marker.",conservative_pattern,"Automatically extracted from course-code, year, cohort, teacher, or duplicate-instance text; review before import."
502,59,"T1GCA-S1- Informatics","T1GCA-S1- Informatics",unchanged,Informatics,review,low,review_family,valid_candidate,keep,"No obvious demo, test, placeholder, or restoration marker.",conservative_pattern,"Automatically extracted from course-code, year, cohort, teacher, or duplicate-instance text; review before import."
503,59,"T1GCA-S1- Unit operation","T1GCA-S1- Unit operation",unchanged,"Unit operation",review,low,review_family,valid_candidate,keep,"No obvious demo, test, placeholder, or restoration marker.",conservative_pattern,"Automatically extracted from course-code, year, cohort, teacher, or duplicate-instance text; review before import."
513,59,"T1GCA-S2- Food Preservation","T1GCA-S2- Food Preservation",unchanged,"Food Preservation",review,low,review_family,valid_candidate,keep,"No obvious demo, test, placeholder, or restoration marker.",conservative_pattern,"Automatically extracted from course-code, year, cohort, teacher, or duplicate-instance text; review before import."
510,59,"T1GCA-S2- General Microbiology","T1GCA-S2- General Microbiology",unchanged,"General Microbiology",review,low,review_family,valid_candidate,keep,"No obvious demo, test, placeholder, or restoration marker.",conservative_pattern,"Automatically extracted from course-code, year, cohort, teacher, or duplicate-instance text; review before import."
512,59,"T1GCA-S2- Water Chemistry","T1GCA-S2- Water Chemistry",unchanged,"Water Chemistry",review,low,review_family,valid_candidate,keep,"No obvious demo, test, placeholder, or restoration marker.",conservative_pattern,"Automatically extracted from course-code, year, cohort, teacher, or duplicate-instance text; review before import."
744,67,"T1GCI-S1-GCI Informatics","T1GCI-S1-GCI Informatics",unchanged,"GCI Informatics",review,low,review_family,valid_candidate,keep,"No obvious demo, test, placeholder, or restoration marker.",conservative_pattern,"Automatically extracted from course-code, year, cohort, teacher, or duplicate-instance text; review before import."
760,67,"T1GCI-S1-GCIT11BIM Building Information Modelling","T1GCI-S1-GCIT11BIM Building Information Modelling",unchanged,"Building Information Modelling",review,low,review_family,valid_candidate,keep,"No obvious demo, test, placeholder, or restoration marker.",conservative_pattern,"Automatically extracted from course-code, year, cohort, teacher, or duplicate-instance text; review before import."
759,67,"T1GCI-S1-GCIT11ENG Engineering Graphics","T1GCI-S1-GCIT11ENG Engineering Graphics",unchanged,"Engineering Graphics",review,low,review_family,valid_candidate,keep,"No obvious demo, test, placeholder, or restoration marker.",conservative_pattern,"Automatically extracted from course-code, year, cohort, teacher, or duplicate-instance text; review before import."
758,67,"T1GCI-S1-GCIT11TWO Team works and organizations","T1GCI-S1-GCIT11TWO Team works and organizations",unchanged,"Team works and organizations",review,low,review_family,valid_candidate,keep,"No obvious demo, test, placeholder, or restoration marker.",conservative_pattern,"Automatically extracted from course-code, year, cohort, teacher, or duplicate-instance text; review before import."
761,67,"T1GCI-S2-GCIT12BEW Building Structures and External Works","T1GCI-S2-GCIT12BEW Building Structures and External Works",unchanged,"Building Structures and External Works",review,low,review_family,valid_candidate,keep,"No obvious demo, test, placeholder, or restoration marker.",conservative_pattern,"Automatically extracted from course-code, year, cohort, teacher, or duplicate-instance text; review before import."
762,67,"T1GCI-S2-GCIT12RCD Reinforced Concrete Detailing and Design","T1GCI-S2-GCIT12RCD Reinforced Concrete Detailing and Design",unchanged,"Reinforced Concrete Detailing and Design",review,low,review_family,valid_candidate,keep,"No obvious demo, test, placeholder, or restoration marker.",conservative_pattern,"Automatically extracted from course-code, year, cohort, teacher, or duplicate-instance text; review before import."
878,72,"T1GEE-EA -S1- Basic Competency","T1GEE-EA -S1- Basic Competency",unchanged,"EA -S1- Basic Competency",review,low,review_family,valid_candidate,keep,"No obvious demo, test, placeholder, or restoration marker.",conservative_pattern,"Automatically extracted from course-code, year, cohort, teacher, or duplicate-instance text; review before import."
877,72,"T1GEE-EA-S1- Electrical Installation","T1GEE-EA-S1- Electrical Installation",unchanged,"Electrical Installation",review,low,review_family,valid_candidate,keep,"No obvious demo, test, placeholder, or restoration marker.",conservative_pattern,"Automatically extracted from course-code, year, cohort, teacher, or duplicate-instance text; review before import."
876,72,"T1GEE-EA-S1- Electronics","T1GEE-EA-S1- Electronics",unchanged,Electronics,review,low,review_family,valid_candidate,keep,"No obvious demo, test, placeholder, or restoration marker.",conservative_pattern,"Automatically extracted from course-code, year, cohort, teacher, or duplicate-instance text; review before import."
872,72,"T1GEE-EA-S2- CAD and Mechanical Technology","T1GEE-EA-S2- CAD and Mechanical Technology",unchanged,"CAD and Mechanical Technology",review,low,review_family,valid_candidate,keep,"No obvious demo, test, placeholder, or restoration marker.",conservative_pattern,"Automatically extracted from course-code, year, cohort, teacher, or duplicate-instance text; review before import."
871,72,"T1GEE-EA-S2- Drives and Motor Controls","T1GEE-EA-S2- Drives and Motor Controls",unchanged,"Drives and Motor Controls",review,low,review_family,valid_candidate,keep,"No obvious demo, test, placeholder, or restoration marker.",conservative_pattern,"Automatically extracted from course-code, year, cohort, teacher, or duplicate-instance text; review before import."
873,72,"T1GEE-EA-S2- PLC and Sensors Technology","T1GEE-EA-S2- PLC and Sensors Technology",unchanged,"PLC and Sensors Technology",review,low,review_family,valid_candidate,keep,"No obvious demo, test, placeholder, or restoration marker.",conservative_pattern,"Automatically extracted from course-code, year, cohort, teacher, or duplicate-instance text; review before import."
881,72,"T1GEE-EE-S1- Basic Competency","T1GEE-EE-S1- Basic Competency",unchanged,"Basic Competency",review,low,review_family,valid_candidate,keep,"No obvious demo, test, placeholder, or restoration marker.",conservative_pattern,"Automatically extracted from course-code, year, cohort, teacher, or duplicate-instance text; review before import."
880,72,"T1GEE-EE-S1- Installing and Testing Electrical in Commercial and Industrial Building","T1GEE-EE-S1- Installing and Testing Electrical in Commercial and Industrial Building",unchanged,"Installing and Testing Electrical in Commercial and Industrial Building",review,low,review_family,valid_candidate,keep,"No obvious demo, test, placeholder, or restoration marker.",conservative_pattern,"Automatically extracted from course-code, year, cohort, teacher, or duplicate-instance text; review before import."
879,72,"T1GEE-EE-S1- Installing and Testing Electrical in Residential Building","T1GEE-EE-S1- Installing and Testing Electrical in Residential Building",unchanged,"Installing and Testing Electrical in Residential Building",review,low,review_family,valid_candidate,keep,"No obvious demo, test, placeholder, or restoration marker.",conservative_pattern,"Automatically extracted from course-code, year, cohort, teacher, or duplicate-instance text; review before import."
875,72,"T1GEE-EE-S2- Maintaining Electrical Machines and Applications","T1GEE-EE-S2- Maintaining Electrical Machines and Applications",unchanged,"Maintaining Electrical Machines and Applications",review,low,review_family,valid_candidate,keep,"No obvious demo, test, placeholder, or restoration marker.",conservative_pattern,"Automatically extracted from course-code, year, cohort, teacher, or duplicate-instance text; review before import."
874,72,"T1GEE-EE-S2- Maintaining Solar Photovoltaic Systems","T1GEE-EE-S2- Maintaining Solar Photovoltaic Systems",unchanged,"Maintaining Solar Photovoltaic Systems",review,low,review_family,valid_candidate,keep,"No obvious demo, test, placeholder, or restoration marker.",conservative_pattern,"Automatically extracted from course-code, year, cohort, teacher, or duplicate-instance text; review before import."
868,72,"T1GEE-EE-S2- Programming Intelligent Building Control System","T1GEE-EE-S2- Programming Intelligent Building Control System",unchanged,"Programming Intelligent Building Control System",review,low,review_family,valid_candidate,keep,"No obvious demo, test, placeholder, or restoration marker.",conservative_pattern,"Automatically extracted from course-code, year, cohort, teacher, or duplicate-instance text; review before import."
882,72,"T1GEE-S1-GEET11INF Informatics","T1GEE-S1-GEET11INF Informatics",unchanged,Informatics,review,low,review_family,valid_candidate,keep,"No obvious demo, test, placeholder, or restoration marker.",conservative_pattern,"Automatically extracted from course-code, year, cohort, teacher, or duplicate-instance text; review before import."
422,54,"T1GRU-S1-GRUT11DTC Technical Drawing","T1GRU-S1-GRUT11DTC Technical Drawing",unchanged,"Technical Drawing",review,low,review_family,valid_candidate,keep,"No obvious demo, test, placeholder, or restoration marker.",conservative_pattern,"Automatically extracted from course-code, year, cohort, teacher, or duplicate-instance text; review before import."
1530,54,"T1GRU-S1-GRUT11ENV Environment","T1GRU-S1-GRUT11ENV Environment",unchanged,Environment,review,low,review_family,valid_candidate,keep,"No obvious demo, test, placeholder, or restoration marker.",conservative_pattern,"Automatically extracted from course-code, year, cohort, teacher, or duplicate-instance text; review before import."
431,54,"T1GRU-S1-GRUT11HYG Hydrology","T1GRU-S1-GRUT11HYG Hydrology",unchanged,Hydrology,review,low,review_family,valid_candidate,keep,"No obvious demo, test, placeholder, or restoration marker.",conservative_pattern,"Automatically extracted from course-code, year, cohort, teacher, or duplicate-instance text; review before import."
421,54,"T1GRU-S1-GRUT11HYL Hydraulics","T1GRU-S1-GRUT11HYL Hydraulics",unchanged,Hydraulics,review,low,review_family,valid_candidate,keep,"No obvious demo, test, placeholder, or restoration marker.",conservative_pattern,"Automatically extracted from course-code, year, cohort, teacher, or duplicate-instance text; review before import."
430,54,"T1GRU-S1-GRUT11INF Informatics (Office)","T1GRU-S1-GRUT11INF Informatics (Office)",unchanged,"Informatics (Office)",review,low,review_family,valid_candidate,keep,"No obvious demo, test, placeholder, or restoration marker.",conservative_pattern,"Automatically extracted from course-code, year, cohort, teacher, or duplicate-instance text; review before import."
428,54,"T1GRU-S1-GRUT11MAT Mathematics","T1GRU-S1-GRUT11MAT Mathematics",unchanged,Mathematics,review,low,review_family,valid_candidate,keep,"No obvious demo, test, placeholder, or restoration marker.",conservative_pattern,"Automatically extracted from course-code, year, cohort, teacher, or duplicate-instance text; review before import."
432,54,"T1GRU-S1-GRUT11MDC Construction Materials","T1GRU-S1-GRUT11MDC Construction Materials",unchanged,"Construction Materials",review,low,review_family,valid_candidate,keep,"No obvious demo, test, placeholder, or restoration marker.",conservative_pattern,"Automatically extracted from course-code, year, cohort, teacher, or duplicate-instance text; review before import."
427,54,"T1GRU-S1-GRUT11SDS Soil Sciences","T1GRU-S1-GRUT11SDS Soil Sciences",unchanged,"Soil Sciences",review,low,review_family,valid_candidate,keep,"No obvious demo, test, placeholder, or restoration marker.",conservative_pattern,"Automatically extracted from course-code, year, cohort, teacher, or duplicate-instance text; review before import."
1807,54,"T1GRU-S1-Introduction of water supply and sanitation","T1GRU-S1-Introduction of water supply and sanitation",unchanged,"Introduction of water supply and sanitation",review,low,review_family,valid_candidate,keep,"No obvious demo, test, placeholder, or restoration marker.",conservative_pattern,"Automatically extracted from course-code, year, cohort, teacher, or duplicate-instance text; review before import."
429,54,"T1GRU-S2-GRUT12ACB Reinforced Concrete Design and Analysis","T1GRU-S2-GRUT12ACB Reinforced Concrete Design and Analysis",unchanged,"Reinforced Concrete Design and Analysis",review,low,review_family,valid_candidate,keep,"No obvious demo, test, placeholder, or restoration marker.",conservative_pattern,"Automatically extracted from course-code, year, cohort, teacher, or duplicate-instance text; review before import."
433,54,"T1GRU-S2-GRUT12DAO Computer Aids for Designs","T1GRU-S2-GRUT12DAO Computer Aids for Designs",unchanged,"Computer Aids for Designs",review,low,review_family,valid_candidate,keep,"No obvious demo, test, placeholder, or restoration marker.",conservative_pattern,"Automatically extracted from course-code, year, cohort, teacher, or duplicate-instance text; review before import."
426,54,"T1GRU-S2-GRUT12EES Groundwater Exploitation","T1GRU-S2-GRUT12EES Groundwater Exploitation",unchanged,"Groundwater Exploitation",review,low,review_family,valid_candidate,keep,"No obvious demo, test, placeholder, or restoration marker.",conservative_pattern,"Automatically extracted from course-code, year, cohort, teacher, or duplicate-instance text; review before import."
425,54,"T1GRU-S2-GRUT12MDS Soil Mechanics","T1GRU-S2-GRUT12MDS Soil Mechanics",unchanged,"Soil Mechanics",review,low,review_family,valid_candidate,keep,"No obvious demo, test, placeholder, or restoration marker.",conservative_pattern,"Automatically extracted from course-code, year, cohort, teacher, or duplicate-instance text; review before import."
424,54,"T1GRU-S2-GRUT12PSH Hydropower Development and Pumping Stations","T1GRU-S2-GRUT12PSH Hydropower Development and Pumping Stations",unchanged,"Hydropower Development and Pumping Stations",review,low,review_family,valid_candidate,keep,"No obvious demo, test, placeholder, or restoration marker.",conservative_pattern,"Automatically extracted from course-code, year, cohort, teacher, or duplicate-instance text; review before import."
434,54,"T1GRU-S2-GRUT12SIG Geographic Information System","T1GRU-S2-GRUT12SIG Geographic Information System",unchanged,"Geographic Information System",review,low,review_family,valid_candidate,keep,"No obvious demo, test, placeholder, or restoration marker.",conservative_pattern,"Automatically extracted from course-code, year, cohort, teacher, or duplicate-instance text; review before import."
423,54,"T1GRU-S2-GRUT12TOP Surveying","T1GRU-S2-GRUT12TOP Surveying",unchanged,Surveying,review,low,review_family,valid_candidate,keep,"No obvious demo, test, placeholder, or restoration marker.",conservative_pattern,"Automatically extracted from course-code, year, cohort, teacher, or duplicate-instance text; review before import."
1263,109,"T1GTR-S1- Constructing a Digital Circuit","T1GTR-S1- Constructing a Digital Circuit",unchanged,"Constructing a Digital Circuit",review,low,review_family,valid_candidate,keep,"No obvious demo, test, placeholder, or restoration marker.",conservative_pattern,"Automatically extracted from course-code, year, cohort, teacher, or duplicate-instance text; review before import."
1262,109,"T1GTR-S1- Constructing an Analog Circuit","T1GTR-S1- Constructing an Analog Circuit",unchanged,"Constructing an Analog Circuit",review,low,review_family,valid_candidate,keep,"No obvious demo, test, placeholder, or restoration marker.",conservative_pattern,"Automatically extracted from course-code, year, cohort, teacher, or duplicate-instance text; review before import."
1264,109,"T1GTR-S1- Soft Skill","T1GTR-S1- Soft Skill",unchanged,"Soft Skill",review,low,review_family,valid_candidate,keep,"No obvious demo, test, placeholder, or restoration marker.",conservative_pattern,"Automatically extracted from course-code, year, cohort, teacher, or duplicate-instance text; review before import."
1265,109,"T1GTR-S2- Installing a Communications and Networking System","T1GTR-S2- Installing a Communications and Networking System",unchanged,"Installing a Communications and Networking System",review,low,review_family,valid_candidate,keep,"No obvious demo, test, placeholder, or restoration marker.",conservative_pattern,"Automatically extracted from course-code, year, cohort, teacher, or duplicate-instance text; review before import."
1267,109,"T1GTR-S2- Installing Sensor Devices for Network Application","T1GTR-S2- Installing Sensor Devices for Network Application",unchanged,"Installing Sensor Devices for Network Application",review,low,review_family,valid_candidate,keep,"No obvious demo, test, placeholder, or restoration marker.",conservative_pattern,"Automatically extracted from course-code, year, cohort, teacher, or duplicate-instance text; review before import."
1266,109,"T1GTR-S2- Performing Microcontroller Programming","T1GTR-S2- Performing Microcontroller Programming",unchanged,"Performing Microcontroller Programming",review,low,review_family,valid_candidate,keep,"No obvious demo, test, placeholder, or restoration marker.",conservative_pattern,"Automatically extracted from course-code, year, cohort, teacher, or duplicate-instance text; review before import."
613,95,"T1IM-S1-T1IMIT-Supervise application of basic computer software such as Ms Office and e-mail","T1IM-S1-T1IMIT-Supervise application of basic computer software such as Ms Office and e-mail",unchanged,"Supervise application of basic computer software such as Ms Office and e-mail",review,low,review_family,valid_candidate,keep,"No obvious demo, test, placeholder, or restoration marker.",conservative_pattern,"Automatically extracted from course-code, year, cohort, teacher, or duplicate-instance text; review before import."
612,95,"T1IM-S1-T1IML-Perform lathe operation","T1IM-S1-T1IML-Perform lathe operation",unchanged,"Perform lathe operation",review,low,review_family,valid_candidate,keep,"No obvious demo, test, placeholder, or restoration marker.",conservative_pattern,"Automatically extracted from course-code, year, cohort, teacher, or duplicate-instance text; review before import."
1165,95,"T1IM-S1-T1IMMATHS-Apply mathematical calculations for machining manufacturing ","T1IM-S1-T1IMMATHS-Apply mathematical calculations for machining manufacturing",approved,"Apply mathematical calculations for machining manufacturing",review,low,review_family,valid_candidate,keep,"No obvious demo, test, placeholder, or restoration marker.",conservative_pattern,"Normalized outer, repeated, or non-breaking whitespace. Automatically extracted from course-code, year, cohort, teacher, or duplicate-instance text; review before import."
617,95,"T1IM-S1-T1IMTDIT-Perform technical drawing and inspection techniques","T1IM-S1-T1IMTDIT-Perform technical drawing and inspection techniques",unchanged,"Perform technical drawing and inspection techniques",review,low,review_family,valid_candidate,keep,"No obvious demo, test, placeholder, or restoration marker.",conservative_pattern,"Automatically extracted from course-code, year, cohort, teacher, or duplicate-instance text; review before import."
614,95,"T1IM-S2-T1IMCADCAM-Perform 3D CAD/CAM application","T1IM-S2-T1IMCADCAM-Perform 3D CAD/CAM application",unchanged,"Perform 3D CAD/CAM application",review,low,review_family,valid_candidate,keep,"No obvious demo, test, placeholder, or restoration marker.",conservative_pattern,"Automatically extracted from course-code, year, cohort, teacher, or duplicate-instance text; review before import."
618,95,"T1IM-S2-T1IMG-Perform grinding operation","T1IM-S2-T1IMG-Perform grinding operation",unchanged,"Perform grinding operation",review,low,review_family,valid_candidate,keep,"No obvious demo, test, placeholder, or restoration marker.",conservative_pattern,"Automatically extracted from course-code, year, cohort, teacher, or duplicate-instance text; review before import."
1173,95,"T1IM-S2-T1IMM-Perform milling operation","T1IM-S2-T1IMM-Perform milling operation",unchanged,"Perform milling operation",review,low,review_family,valid_candidate,keep,"No obvious demo, test, placeholder, or restoration marker.",conservative_pattern,"Automatically extracted from course-code, year, cohort, teacher, or duplicate-instance text; review before import."
1166,95,"T1MSB-S1-T1MSBCAD-Perform CAD operation for mechanical systems in building","T1MSB-S1-T1MSBCAD-Perform CAD operation for mechanical systems in building",unchanged,"Perform CAD operation for mechanical systems in building",review,low,review_family,valid_candidate,keep,"No obvious demo, test, placeholder, or restoration marker.",conservative_pattern,"Automatically extracted from course-code, year, cohort, teacher, or duplicate-instance text; review before import."
1168,95,"T1MSB-S1-T1MSBLS-Apply communication and team building skills in workplace","T1MSB-S1-T1MSBLS-Apply communication and team building skills in workplace",unchanged,"Apply communication and team building skills in workplace",review,low,review_family,valid_candidate,keep,"No obvious demo, test, placeholder, or restoration marker.",conservative_pattern,"Automatically extracted from course-code, year, cohort, teacher, or duplicate-instance text; review before import."
1171,95,"T1MSB-S1-T1MSBMATHS-Apply mathematical calculations for​ insallation of Mechanical System in Building ","T1MSB-S1-T1MSBMATHS-Apply mathematical calculations for​ insallation of Mechanical System in Building",approved,"Apply mathematical calculations for​ insallation of Mechanical System in Building",review,low,review_family,valid_candidate,keep,"No obvious demo, test, placeholder, or restoration marker.",conservative_pattern,"Normalized outer, repeated, or non-breaking whitespace. Automatically extracted from course-code, year, cohort, teacher, or duplicate-instance text; review before import."
1169,95,"T1MSB-S1-T1MSBOHS-Supervise OHS work issues in a construction site","T1MSB-S1-T1MSBOHS-Supervise OHS work issues in a construction site",unchanged,"Supervise OHS work issues in a construction site",review,low,review_family,valid_candidate,keep,"No obvious demo, test, placeholder, or restoration marker.",conservative_pattern,"Automatically extracted from course-code, year, cohort, teacher, or duplicate-instance text; review before import."
1167,95,"T1MSB-S1-T1MSBTD-Supervise interpretations of technical drawings","T1MSB-S1-T1MSBTD-Supervise interpretations of technical drawings",unchanged,"Supervise interpretations of technical drawings",review,low,review_family,valid_candidate,keep,"No obvious demo, test, placeholder, or restoration marker.",conservative_pattern,"Automatically extracted from course-code, year, cohort, teacher, or duplicate-instance text; review before import."
611,95,"T1MSB-S2-T1MSBITCCS-Perform installation, testing, and commissioning of cooling system","T1MSB-S2-T1MSBITCCS-Perform installation, testing, and commissioning of cooling system",unchanged,"Perform installation, testing, and commissioning of cooling system",review,low,review_family,valid_candidate,keep,"No obvious demo, test, placeholder, or restoration marker.",conservative_pattern,"Automatically extracted from course-code, year, cohort, teacher, or duplicate-instance text; review before import."
609,95,"T1MSB-S2-T1MSBITCEMSB-Perform installation, testing, and commissioning of electricity for mechanical system in building","T1MSB-S2-T1MSBITCEMSB-Perform installation, testing, and commissioning of electricity for mechanical system in building",unchanged,"Perform installation, testing, and commissioning of electricity for mechanical system in building",review,low,review_family,valid_candidate,keep,"No obvious demo, test, placeholder, or restoration marker.",conservative_pattern,"Automatically extracted from course-code, year, cohort, teacher, or duplicate-instance text; review before import."
1241,95,"T1MSB-S2-T1MSBSCR-Perform site coordination and reporting ","T1MSB-S2-T1MSBSCR-Perform site coordination and reporting",approved,"Perform site coordination and reporting",review,low,review_family,valid_candidate,keep,"No obvious demo, test, placeholder, or restoration marker.",conservative_pattern,"Normalized outer, repeated, or non-breaking whitespace. Automatically extracted from course-code, year, cohort, teacher, or duplicate-instance text; review before import."
1240,95,"T1MSB-S2-T1MSBTS-Perform technical sales of engineering products","T1MSB-S2-T1MSBTS-Perform technical sales of engineering products",unchanged,"Perform technical sales of engineering products",review,low,review_family,valid_candidate,keep,"No obvious demo, test, placeholder, or restoration marker.",conservative_pattern,"Automatically extracted from course-code, year, cohort, teacher, or duplicate-instance text; review before import."
519,60,"T2GCA-S1- Biotechnology","T2GCA-S1- Biotechnology",unchanged,Biotechnology,review,low,review_family,valid_candidate,keep,"No obvious demo, test, placeholder, or restoration marker.",conservative_pattern,"Automatically extracted from course-code, year, cohort, teacher, or duplicate-instance text; review before import."
523,60,"T2GCA-S1- Food Microbiology","T2GCA-S1- Food Microbiology",unchanged,"Food Microbiology",review,low,review_family,valid_candidate,keep,"No obvious demo, test, placeholder, or restoration marker.",conservative_pattern,"Automatically extracted from course-code, year, cohort, teacher, or duplicate-instance text; review before import."
524,60,"T2GCA-S1- Food Processing","T2GCA-S1- Food Processing",unchanged,"Food Processing",review,low,review_family,valid_candidate,keep,"No obvious demo, test, placeholder, or restoration marker.",conservative_pattern,"Automatically extracted from course-code, year, cohort, teacher, or duplicate-instance text; review before import."
526,60,"T2GCA-S1- Food Safety","T2GCA-S1- Food Safety",unchanged,"Food Safety",review,low,review_family,valid_candidate,keep,"No obvious demo, test, placeholder, or restoration marker.",conservative_pattern,"Automatically extracted from course-code, year, cohort, teacher, or duplicate-instance text; review before import."
525,60,"T2GCA-S1- Quality Assurance","T2GCA-S1- Quality Assurance",unchanged,"Quality Assurance",review,low,review_family,valid_candidate,keep,"No obvious demo, test, placeholder, or restoration marker.",conservative_pattern,"Automatically extracted from course-code, year, cohort, teacher, or duplicate-instance text; review before import."
777,68,"T2GCI-S1-GCIT21PMQ Project Management and Elementary Quantities","T2GCI-S1-GCIT21PMQ Project Management and Elementary Quantities",unchanged,"Project Management and Elementary Quantities",review,low,review_family,valid_candidate,keep,"No obvious demo, test, placeholder, or restoration marker.",conservative_pattern,"Automatically extracted from course-code, year, cohort, teacher, or duplicate-instance text; review before import."
775,68,"T2GCI-S1-GCIT21SFR Internship Report","T2GCI-S1-GCIT21SFR Internship Report",unchanged,"Internship Report",review,low,review_family,valid_candidate,keep,"No obvious demo, test, placeholder, or restoration marker.",conservative_pattern,"Automatically extracted from course-code, year, cohort, teacher, or duplicate-instance text; review before import."
776,68,"T2GCI-S1-GCIT21SSD Steel Structure Detailing and Design","T2GCI-S1-GCIT21SSD Steel Structure Detailing and Design",unchanged,"Steel Structure Detailing and Design",review,low,review_family,valid_candidate,keep,"No obvious demo, test, placeholder, or restoration marker.",conservative_pattern,"Automatically extracted from course-code, year, cohort, teacher, or duplicate-instance text; review before import."
772,68,"T2GCI-S2-GCIT22SST Final Year Internship","T2GCI-S2-GCIT22SST Final Year Internship",unchanged,"Final Year Internship",review,low,review_family,valid_candidate,keep,"No obvious demo, test, placeholder, or restoration marker.",conservative_pattern,"Automatically extracted from course-code, year, cohort, teacher, or duplicate-instance text; review before import."
891,73,"T2GEE-EA-S1- Automation & Basic Robotics","T2GEE-EA-S1- Automation & Basic Robotics",unchanged,"Automation & Basic Robotics",review,low,review_family,valid_candidate,keep,"No obvious demo, test, placeholder, or restoration marker.",conservative_pattern,"Automatically extracted from course-code, year, cohort, teacher, or duplicate-instance text; review before import."
890,73,"T2GEE-EA-S1- Hydraulics","T2GEE-EA-S1- Hydraulics",unchanged,Hydraulics,review,low,review_family,valid_candidate,keep,"No obvious demo, test, placeholder, or restoration marker.",conservative_pattern,"Automatically extracted from course-code, year, cohort, teacher, or duplicate-instance text; review before import."
889,73,"T2GEE-EA-S1- Pneumatics","T2GEE-EA-S1- Pneumatics",unchanged,Pneumatics,review,low,review_family,valid_candidate,keep,"No obvious demo, test, placeholder, or restoration marker.",conservative_pattern,"Automatically extracted from course-code, year, cohort, teacher, or duplicate-instance text; review before import."
892,73,"T2GEE-EE-S1- Maintaining Electrical Auxiliary Systems","T2GEE-EE-S1- Maintaining Electrical Auxiliary Systems",unchanged,"Maintaining Electrical Auxiliary Systems",review,low,review_family,valid_candidate,keep,"No obvious demo, test, placeholder, or restoration marker.",conservative_pattern,"Automatically extracted from course-code, year, cohort, teacher, or duplicate-instance text; review before import."
893,73,"T2GEE-EE-S1- Maintaining Power System and Switchboards","T2GEE-EE-S1- Maintaining Power System and Switchboards",unchanged,"Maintaining Power System and Switchboards",review,low,review_family,valid_candidate,keep,"No obvious demo, test, placeholder, or restoration marker.",conservative_pattern,"Automatically extracted from course-code, year, cohort, teacher, or duplicate-instance text; review before import."
622,96,"T2GIM-S1-GIMT21SMS Systems of mechanical welding","T2GIM-S1-GIMT21SMS Systems of mechanical welding",unchanged,"Systems of mechanical welding",review,low,review_family,valid_candidate,keep,"No obvious demo, test, placeholder, or restoration marker.",conservative_pattern,"Automatically extracted from course-code, year, cohort, teacher, or duplicate-instance text; review before import."
444,55,"T2GRU-S1-GRUT12SDE Internship Report","T2GRU-S1-GRUT12SDE Internship Report",unchanged,"Internship Report",review,low,review_family,valid_candidate,keep,"No obvious demo, test, placeholder, or restoration marker.",conservative_pattern,"Automatically extracted from course-code, year, cohort, teacher, or duplicate-instance text; review before import."
436,55,"T2GRU-S1-GRUT21AEU Wastewater Drainage System","T2GRU-S1-GRUT21AEU Wastewater Drainage System",unchanged,"Wastewater Drainage System",review,low,review_family,valid_candidate,keep,"No obvious demo, test, placeholder, or restoration marker.",conservative_pattern,"Automatically extracted from course-code, year, cohort, teacher, or duplicate-instance text; review before import."
442,55,"T2GRU-S1-GRUT21CRR Rural Road Construction","T2GRU-S1-GRUT21CRR Rural Road Construction",unchanged,"Rural Road Construction",review,low,review_family,valid_candidate,keep,"No obvious demo, test, placeholder, or restoration marker.",conservative_pattern,"Automatically extracted from course-code, year, cohort, teacher, or duplicate-instance text; review before import."
440,55,"T2GRU-S1-GRUT21EDC Site Engines","T2GRU-S1-GRUT21EDC Site Engines",unchanged,"Site Engines",review,low,review_family,valid_candidate,keep,"No obvious demo, test, placeholder, or restoration marker.",conservative_pattern,"Automatically extracted from course-code, year, cohort, teacher, or duplicate-instance text; review before import."
441,55,"T2GRU-S1-GRUT21INS Plumbing","T2GRU-S1-GRUT21INS Plumbing",unchanged,Plumbing,review,low,review_family,valid_candidate,keep,"No obvious demo, test, placeholder, or restoration marker.",conservative_pattern,"Automatically extracted from course-code, year, cohort, teacher, or duplicate-instance text; review before import."
435,55,"T2GRU-S1-GRUT21IRD Irrigation-Drainage","T2GRU-S1-GRUT21IRD Irrigation-Drainage",unchanged,Irrigation-Drainage,review,low,review_family,valid_candidate,keep,"No obvious demo, test, placeholder, or restoration marker.",conservative_pattern,"Automatically extracted from course-code, year, cohort, teacher, or duplicate-instance text; review before import."
439,55,"T2GRU-S1-GRUT21OET Earth Dam","T2GRU-S1-GRUT21OET Earth Dam",unchanged,"Earth Dam",review,low,review_family,valid_candidate,keep,"No obvious demo, test, placeholder, or restoration marker.",conservative_pattern,"Automatically extracted from course-code, year, cohort, teacher, or duplicate-instance text; review before import."
443,55,"T2GRU-S1-GRUT21PMD Planification, Contract and Cost Estimation","T2GRU-S1-GRUT21PMD Planification, Contract and Cost Estimation",unchanged,"Planification, Contract and Cost Estimation",review,low,review_family,valid_candidate,keep,"No obvious demo, test, placeholder, or restoration marker.",conservative_pattern,"Automatically extracted from course-code, year, cohort, teacher, or duplicate-instance text; review before import."
438,55,"T2GRU-S1-GRUT21REP Water Supply System","T2GRU-S1-GRUT21REP Water Supply System",unchanged,"Water Supply System",review,low,review_family,valid_candidate,keep,"No obvious demo, test, placeholder, or restoration marker.",conservative_pattern,"Automatically extracted from course-code, year, cohort, teacher, or duplicate-instance text; review before import."
437,55,"T2GRU-S1-GRUT21SDT Site Safety ","T2GRU-S1-GRUT21SDT Site Safety",approved,"Site Safety",review,low,review_family,valid_candidate,keep,"No obvious demo, test, placeholder, or restoration marker.",conservative_pattern,"Normalized outer, repeated, or non-breaking whitespace. Automatically extracted from course-code, year, cohort, teacher, or duplicate-instance text; review before import."
446,55,"T2GRU-S1-GRUT21SHY Hydraulic Structures","T2GRU-S1-GRUT21SHY Hydraulic Structures",unchanged,"Hydraulic Structures",review,low,review_family,valid_candidate,keep,"No obvious demo, test, placeholder, or restoration marker.",conservative_pattern,"Automatically extracted from course-code, year, cohort, teacher, or duplicate-instance text; review before import."
445,55,"T2GRU-S2-GRUT22SDF Final Year Internship","T2GRU-S2-GRUT22SDF Final Year Internship",unchanged,"Final Year Internship",review,low,review_family,valid_candidate,keep,"No obvious demo, test, placeholder, or restoration marker.",conservative_pattern,"Automatically extracted from course-code, year, cohort, teacher, or duplicate-instance text; review before import."
1269,110,"T2GTR-S1- Installing a Video Surveillance","T2GTR-S1- Installing a Video Surveillance",unchanged,"Installing a Video Surveillance",review,low,review_family,valid_candidate,keep,"No obvious demo, test, placeholder, or restoration marker.",conservative_pattern,"Automatically extracted from course-code, year, cohort, teacher, or duplicate-instance text; review before import."
1268,110,"T2GTR-S1- Installing and Maintaining an Intrusion and Access Control System","T2GTR-S1- Installing and Maintaining an Intrusion and Access Control System",unchanged,"Installing and Maintaining an Intrusion and Access Control System",review,low,review_family,valid_candidate,keep,"No obvious demo, test, placeholder, or restoration marker.",conservative_pattern,"Automatically extracted from course-code, year, cohort, teacher, or duplicate-instance text; review before import."
627,96,"T2IM-S1-T2IMCNCL-Perform CNC lathe programming and operation","T2IM-S1-T2IMCNCL-Perform CNC lathe programming and operation",unchanged,"Perform CNC lathe programming and operation",review,low,review_family,valid_candidate,keep,"No obvious demo, test, placeholder, or restoration marker.",conservative_pattern,"Automatically extracted from course-code, year, cohort, teacher, or duplicate-instance text; review before import."
626,96,"T2IM-S1-T2IMCNCM-Perform CNC milling programming and operation","T2IM-S1-T2IMCNCM-Perform CNC milling programming and operation",unchanged,"Perform CNC milling programming and operation",review,low,review_family,valid_candidate,keep,"No obvious demo, test, placeholder, or restoration marker.",conservative_pattern,"Automatically extracted from course-code, year, cohort, teacher, or duplicate-instance text; review before import."
629,96,"T2IM-S1-T2IMLS-Apply communication and team building skills in workplace ","T2IM-S1-T2IMLS-Apply communication and team building skills in workplace",approved,"Apply communication and team building skills in workplace",review,low,review_family,valid_candidate,keep,"No obvious demo, test, placeholder, or restoration marker.",conservative_pattern,"Normalized outer, repeated, or non-breaking whitespace. Automatically extracted from course-code, year, cohort, teacher, or duplicate-instance text; review before import."
628,96,"T2IM-S1-T2IMOHS-Supervise OHS work issues in a manufacturing plant ","T2IM-S1-T2IMOHS-Supervise OHS work issues in a manufacturing plant",approved,"Supervise OHS work issues in a manufacturing plant",review,low,review_family,valid_candidate,keep,"No obvious demo, test, placeholder, or restoration marker.",conservative_pattern,"Normalized outer, repeated, or non-breaking whitespace. Automatically extracted from course-code, year, cohort, teacher, or duplicate-instance text; review before import."
621,96,"T2MSB-S1-T2MSBITCPFFS-Perform installation, testing, and commissioning of plumbing and fire fighting system","T2MSB-S1-T2MSBITCPFFS-Perform installation, testing, and commissioning of plumbing and fire fighting system",unchanged,"Perform installation, testing, and commissioning of plumbing and fire fighting system",review,low,review_family,valid_candidate,keep,"No obvious demo, test, placeholder, or restoration marker.",conservative_pattern,"Automatically extracted from course-code, year, cohort, teacher, or duplicate-instance text; review before import."
620,96,"T2MSB-S1-T2MSBMMSB-Perform after-sale service of mechanical system in building","T2MSB-S1-T2MSBMMSB-Perform after-sale service of mechanical system in building",unchanged,"Perform after-sale service of mechanical system in building",review,low,review_family,valid_candidate,keep,"No obvious demo, test, placeholder, or restoration marker.",conservative_pattern,"Automatically extracted from course-code, year, cohort, teacher, or duplicate-instance text; review before import."
1645,6,TaTa,TaTa,unchanged,,none,,unchanged,non_production,exclude_from_analytics,"Placeholder-like name and shortname with negligible usage.",none,
51,10,TC-Physic,TC-Physic,unchanged,,none,,unchanged,valid_candidate,keep,"No obvious demo, test, placeholder, or restoration marker.",none,
1623,239,"Technical Drawing II","Technical Drawing II",unchanged,,none,,unchanged,valid_candidate,keep,"No obvious demo, test, placeholder, or restoration marker.",none,
1764,346,Test,Test,unchanged,,none,,unchanged,non_production,exclude_from_analytics,"Name is only a test/testing placeholder.",none,
1683,384,"test course","test course",unchanged,,none,,unchanged,non_production,exclude_from_analytics,"Name explicitly indicates a test course.",none,
1656,168,"Test Course LMS","Test Course LMS",unchanged,,none,,unchanged,non_production,exclude_from_analytics,"Name explicitly indicates a test course.",none,
1654,170,"Test course practice SRU","Test course practice SRU",unchanged,,none,,unchanged,non_production,exclude_from_analytics,"Name explicitly indicates a test course.",none,
183,44,"TEST Math","TEST Math",unchanged,,none,,unchanged,non_production,exclude_from_analytics,"Name explicitly indicates a test mathematics placeholder.",none,
1688,384,test1,test1,unchanged,,none,,unchanged,non_production,exclude_from_analytics,"Explicit test token in a temporary category.",none,
2097,384,TEST123,TEST123,unchanged,,none,,unchanged,non_production,exclude_from_analytics,"Placeholder test name.",none,
181,6,testcreate,testcreate,unchanged,,none,,unchanged,non_production,exclude_from_analytics,"Temporary course-creation test.",none,
404,53,Testing,Testing,unchanged,,none,,unchanged,non_production,exclude_from_analytics,"Name is only a test/testing placeholder.",none,
134,33,"Testing Course","Testing Course",unchanged,,none,,unchanged,non_production,exclude_from_analytics,"Name explicitly indicates a testing placeholder.",none,
1721,6,"Testing Course-GIC","Testing Course-GIC",unchanged,,none,,unchanged,non_production,exclude_from_analytics,"Name explicitly indicates a testing placeholder.",none,
102,17,"testing GCI","testing GCI",unchanged,,none,,unchanged,non_production,exclude_from_analytics,"Name explicitly indicates a testing placeholder.",none,
2054,214,Testing2025,Testing2025,unchanged,,none,,unchanged,non_production,exclude_from_analytics,"Explicit testing token with negligible usage.",none,
1747,334,"Total Quality Management (Houy Sam Ath)","Total Quality Management (Houy Sam Ath)",unchanged,"Total Quality Management",review,low,review_family,valid_candidate,keep,"No obvious demo, test, placeholder, or restoration marker.",conservative_pattern,"Automatically extracted from course-code, year, cohort, teacher, or duplicate-instance text; review before import."
1783,334,"Total Quality Management (SAM Sotharoth)","Total Quality Management (SAM Sotharoth)",unchanged,"Total Quality Management",review,low,review_family,valid_candidate,keep,"No obvious demo, test, placeholder, or restoration marker.",conservative_pattern,"Automatically extracted from course-code, year, cohort, teacher, or duplicate-instance text; review before import."
55,22,"TP Database","TP Database",unchanged,,none,,unchanged,valid_candidate,keep,"No obvious demo, test, placeholder, or restoration marker.",none,
1155,10,"TP Informatique G16 (2023)","TP Informatique G16 (2023)",unchanged,,none,,unchanged,valid_candidate,keep,"No obvious demo, test, placeholder, or restoration marker.",none,
1156,10,"TP Informatique G37 (2023)","TP Informatique G37 (2023)",unchanged,,none,,unchanged,valid_candidate,keep,"No obvious demo, test, placeholder, or restoration marker.",none,
1160,10,TP-Informatique-I1-19-2023,TP-Informatique-I1-19-2023,unchanged,,none,,unchanged,valid_candidate,keep,"No obvious demo, test, placeholder, or restoration marker.",none,
1161,10,TP-Informatique-I1-23-2023,TP-Informatique-I1-23-2023,unchanged,,none,,unchanged,valid_candidate,keep,"No obvious demo, test, placeholder, or restoration marker.",none,
1162,10,TP-Informatique-I1-25-2023,TP-Informatique-I1-25-2023,unchanged,,none,,unchanged,valid_candidate,keep,"No obvious demo, test, placeholder, or restoration marker.",none,
174,10,TP-Informatique-I1-32-2024,TP-Informatique-I1-32-2024,unchanged,,none,,unchanged,valid_candidate,keep,"No obvious demo, test, placeholder, or restoration marker.",none,
175,10,TP-Informatique-I1-33-2024,TP-Informatique-I1-33-2024,unchanged,,none,,unchanged,valid_candidate,keep,"No obvious demo, test, placeholder, or restoration marker.",none,
50,6,TP-Mathlab-20_21,TP-Mathlab-20_21,unchanged,,none,,unchanged,valid_candidate,keep,"No obvious demo, test, placeholder, or restoration marker.",none,
166,38,"Training tools for T&L -AUF","Training tools for T&L -AUF",unchanged,,none,,unchanged,valid_candidate,keep,"No obvious demo, test, placeholder, or restoration marker.",none,
1653,6,TT2024,TT2024,unchanged,,none,,unchanged,non_production,exclude_from_analytics,"Placeholder-like token with negligible usage.",none,
1680,297,"Use of ICT for Teaching and learning I","Use of ICT for Teaching and learning I",unchanged,,none,,unchanged,valid_candidate,keep,"No obvious demo, test, placeholder, or restoration marker.",none,
1678,286,"Using of ICT for Teaching and Learning II-BTEC","Using of ICT for Teaching and Learning II-BTEC",unchanged,,none,,unchanged,valid_candidate,keep,"No obvious demo, test, placeholder, or restoration marker.",none,
1603,365,"Veterinary Communication and Culture","Veterinary Communication and Culture",unchanged,,none,,unchanged,valid_candidate,keep,"No obvious demo, test, placeholder, or restoration marker.",none,
1615,369,"Veterinary General Pathology","Veterinary General Pathology",unchanged,,none,,unchanged,valid_candidate,keep,"No obvious demo, test, placeholder, or restoration marker.",none,
1587,366,"Veterinary Public Health","Veterinary Public Health",unchanged,,none,,unchanged,valid_candidate,keep,"No obvious demo, test, placeholder, or restoration marker.",none,
73,23,Vibration,Vibration,unchanged,,none,,unchanged,valid_candidate,keep,"No obvious demo, test, placeholder, or restoration marker.",none,
1602,208,"Videoagriculture penyuluhan agricultural extension farmer information","Videoagriculture penyuluhan agricultural extension farmer information",unchanged,,none,,unchanged,valid_candidate,keep,"No obvious demo, test, placeholder, or restoration marker.",none,
2065,376,"Web Design 1","Web Design 1",unchanged,,none,,unchanged,valid_candidate,keep,"No obvious demo, test, placeholder, or restoration marker.",none,
2069,377,"Web Design 2","Web Design 2",unchanged,,none,,unchanged,valid_candidate,keep,"No obvious demo, test, placeholder, or restoration marker.",none,
1626,376,"Web Design I","Web Design I",unchanged,,none,,unchanged,valid_candidate,keep,"No obvious demo, test, placeholder, or restoration marker.",none,
1704,377,"Web Design II","Web Design II",unchanged,,none,,unchanged,valid_candidate,keep,"No obvious demo, test, placeholder, or restoration marker.",none,
2082,379,"Web Development 1","Web Development 1",unchanged,,none,,unchanged,valid_candidate,keep,"No obvious demo, test, placeholder, or restoration marker.",none,
2086,381,"Web Development 2","Web Development 2",unchanged,,none,,unchanged,valid_candidate,keep,"No obvious demo, test, placeholder, or restoration marker.",none,
1676,286,"ការប្រើប្រាស់បច្ចេកវិទ្យាសម្រាប់ការបង្រៀន និងរៀន ១","ការប្រើប្រាស់បច្ចេកវិទ្យាសម្រាប់ការបង្រៀន និងរៀន ១",unchanged,,none,,unchanged,valid_candidate,keep,"No obvious demo, test, placeholder, or restoration marker.",none,
1803,236,"ការប្រើប្រាស់ប្រព័ន្ធគ្រប់គ្រងការបង្រៀនអនឡាញ របស់បណ្តាញសាកលវិទ្យាល័យសាយប័រកម្ពុជា (CCUN)","ការប្រើប្រាស់ប្រព័ន្ធគ្រប់គ្រងការបង្រៀនអនឡាញ របស់បណ្តាញសាកលវិទ្យាល័យសាយប័រកម្ពុជា (CCUN)",unchanged,,none,,unchanged,valid_candidate,keep,"No obvious demo, test, placeholder, or restoration marker.",none,
2057,184,"គោរពទង់ជាតិ និងរៀនក្លឹប","គោរពទង់ជាតិ និងរៀនក្លឹប",unchanged,,none,,unchanged,valid_candidate,keep,"No obvious demo, test, placeholder, or restoration marker.",none,
2108,184,ប្រជុំ,ប្រជុំ,unchanged,,none,,unchanged,valid_candidate,keep,"No obvious demo, test, placeholder, or restoration marker.",none,
1671,282,"ព័ត៌មានវិទ្យាក្នុងកិច្ចការរដ្ឋបាល (វគ្គ ១ ក្រុមទី១)","ព័ត៌មានវិទ្យាក្នុងកិច្ចការរដ្ឋបាល (វគ្គ ១ ក្រុមទី១)",unchanged,,none,,unchanged,valid_candidate,keep,"No obvious demo, test, placeholder, or restoration marker.",none,
1667,236,"ព័ត៌មានវិទ្យាក្នុងកិច្ចការរដ្ឋបាល (វគ្គ ១ ក្រុមទី១)_","ព័ត៌មានវិទ្យាក្នុងកិច្ចការរដ្ឋបាល (វគ្គ ១ ក្រុមទី១)_",unchanged,"ព័ត៌មានវិទ្យាក្នុងកិច្ចការរដ្ឋបាល (វគ្គ ១ ក្រុមទី១)",review,low,review_family,valid_candidate,keep,"No obvious demo, test, placeholder, or restoration marker.",conservative_pattern,"Automatically extracted from course-code, year, cohort, teacher, or duplicate-instance text; review before import."
